"","women_prob","year","country","area","health_exp","health_exp_lead1","health_exp_lead2","democ_index","urban_pop","labour_fem","life_exp","gdp_pcap","log_gdp_pcap"
"1",5.16129032258065,2000,"ALB","Albania",8.17372704,8.42368317,8.20897484,6,41.741,42.6356193866904,74.826,1160.42047054038,7.05653769302614
"2",3.42105263157895,2000,"DZA","Algeria",8.77923775,9.26661205,7.97343826,1,59.919,13.2003753955994,70.576,1772.92869122761,7.48038808599163
"3",15.4545454545455,2000,"AGO","Angola",2.73858261,5.96825457,4.19123077,0,50.087,50.3998512836396,46.501,563.733795571487,6.33458214640641
"4",26.4591439688716,2000,"ARG","Argentina",17.81966209,17.37289238,18.4574852,8,89.142,41.7307063921042,73.91,7637.01489203628,8.94076208487159
"5",3.05343511450382,2000,"ARM","Armenia",3.86989212,5.66264772,5.3255291,6,64.666,49.1051622606843,72.8804878048781,593.450581742282,6.3859539447738
"6",22.972972972973,2000,"AUS","Australia",14.60132885,14.70855331,15.51416302,10,84.235,43.8381663556757,79.2341463414634,21870.4159669594,9.99289013346979
"7",26.775956284153,2000,"AUT","Austria",13.37524414,13.2925787,13.5137291,10,60.213,43.7913668749812,78.1268292682927,24487.2974685956,10.1059097914109
"8",9.09090909090909,2000,"BGD","Bangladesh",5.21146441,3.57855344,4.5399313,6,23.59,24.1640675285096,62.049,396.670730249751,5.9831065417121
"9",23.3333333333333,2000,"BEL","Belgium",12.06895447,12.43329906,12.28861809,10,97.129,43.0722518869631,77.7219512195122,23098.8865077401,10.0475396922199
"10",6.02409638554217,2000,"BEN","Benin",7.29948664,7.99414682,6.34654379,6,38.333,45.678022631846,56.594,487.424141384242,6.18913467091287
"11",9.33333333333333,2000,"BTN","Bhutan",7.66199493,6.54652882,7.87970304,0,25.418,40.0315033262197,61.842,771.924911410619,6.64888728028208
"12",11.5384615384615,2000,"BOL","Bolivia",8.29598331,8.18012047,7.8159523,9,61.787,41.7373974321484,62.057,975.777060358751,6.88323413855729
"13",17.0212765957447,2000,"BWA","Botswana",8.17829704,8.17829704,8.17829704,8,53.219,43.7810197767071,52.263,3450.81180622992,8.14636478849885
"14",5.65302144249513,2000,"BRA","Brazil",9.67673969,8.48902321,7.99419022,8,81.192,40.0258817808456,69.584,3766.54811466032,8.23391424155302
"15",10.8333333333333,2000,"BGR","Bulgaria",8.07666683,9.46551609,10.74446106,8,68.899,45.9018046379072,71.6634146341463,1621.26210738992,7.39096020353795
"16",8.10810810810811,2000,"BFA","Burkina Faso",4.84836864,4.94217682,5.43493128,0,17.844,46.1871763902916,50.808,248.908526921752,5.51708546721081
"17",14.4067796610169,2000,"BDI","Burundi",5.94454002,6.66263866,6.37957811,1,8.246,51.9528381261891,47.617,134.537861752389,4.90184565944596
"18",11.1111111111111,2000,"CPV","Cabo Verde",7.50158787,11.17305183,9.50427818,8,53.435,39.7556898379721,68.117,1189.51479345891,7.08130076636925
"19",7.37704918032787,2000,"KHM","Cambodia",8.59173584,7.83031797,8.29783154,3,18.586,52.2008957022615,59.491,296.426687526334,5.69179992825644
"20",5.55555555555556,2000,"CMR","Cameroon",4.42626905,5.34374762,6.43298531,0,45.542,48.2746358415476,53.338,708.565731625965,6.56324283058734
"21",7.3394495412844,2000,"CAF","Central African Republic",10.02161694,10.72575855,8.60808086,5,37.639,45.1043790716787,46.609,239.154133726071,5.47710825505353
"22",2.4,2000,"TCD","Chad",11.39879036,11.86877823,11.72442722,1,21.637,44.6612376174362,47.937,163.121663683369,5.09449632535205
"23",10.8333333333333,2000,"CHL","Chile",10.95628929,11.13347244,11.66363049,9,86.073,34.2107714810822,77.128,5052.99245766325,8.52773591264549
"24",21.7828418230563,2000,"CHN","China",6.08984089,5.58924198,6.02580309,0,35.877,45.3248415708296,72.288,969.199513696287,6.87647048718439
"25",11.8012422360248,2000,"COL","Colombia",14.88161659,15.37750435,14.86478043,7,73.957,40.213644539426,70.905,2555.00751039968,7.84581044212455
"26",12,2000,"COG","Congo, Rep.",2.27290344,3.31901908,1.3442719,0,58.695,49.2692086408725,55.371,1024.30159109181,6.93176628478679
"27",19.2982456140351,2000,"CRI","Costa Rica",25.26477432,24.56128693,24.75807571,10,59.052,33.4861052309866,77.317,3812.75388284924,8.24610701092126
"28",20.5298013245033,2000,"HRV","Croatia",11.92357922,11.64404964,9.9538641,8,53.428,44.358787752236,72.8078048780488,4953.65158789022,8.50788027812315
"29",27.6206322795341,2000,"CUB","Cuba",10.80231476,11.39179516,11.1904707,0,75.323,34.213718631436,75.922,2751.3817714814,7.91985852682555
"30",7.14285714285714,2000,"CYP","Cyprus",6.33171606,6.3294282,6.7445941,10,68.648,40.3625067761955,77.9,14388.3525390625,9.57417430681326
"31",15,2000,"CZE","Czechia",12.38046741,11.83805084,12.18289185,10,73.988,44.2972699032443,74.9682926829268,6062.92152842793,8.70994706329095
"32",37.4301675977654,2000,"DNK","Denmark",12.78373718,13.33597374,13.70535088,10,85.1,46.5587300611053,76.5926829268293,30722.0251837567,10.3327351090391
"33",0,2000,"DJI","Djibouti",6.07547617,5.96840477,5.49563599,3,76.532,24.6184076183627,56.734,737.612183644052,6.60341819006157
"34",16.1073825503356,2000,"DOM","Dominican Republic",12.13758659,11.43885326,10.19451523,8,61.753,34.212527001563,70.365,2831.45883638033,7.94854734770506
"35",14.6341463414634,2000,"ECU","Ecuador",4.139431,6.20780277,6.54682684,6,60.299,36.5342146805597,72.09,1382.23421759909,7.23145646724661
"36",1.98237885462555,2000,"EGY","Egypt, Arab Rep.",6.66372585,6.63266277,6.14118385,0,42.797,21.9298827059593,67.332,1366.09274372613,7.21970993220825
"37",9.52380952380952,2000,"SLV","El Salvador",18.81376648,17.68815994,17.78228951,7,58.912,39.2644868371813,67.711,1982.87093542615,7.59230104088785
"38",5,2000,"GNQ","Equatorial Guinea",1.40894139,1.40894139,1.40894139,0,49.092,42.6206416346196,53.395,1487.3165506701,7.30472880253374
"39",14.6666666666667,2000,"ERI","Eritrea",2.42206764,3.01020408,3.52871037,0,26.587,47.7884194887737,56.285,314.357396753501,5.75053054486399
"40",17.8217821782178,2000,"EST","Estonia",10.7823925,10.66431904,9.98040104,9,69.368,48.6228665090046,70.4170731707317,4070.60902410208,8.3115479046136
"41",3.07692307692308,2000,"SWZ","Eswatini",9.79427242,9.28485775,9.1893816,0,22.686,44.2674423389177,47.627,1668.9749133064,7.41996489257607
"42",7.69230769230769,2000,"ETH","Ethiopia",7.02958536,8.98233509,8.36867714,3,14.74,46.2888109109423,50.88,122.269202606069,4.80622519255202
"43",36.5,2000,"FIN","Finland",11.20263577,11.68942642,12.08926582,10,82.183,47.6160933113155,77.4658536585366,24335.9225082659,10.0997088302511
"44",10.9185441941075,2000,"FRA","France",13.49542141,13.6540575,13.85807896,10,75.871,45.7375553921615,79.0560975609756,22340.5939516217,10.0141606591821
"45",9.16666666666667,2000,"GAB","Gabon",5.24128246,4.53776979,4.66366768,0,78.879,39.9405666020691,61.81,3982.906200928,8.28976703304946
"46",2.04081632653061,2000,"GMB","Gambia, The",6.30897522,6.30897522,6.30897522,0,47.868,48.3142813842973,56.899,538.054072348854,6.28795906133601
"47",7.23404255319149,2000,"GEO","Georgia",4.85252142,6.75043344,7.02040815,4,52.638,47.967494908752,70.091,749.908534993961,6.61995124575206
"48",30.9417040358744,2000,"DEU","Germany",16.19174576,16.3556881,16.55490875,10,74.965,43.781639513354,77.9268292682927,23925.8559901991,10.0827149937459
"49",8.66666666666667,2000,"GRC","Greece",9.61341953,10.97902489,10.86962318,10,72.716,39.1707353977682,77.8878048780488,11638.2010697215,9.36204816206698
"50",8.84955752212389,2000,"GTM","Guatemala",14.0827589,14.40040016,14.79130077,8,45.332,33.4942175440631,67.102,1648.96578971559,7.40790357626531
"51",8.7719298245614,2000,"GIN","Guinea",2.38009167,2.4733243,4.39565277,1,30.869,50.7723632860974,52.42,518.157066924026,6.25027841429825
"52",7.84313725490196,2000,"GNB","Guinea-Bissau",2.52350521,2.52350521,2.52350521,5,36.243,46.0134571666838,50.565,316.945495037639,5.75872981914956
"53",18.4615384615385,2000,"GUY","Guyana",7.81650448,6.79539347,7.50901365,6,28.694,31.2938386234041,64.075,931.796651718955,6.83711460602891
"54",9.375,2000,"HND","Honduras",13.67898464,9.93868351,9.4749918,7,45.458,33.7541516107669,68.302,1092.56400746252,6.99628251331991
"55",8.29015544041451,2000,"HUN","Hungary",9.85581303,9.66478729,9.66882706,10,64.575,47.3363522191798,71.2463414634146,4629.91760812548,8.44029435170066
"56",9.00735294117647,2000,"IND","India",3.05056,2.90321684,2.77127647,9,27.667,27.7890375024769,62.749,442.750218937263,6.09300577115692
"57",8,2000,"IDN","Indonesia",3.59241748,3.9583149,3.98283839,7,42.002,38.4751489332459,66.292,763.711124950924,6.63818960896242
"58",3.44827586206897,2000,"IRN","Iran, Islamic Rep.",10.95240307,11.87062645,9.56564999,4,64.042,15.2583361965589,70.166,1650.01385832603,7.40853896584483
"59",12.0481927710843,2000,"IRL","Ireland",14.95885372,15.58507347,16.03050613,10,59.155,40.9812436150224,76.5365853658537,26334.5672050501,10.1786376975713
"60",12.5,2000,"ISR","Israel",9.40472698,9.33109188,8.6839838,7,91.203,44.7821524378055,78.9536585365854,21706.5194056329,9.98536792784677
"61",11.1111111111111,2000,"ITA","Italy",11.81089973,12.19702244,12.62734509,10,67.222,38.5260728007126,79.7780487804878,20190.0035636084,9.9129428878105
"62",13.3333333333333,2000,"JAM","Jamaica",11.84148693,8.20096111,8.66761017,9,51.814,44.5680586547657,71.281,3453.09252800226,8.14702549344055
"63",7.29166666666667,2000,"JPN","Japan",15.06805801,15.94543266,16.06154251,10,78.649,40.3055529487737,81.0760975609756,39169.3595701504,10.5756500765173
"64",0,2000,"JOR","Jordan",12.68911648,13.61480045,13.38210011,2,78.27,14.0750008644999,71.926,1570.61002940477,7.35921937663589
"65",10.3896103896104,2000,"KAZ","Kazakhstan",9.24614048,8.40947342,9.42059898,0,56.098,49.612143908827,63.793,1180.0444563226,7.07330739159969
"66",3.57142857142857,2000,"KEN","Kenya",7.08898258,7.08898258,7.08898258,5,19.892,49.2074387250647,56.084,414.626365130846,6.02737778970882
"67",5.86080586080586,2000,"KOR","Korea, Rep.",8.27991581,9.29752541,8.93059731,8,79.621,40.238804083937,75.909756097561,12257.0206622345,9.41385416708948
"68",0,2000,"KWT","Kuwait",5.44961691,6.17466164,5.69684553,0,99,25.8236615088486,76.2258780487805,19296.3471698729,9.86767109117025
"69",2.32558139534884,2000,"KGZ","Kyrgyz Republic",7.06400633,7.13149929,7.56329107,1,35.298,46.8108974427907,68.5585365853659,279.621738464365,5.63343775577934
"70",21.2121212121212,2000,"LAO","Lao PDR",6.19914436,7.05502892,6.12984419,0,21.977,47.2198388210818,58.317,318.749852236965,5.76440663290222
"71",17,2000,"LVA","Latvia",7.42889071,8.11077213,8.16237354,8,68.067,48.0412337226289,70.3146341463415,3278.17896440803,8.09504335342302
"72",2.34375,2000,"LBN","Lebanon",7.53721476,8.86973667,8.29187298,-66,86,22.6835996260489,73.895,3986.83513941026,8.29075299699302
"73",3.79746835443038,2000,"LSO","Lesotho",7.40740728,8.70134163,7.72369576,7,19.548,48.2455319547113,48.783,442.779545779081,6.09307200685672
"74",7.8125,2000,"LBR","Liberia",4.25491762,4.25491762,4.25491762,3,44.331,47.4460401457585,51.852,298.485340578945,5.69872082133842
"75",10.6382978723404,2000,"LTU","Lithuania",10.57103539,11.36786652,12.7128334,10,66.986,49.551991097951,72.019512195122,3300.63634928559,8.1018705619815
"76",16.6666666666667,2000,"LUX","Luxembourg",12.98787212,14.05965328,13.58975124,10,84.216,39.8354771005482,77.8731707317073,48659.5988753233,10.7926043728864
"77",8,2000,"MDG","Madagascar",12.0397644,12.01517391,14.01566982,7,27.121,48.7983778734533,57.974,280.282905559649,5.63579947008071
"78",9.32642487046632,2000,"MWI","Malawi",7.04260349,7.04260349,7.04260349,6,14.61,50.4140371823299,46.17,224.22415918428,5.41264626212205
"79",10.3626943005181,2000,"MYS","Malaysia",4.57726908,4.78832054,5.03528166,4,61.977,35.6543774540563,72.732,4083.52874483605,8.31471678203792
"80",12.2448979591837,2000,"MLI","Mali",6.66892862,5.74659824,5.56610441,5,28.356,42.8286726617941,50.605,256.199554978241,5.54595665245192
"81",3.79746835443038,2000,"MRT","Mauritania",2.51425123,2.42193055,3.58240104,0,38.091,31.1268636798087,61.044,680.911061879778,6.5234316983252
"82",5.71428571428571,2000,"MUS","Mauritius",6.87927103,7.01589203,7.24555254,10,42.67,32.5715726058605,71.6634146341463,3981.98343249582,8.28953532401675
"83",16,2000,"MEX","Mexico",9.89962292,10.2574482,10.43169594,8,74.722,34.0232849101521,72.562,7524.0271380091,8.92585679727368
"84",7.92079207920792,2000,"MDA","Moldova",8.52794456,9.71184635,11.53735256,7,44.589,51.3704724365405,67.462,440.538683980372,6.08799825986407
"85",10.5263157894737,2000,"MNG","Mongolia",13.35476398,11.05122089,10.90433216,10,57.133,46.3210314467851,63.2104878048781,476.02755082717,6.16547573244546
"86",0.615384615384615,2000,"MAR","Morocco",4.11556196,4.23062134,4.18854809,0,53.335,24.6734833229677,66.794,1499.107421875,7.31262515789321
"87",30,2000,"MOZ","Mozambique",6.31664944,6.31664944,6.31664944,5,29.098,54.5310768541865,49.476,327.12623979157,5.79034615080589
"88",25,2000,"NAM","Namibia",15.98191643,15.98191643,17.18019867,6,32.373,45.9059649561648,52.946,2156.67590512714,7.6763233824933
"89",5.85365853658537,2000,"NPL","Nepal",4.25074148,4.52761316,6.10134697,7,13.397,25.8161681692083,62.642,223.830289183078,5.4108881271271
"90",36,2000,"NLD","Netherlands",12.53276253,12.99990368,13.8298893,10,76.795,44.393481158714,77.9878048780488,26225.1697734149,10.1744749069677
"91",30.8333333333333,2000,"NZL","New Zealand",14.70787811,15.17467403,16.27812386,10,86.021,45.1689279173865,78.6365853658537,13641.1027183822,9.52084277258589
"92",9.67741935483871,2000,"NIC","Nicaragua",12.48380089,12.79048729,13.14511585,8,55.185,30.8740829906932,66.36,1017.3124434882,6.92491956960163
"93",1.20481927710843,2000,"NER","Niger",8.3682642,8.34352493,8.35599804,6,16.186,43.5101718066344,49.172,194.771959898935,5.27182943782369
"94",3.41880341880342,2000,"NGA","Nigeria",2.36681986,2.77955914,2.74149632,4,34.84,47.0491751987358,47.143,547.318298903379,6.30503053245916
"95",6.66666666666667,2000,"MKD","North Macedonia",14.71431541,12.19929886,12.38785744,6,58.548,40.244070811814,72.9463414634147,1861.89899780644,7.52935221243796
"96",36.3636363636364,2000,"NOR","Norway",14.84878445,15.03281307,15.81267834,10,76.02,46.9577828084993,78.6341463414634,38178.2368777076,10.550020917002
"97",9.85915492957746,2000,"PAN","Panama",19.78174782,18.72884369,18.8447361,9,62.198,35.6994371815725,73.443,3975.09308659503,8.28780344482556
"98",1.8348623853211,2000,"PNG","Papua New Guinea",8.31666756,7.733428,8.47603893,4,13.204,47.4568495019076,61.609,635.957919047725,6.45513239613182
"99",2.5,2000,"PRY","Paraguay",11.85042095,10.25353241,8.33574581,7,55.331,37.2843436973474,70.026,1736.11729210765,7.45940645751605
"100",11.2612612612613,2000,"PHL","Philippines",6.51838589,5.5015583,4.75280809,8,46.135,39.0191675796854,67.789,1050.79273107952,6.95730014027654
"101",13.0434782608696,2000,"POL","Poland",8.38030815,8.88987827,9.38837528,9,61.716,46.0939953126312,73.7487804878049,4520.64100449111,8.41640907792436
"102",17.3913043478261,2000,"PRT","Portugal",14.05994129,13.71860504,14.46359634,10,54.399,45.4024579411273,76.3146341463415,11526.3720667968,9.35239291212777
"103",7.70975056689342,2000,"RUS","Russian Federation",9.72129631,9.67133141,9.51892662,6,73.35,48.367297448152,65.4836585365854,1771.59411621094,7.47963505087111
"104",25.7142857142857,2000,"RWA","Rwanda",3.54361153,3.66130519,3.70572662,0,14.926,46.1731427915419,47.798,251.86926386091,5.52891015868841
"105",12.1428571428571,2000,"SEN","Senegal",8.95994949,9.01053238,8.63635921,8,40.32,33.7655764760164,57.615,603.233162455158,6.40230379272756
"106",8.75,2000,"SLE","Sierra Leone",5.45097542,5.45097542,5.45097542,-77,35.626,51.3627454767242,44.834,143.743743239644,4.96803215344077
"107",4.3010752688172,2000,"SGP","Singapore",7.39189529,4.87020969,6.54224348,0,100,38.8695570833918,77.9512195121951,23852.8389514753,10.0796585228374
"108",14,2000,"SVK","Slovak Republic",8.79084015,10.37129307,10.66064644,9,56.233,45.8720172956091,73.0512195121951,5421.6448441887,8.59815452518151
"109",2.04081632653061,2000,"SLB","Solomon Islands",21.78247643,25.83412743,32.32431412,-77,15.813,47.3376534239637,67.116,953.17190137706,6.85979526658726
"110",29.8245614035088,2000,"ZAF","South Africa",11.85530758,10.62284565,10.37981224,9,56.891,45.499136512359,58.368,3217.84693448467,8.076467761003
"111",28.2857142857143,2000,"ESP","Spain",12.45362759,12.56389999,12.55124187,10,76.262,39.4482357673473,78.9658536585366,14743.2671031455,9.59854178997157
"112",42.6934097421203,2000,"SWE","Sweden",11.66689491,12.35737801,12.64378357,10,84.026,47.7810124322326,79.6439024390244,29632.7736101599,10.2966362443594
"113",23,2000,"CHE","Switzerland",7.83617067,8.69527817,8.83963394,10,73.383,44.2258772379976,79.680487804878,38865.021939688,10.5678499461743
"114",10.4,2000,"SYR","Syrian Arab Republic",5.64728546,6.64888716,7.21175766,0,51.947,20.5082568378763,70.856,1138.1884854278,7.03719322964254
"115",15,2000,"TJK","Tajikistan",4.89296627,5.05747128,4.21875,2,26.501,36.7401723191225,63.542,136.925716400723,4.91943856272272
"116",4.81283422459893,2000,"THA","Thailand",9.24875259,8.37690735,8.71551132,9,31.386,45.6035221669388,71.205,2005.97694514234,7.60388647550586
"117",4.93827160493827,2000,"TGO","Togo",2.44484162,2.99478221,4.05133438,1,32.907,47.6520029502658,54.577,409.889802792768,6.01588834989606
"118",11.5384615384615,2000,"TUN","Tunisia",10.54292107,10.57568169,10.98641014,1,63.432,24.6663747318154,72.604,2199.04465936314,7.69577829929039
"119",4.18181818181818,2000,"TUR","Turkiye",7.18632746,7.46441364,8.63695431,8,64.741,26.6307475013056,71.931,4192.44316738494,8.34103893782371
"120",26,2000,"TKM","Turkmenistan",13.33598137,13.35963154,13.47213745,0,45.913,51.6853640481234,64.931,633.835487638011,6.45178943754483
"121",17.7935943060498,2000,"UGA","Uganda",8.33055115,8.33055115,8.74788189,0,14.786,49.5849195655656,49.64,258.050338731086,5.55315467725067
"122",7.77777777777778,2000,"UKR","Ukraine",7.08121443,7.63454914,8.10631752,6,67.145,50.3453519152313,67.786,653.294311523438,6.48202773451267
"123",0,2000,"ARE","United Arab Emirates",7.56610489,7.58357716,7.80031395,0,80.236,12.3625820383108,76.347,29865.502347066,10.3044593256198
"124",18.361153262519,2000,"GBR","United Kingdom",15.39725876,15.587327,16.05598831,10,78.651,45.6238772322942,77.7414634146342,28280.926786099,10.2499428912592
"125",12.1212121212121,2000,"URY","Uruguay",14.3447504,15.75048256,16.74390793,10,92.028,42.5260660732992,74.693,6987.70098766257,8.85190688093699
"126",7.2,2000,"UZB","Uzbekistan",6.10871267,6.64425468,5.58452082,0,46.126,39.2293456562465,65.456,555.149231099186,6.31923696246678
"127",26,2000,"VNM","Viet Nam",9.4822588,8.20207787,8.61995983,0,24.374,49.5203837764278,72.746,404.029784055118,6.00148859815246
"128",0.664451827242525,2000,"YEM","Yemen, Rep.",7.48521662,8.12738132,7.57236004,1,26.267,22.468983646023,62.761,493.235182634814,6.20098610417743
"129",10.126582278481,2000,"ZMB","Zambia",6.88475037,6.88475037,6.88475037,3,34.802,45.4679049950239,46.577,359.429500988221,5.88451805497692
"130",5.71428571428571,2001,"ALB","Albania",8.42368317,8.20897484,8.99717617,6,42.435,42.6901659487498,75.083,1326.41652388077,7.190236241994
"131",3.42105263157895,2001,"DZA","Algeria",9.26661205,7.97343826,9.43778801,1,60.712,13.4124046610693,71.025,1896.30020878013,7.54766000824504
"132",15.4545454545455,2001,"AGO","Angola",5.96825457,4.19123077,4.26046801,0,51.274,50.4400589522293,47.032,533.586202412447,6.27962063671921
"133",3.05343511450382,2001,"ARM","Armenia",5.66264772,5.3255291,5.37522793,6,64.385,49.3149513113962,72.9756097560976,659.588988535629,6.4916168963915
"134",26.775956284153,2001,"AUT","Austria",13.2925787,13.5137291,13.61917305,10,59.934,44.015738211511,78.5756097560976,24430.495982841,10.1035874662496
"135",10.4838709677419,2001,"AZE","Azerbaijan",4.79820633,3.19315743,3.57235146,0,51.587,50.7762261763284,66.043,703.670998584686,6.55631091536877
"136",10.3092783505155,2001,"BLR","Belarus",10.04257679,9.32076073,10.07395458,0,70.458,49.042596127356,68.5073170731707,1244.37318523431,7.12638721644215
"137",23.3333333333333,2001,"BEL","Belgium",12.43329906,12.28861809,13.30091095,10,97.186,42.4324804280582,77.9731707317073,23015.0712632462,10.0439045526292
"138",6.02409638554217,2001,"BEN","Benin",7.99414682,6.34654379,7.73368263,6,38.65,46.2931690052993,56.654,492.401499509072,6.19929443961247
"139",9.33333333333333,2001,"BTN","Bhutan",6.54652882,7.87970304,7.6382122,0,26.48,40.2472729466504,63.323,812.238210772056,6.69979366015894
"140",11.5384615384615,2001,"BOL","Bolivia",8.18012047,7.8159523,8.61168194,9,62.306,41.6525986632622,62.538,930.168227214312,6.83536545926653
"141",7.14285714285714,2001,"BIH","Bosnia and Herzegovina",8.60074425,9.32255745,11.58645248,-66,42.698,41.6402223495361,75.573,1387.89365131544,7.23554251804154
"142",17.0212765957447,2001,"BWA","Botswana",8.17829704,8.17829704,8.17829704,8,54.062,44.063986992181,52.21,3206.07123689853,8.07280155279118
"143",6.82261208576998,2001,"BRA","Brazil",8.48902321,7.99419022,8.2109251,8,81.553,40.7533700484708,69.98,3176.28935747524,8.06346892573438
"144",26.25,2001,"BGR","Bulgaria",9.46551609,10.74446106,11.33319283,9,69.166,46.9287766667601,71.7682926829268,1770.90704918691,7.47924715147429
"145",8.10810810810811,2001,"BFA","Burkina Faso",4.94217682,5.43493128,5.56972933,2,18.54,45.6489544843141,51.188,259.485223380436,5.55869975832737
"146",14.4067796610169,2001,"BDI","Burundi",6.66263866,6.37957811,3.71581554,-88,8.461,51.8903974643906,48.509,132.159554541932,4.88400993917023
"147",11.1111111111111,2001,"CPV","Cabo Verde",11.17305183,9.50427818,11.36700153,10,54.291,40.0844309783091,68.707,1223.33055331575,7.10933237988399
"148",7.37704918032787,2001,"KHM","Cambodia",7.83031797,8.29783154,9.43044186,3,18.703,51.5008436121007,60.457,327.500984314444,5.79149106061108
"149",5.55555555555556,2001,"CMR","Cameroon",5.34374762,6.43298531,6.51537704,0,46.139,48.2840593591382,53.598,715.470296470585,6.572940083768
"150",20.5980066445183,2001,"CAN","Canada",15.27647972,15.88256645,16.36354446,10,79.81,45.8707619007104,79.3980487804878,23822.096210932,10.0783688411755
"151",7.3394495412844,2001,"CAF","Central African Republic",10.72575855,8.60808086,12.54859447,5,37.72,45.1738385465173,46.734,237.951702544735,5.47206772259399
"152",2.4,2001,"TCD","Chad",11.86877823,11.72442722,8.9815588,1,21.67,44.4528854164029,48.306,194.32295331156,5.26952148276472
"153",10.8333333333333,2001,"CHL","Chile",11.13347244,11.66363049,12.48133278,9,86.363,33.8682924564894,77.58,4563.5952986689,8.42586603454132
"154",21.7828418230563,2001,"CHN","China",5.58924198,6.02580309,6.87652969,0,37.093,45.2401581999134,72.675,1065.40597574519,6.97111120338888
"155",11.8012422360248,2001,"COL","Colombia",15.37750435,14.86478043,15.59885502,7,74.379,40.2332257119566,71.185,2472.99084035833,7.81318356365622
"156",12,2001,"COG","Congo, Rep.",3.31901908,1.3442719,1.85525787,0,59.156,49.4350572428509,55.885,854.598314408095,6.75063155083271
"157",19.2982456140351,2001,"CRI","Costa Rica",24.56128693,24.75807571,26.33198166,10,60.41,35.2109513656451,77.609,3985.12984506207,8.29032517414695
"158",8.52017937219731,2001,"CIV","Cote d'Ivoire",4.45654726,4.14795876,4.06708717,5,43.568,38.8278865110041,51.428,924.727294962066,6.82949887778834
"159",20.5298013245033,2001,"HRV","Croatia",11.64404964,9.9538641,10.40377426,8,53.642,44.588394090946,74.5129268292683,5364.83824691607,8.58762150492083
"160",27.6206322795341,2001,"CUB","Cuba",11.39179516,11.1904707,10.89082336,0,75.555,34.5516121907942,76.429,2842.96704310394,7.95260351928833
"161",10.7142857142857,2001,"CYP","Cyprus",6.3294282,6.7445941,6.11334372,10,68.769,41.4135381480197,78.185,14821.44921875,9.60383068210895
"162",15,2001,"CZE","Czechia",11.83805084,12.18289185,11.61948967,10,73.877,44.2461778697893,75.1731707317073,6669.07494847497,8.80523644090698
"163",0,2001,"DJI","Djibouti",5.96840477,5.49563599,5.81530714,3,76.578,24.8264696577777,57.506,742.133791107063,6.60952953837827
"164",16.1073825503356,2001,"DOM","Dominican Republic",11.43885326,10.19451523,6.73424339,8,62.565,33.7636756031949,70.553,2935.89367312668,7.98476717420352
"165",14.6341463414634,2001,"ECU","Ecuador",6.20780277,6.54682684,8.21314716,6,60.799,37.0394830717072,72.571,1791.30359685037,7.49069890017437
"166",2.42290748898678,2001,"EGY","Egypt, Arab Rep.",6.63266277,6.14118385,5.44320345,0,42.843,22.4781640579461,67.612,1295.1374184163,7.16637208311106
"167",9.52380952380952,2001,"SLV","El Salvador",17.68815994,17.78228951,17.18667603,7,59.464,39.5421409787386,67.965,2058.04459070452,7.62951158316827
"168",5,2001,"GNQ","Equatorial Guinea",1.40894139,1.40894139,1.44882286,0,50.832,42.7312477968364,53.827,1948.61145907844,7.57487232564645
"169",14.6666666666667,2001,"ERI","Eritrea",3.01020408,3.52871037,2.87028527,0,27.455,47.7880350782055,58.359,325.409161513593,5.78508334900936
"170",17.8217821782178,2001,"EST","Estonia",10.66431904,9.98040104,11.08420467,9,69.242,48.8247148756489,70.2585365853659,4502.66614992392,8.41242497807363
"171",3.07692307692308,2001,"SWZ","Eswatini",9.28485775,9.1893816,11.39668179,0,22.555,44.7225420933055,46.344,1467.5389023828,7.2913420606407
"172",7.6782449725777,2001,"ETH","Ethiopia",8.98233509,8.36867714,8.41779423,3,14.927,46.1960474697583,51.428,118.457204255261,4.77455174982121
"173",5.71428571428571,2001,"FJI","Fiji",7.9022274,8.03575706,8.61062717,6,48.3,31.8354081143848,66.205,1944.997414609,7.57301592680179
"174",36.5,2001,"FIN","Finland",11.68942642,12.08926582,12.43871593,10,82.368,47.7821457790365,77.9658536585366,24965.202996776,10.1252382541564
"175",10.9185441941075,2001,"FRA","France",13.6540575,13.85807896,13.74813557,10,76.127,45.7136248823957,79.1585365853659,22331.7948343036,10.0137667193158
"176",9.16666666666667,2001,"GAB","Gabon",4.53776979,4.66366768,6.7543745,0,79.633,40.0335661943526,61.982,3835.75718279727,8.25212213441622
"177",2.04081632653061,2001,"GMB","Gambia, The",6.30897522,6.30897522,6.30897522,0,48.775,48.5429065990088,57.283,459.803068381399,6.13079828560259
"178",7.23404255319149,2001,"GEO","Georgia",6.75043344,7.02040815,7.13276815,4,52.398,49.0754368388555,70.371,801.98383707929,6.68708845439572
"179",31.0810810810811,2001,"DEU","Germany",16.3556881,16.55490875,16.66930389,10,75.17,44.1542747472394,78.3292682926829,23878.3641471651,10.0807280621101
"180",9,2001,"GHA","Ghana",6.10194254,6.10194254,7.78030205,7,44.601,49.3221941213986,58.403,263.542156494853,5.57421334188264
"181",8.66666666666667,2001,"GRC","Greece",10.97902489,10.86962318,10.85597706,10,72.913,38.9424810577257,78.3878048780488,12156.9572824221,9.40565690072401
"182",8.84955752212389,2001,"GTM","Guatemala",14.40040016,14.79130077,14.20887375,8,45.668,33.5424274124173,67.436,1537.68663578252,7.33803438144045
"183",8.7719298245614,2001,"GIN","Guinea",2.4733243,4.39565277,2.85787916,1,31.144,50.8856267729995,52.669,483.085120214741,6.18019287045414
"184",7.84313725490196,2001,"GNB","Guinea-Bissau",2.52350521,2.52350521,2.52350521,5,36.622,46.0227196643382,51.054,327.138431972397,5.79038342067956
"185",18.4615384615385,2001,"GUY","Guyana",6.79539347,7.50901365,7.35764837,6,28.606,30.9886214648638,64.38,931.574723847673,6.83687640566237
"186",3.6144578313253,2001,"HTI","Haiti",11.90920353,7.3620429,6.6061697,1,37.251,45.9989633637186,58.591,748.821159844528,6.6185001831035
"187",9.375,2001,"HND","Honduras",9.93868351,9.4749918,9.88268948,7,45.964,33.7095451539185,68.491,1132.1648753329,7.03188689774462
"188",8.29015544041451,2001,"HUN","Hungary",9.66478729,9.66882706,11.56948948,10,64.67,47.3943796858753,72.2487804878049,5280.94887987063,8.57186107265073
"189",8.83977900552486,2001,"IND","India",2.90321684,2.77127647,2.67687607,9,27.918,27.9324322202899,63.158,450.357900514128,6.11004260112934
"190",8,2001,"IDN","Indonesia",3.9583149,3.98283839,4.49961615,7,42.783,37.5504413917318,66.583,732.307093405708,6.5961999524952
"191",3.44827586206897,2001,"IRN","Iran, Islamic Rep.",11.87062645,9.56564999,10.21229744,4,64.758,16.2015652040219,70.619,1881.02266634748,7.53957087938658
"192",12.0481927710843,2001,"IRL","Ireland",15.58507347,16.03050613,16.89721489,10,59.399,41.2703661350001,77.1341463414634,28282.409882073,10.2499953314461
"193",13.3333333333333,2001,"ISR","Israel",9.33109188,8.6839838,9.23191071,7,91.267,45.0091936370169,79.4073170731707,20966.3052667971,9.95067191699414
"194",9.84126984126984,2001,"ITA","Italy",12.19702244,12.62734509,12.50860596,10,67.282,38.9837508509111,80.1268292682927,20570.4385917862,9.93161030433443
"195",13.3333333333333,2001,"JAM","Jamaica",8.20096111,8.66761017,6.13759899,9,52.053,44.2694663916508,71.287,3503.55026688858,8.16153209532821
"196",7.29166666666667,2001,"JPN","Japan",15.94543266,16.06154251,16.3582077,10,79.99,40.500955142771,81.4163414634146,34406.1824638092,10.4459915499984
"197",1.25,2001,"JOR","Jordan",13.61480045,13.38210011,11.37036991,2,78.283,13.6757174704053,72.141,1632.29454010563,7.39774199724576
"198",10.3896103896104,2001,"KAZ","Kazakhstan",8.40947342,9.42059898,9.5652113,0,56.171,49.7285888301818,64.108,1422.27331810957,7.26001179872193
"199",3.57142857142857,2001,"KEN","Kenya",7.08898258,7.08898258,7.02242994,5,20.239,49.1206345134942,56.501,410.700452474814,6.01786412267803
"200",5.86080586080586,2001,"KOR","Korea, Rep.",9.29752541,8.93059731,7.4859376,8,79.94,40.5393527712688,76.4121951219512,11561.2071745115,9.35541056363512
"201",0,2001,"KWT","Kuwait",6.17466164,5.69684553,5.63509512,0,99.908,25.9299020757254,76.3843414634146,17374.2318664227,9.76274346032899
"202",10,2001,"KGZ","Kyrgyz Republic",7.13149929,7.56329107,8.07252979,1,35.296,46.6187955072453,68.7073170731707,308.41129550148,5.73143426715814
"203",21.2121212121212,2001,"LAO","Lao PDR",7.05502892,6.12984419,6.83480501,0,22.993,47.1446600127481,58.887,320.316005439568,5.76930802551828
"204",17,2001,"LVA","Latvia",8.11077213,8.16237354,8.08213711,8,67.95,48.702287985906,70.7609756097561,3504.61829462397,8.16183689043531
"205",2.34375,2001,"LBN","Lebanon",8.86973667,8.29187298,8.07041359,-66,86.118,22.8395163675619,74.354,4009.55929751102,8.296436613391
"206",3.79746835443038,2001,"LSO","Lesotho",8.70134163,7.72369576,7.90368414,7,20.067,48.0761680856406,47.153,412.677473676821,6.02266635246492
"207",7.8125,2001,"LBR","Liberia",4.25491762,4.25491762,4.25491762,3,44.673,47.4650530924535,53.109,300.463828598983,5.70532737601127
"208",10.6382978723404,2001,"LTU","Lithuania",11.36786652,12.7128334,13.67591095,10,66.919,49.3090172534567,71.6585365853659,3532.52787363242,8.16976900515244
"209",16.6666666666667,2001,"LUX","Luxembourg",14.05965328,13.58975124,13.46735954,10,84.843,40.1325840815387,77.8243902439025,48440.1420151355,10.7880841294368
"210",8,2001,"MDG","Madagascar",12.01517391,14.01566982,13.09897804,7,27.391,48.7872993195227,58.674,319.283278235657,5.76607872827627
"211",9.32642487046632,2001,"MWI","Malawi",7.04260349,7.04260349,7.6335125,5,14.698,50.4710768256901,47.205,215.474524898357,5.37284268862725
"212",10.3626943005181,2001,"MYS","Malaysia",4.78832054,5.03528166,5.41107655,4,62.922,35.5626935884161,73.08,3943.79943910239,8.27989986227495
"213",12.2448979591837,2001,"MLI","Mali",5.74659824,5.56610441,6.78598738,5,29.075,42.8266732261455,51.3,291.159497911347,5.67387121980616
"214",5.71428571428571,2001,"MUS","Mauritius",7.01589203,7.24555254,7.11917353,10,42.559,31.2178744449715,71.7658536585366,3908.55694927435,8.27092351817579
"215",16,2001,"MEX","Mexico",10.2574482,10.43169594,10.69286728,8,75.045,33.823993946681,72.912,7952.76479510706,8.98127492015882
"216",12.8712871287129,2001,"MDA","Moldova",9.71184635,11.53735256,9.59353638,8,44.189,51.5841073192629,67.672,507.404076252819,6.22930768074115
"217",10.5263157894737,2001,"MNG","Mongolia",11.05122089,10.90433216,8.85847664,10,58.222,46.273606285728,63.3917073170732,524.453483552485,6.26235673668222
"218",0.615384615384615,2001,"MAR","Morocco",4.23062134,4.18854809,4.14071369,0,53.662,24.9516174440616,67.2,1506.24523925781,7.31737523657525
"219",30,2001,"MOZ","Mozambique",6.31664944,6.31664944,6.31664944,5,29.277,54.4838826633142,50.259,304.792138621913,5.71963003155702
"220",25,2001,"NAM","Namibia",15.98191643,17.18019867,16.82404709,6,32.898,46.1203561839171,51.98,1915.58926594875,7.55778056495972
"221",5.85365853658537,2001,"NPL","Nepal",4.52761316,6.10134697,5.52154541,7,13.947,26.155774590993,63.288,240.795114544664,5.48394642479307
"222",36,2001,"NLD","Netherlands",12.99990368,13.8298893,14.19191265,10,77.83,44.7229753926434,78.190243902439,26955.7128032278,10.2019505317293
"223",30.8333333333333,2001,"NZL","New Zealand",15.17467403,16.27812386,16.22460747,10,86.1,45.5004333340636,78.6926829268293,13882.8568268586,9.5384100361428
"224",1.20481927710843,2001,"NER","Niger",8.34352493,8.35599804,7.62989426,6,16.26,43.4050338689187,49.872,205.417936120931,5.32504661656875
"225",3.41880341880342,2001,"NGA","Nigeria",2.77955914,2.74149632,4.00685167,4,35.669,47.0353117717438,47.549,566.428231812933,6.33935038543982
"226",6.66666666666667,2001,"MKD","North Macedonia",12.19929886,12.38785744,13.76112652,6,58.339,40.2782915482317,73.4365853658537,1823.02267682636,7.50825121389168
"227",35.7575757575758,2001,"NOR","Norway",15.03281307,15.81267834,15.86160946,10,76.378,47.0256836789726,78.7853658536585,38601.897639231,10.5610567158826
"228",9.85915492957746,2001,"PAN","Panama",18.72884369,18.8447361,17.18168831,9,62.497,36.1442337158228,73.82,3991.7767076924,8.29199170092014
"229",1.8348623853211,2001,"PNG","Papua New Guinea",7.733428,8.47603893,7.63461208,4,13.182,47.4940067717301,61.647,537.847459634131,6.28757498768034
"230",2.5,2001,"PRY","Paraguay",10.25353241,8.33574581,10.35359955,7,55.966,37.3707129089158,70.281,1637.68615122932,7.40103964118835
"231",18.3333333333333,2001,"PER","Peru",11.82719135,12.83901119,11.61311531,9,73.448,42.81869517416,70.315,1929.57273038846,7.56505387417164
"232",17.7570093457944,2001,"PHL","Philippines",5.5015583,4.75280809,5.4588623,8,46.05,38.9826158950162,67.829,969.530611744453,6.87681204895933
"233",20.2173913043478,2001,"POL","Poland",8.88987827,9.38837528,8.95027637,9,61.761,46.1496465406517,74.2,5015.23790036613,8.52023613703085
"234",18.695652173913,2001,"PRT","Portugal",13.71860504,14.46359634,14.19991493,10,55.044,45.5365908791865,76.8146341463415,11734.7649743954,9.37031108033811
"235",10.7246376811594,2001,"ROU","Romania",9.60567093,10.54747868,12.99804401,8,52.852,43.7838614098078,71.1609756097561,1825.19299373184,7.5094410104155
"236",7.57238307349666,2001,"RUS","Russian Federation",9.67133141,9.51892662,9.20299911,6,73.346,48.4268054007841,65.3834146341463,2100.3525390625,7.64986048536601
"237",25.6756756756757,2001,"RWA","Rwanda",3.66130519,3.70572662,12.45489502,0,15.829,46.630508349586,49.49,237.308846200901,5.46936244130104
"238",16.6666666666667,2001,"SEN","Senegal",9.01053238,8.63635921,9.04788303,8,40.464,33.929188769104,58.158,637.213530563724,6.45710481221679
"239",8.75,2001,"SLE","Sierra Leone",5.45097542,5.45097542,5.45097542,-88,35.867,51.3058229237483,45.448,358.315716051546,5.88141448617773
"240",11.7647058823529,2001,"SGP","Singapore",4.87020969,6.54224348,8.32677841,0,100,39.258169936122,78.2512195121951,21699.7414868907,9.98505562641108
"241",14,2001,"SVK","Slovak Republic",10.37129307,10.66064644,11.73906803,9,56.163,45.7785509369468,73.4024390243903,5712.47802761654,8.65040818882597
"242",12.2222222222222,2001,"SVN","Slovenia",11.40878677,12.29267883,12.36053562,10,50.78,45.6305354697104,75.7585365853659,10375.6255869861,9.2472146408219
"243",29.8245614035088,2001,"ZAF","South Africa",10.62284565,10.37981224,12.33823776,9,57.368,45.8248759124148,57.161,2847.15191945908,7.95407444709747
"244",28.2857142857143,2001,"ESP","Spain",12.56389999,12.55124187,14.01369381,10,76.343,38.8392521353379,79.3682926829268,15368.2337984435,9.64005791766189
"245",9.72222222222222,2001,"SDN","Sudan",11.36873627,10.70719147,10.07152081,0,32.548,27.5654394388842,59.264,451.293304443359,6.11211747056814
"246",17.6470588235294,2001,"SUR","Suriname",8.51552677,11.07381153,11.15236187,6,66.517,35.3361363246042,64.82,1714.64846637242,7.44696336271347
"247",42.6934097421203,2001,"SWE","Sweden",12.35737801,12.64378357,12.85495567,10,84.071,47.6010393002408,79.7951219512195,27259.4806735435,10.2131566542086
"248",23,2001,"CHE","Switzerland",8.69527817,8.83963394,9.30684757,10,73.375,44.8144823517942,80.180487804878,39638.7911061864,10.5875634911622
"249",10.4,2001,"SYR","Syrian Arab Republic",6.64888716,7.21175766,7.51466179,0,52.314,20.2540865415392,71.296,1186.82913474027,7.07904043710445
"250",12.6984126984127,2001,"TJK","Tajikistan",5.05747128,4.21875,4.03528118,2,26.503,36.7567715869496,64.197,168.676285365186,5.12798140685016
"251",22.2627737226277,2001,"TZA","Tanzania",8.79931068,9.78842449,9.70851707,2,22.674,49.5894386241258,54.124,396.638732910156,5.98302587372287
"252",9.2,2001,"THA","Thailand",8.37690735,8.71551132,11.45679474,9,32.548,45.3485978390585,71.52,1889.93432467144,7.54429735859885
"253",4.93827160493827,2001,"TGO","Togo",2.99478221,4.05133438,4.24208784,1,33.356,47.7151793170354,54.746,396.692654520135,5.98316181088839
"254",11.1111111111111,2001,"TTO","Trinidad and Tobago",7.02246428,8.04972553,8.5635004,9,55.718,39.3767303074063,68.874,6657.4146693722,8.8034865003881
"255",11.5384615384615,2001,"TUN","Tunisia",10.57568169,10.98641014,11.40784454,1,63.818,24.8914226368026,72.822,2235.71981624751,7.71231852063086
"256",4.18181818181818,2001,"TUR","Turkiye",7.46441364,8.63695431,9.29146957,8,65.34,27.2934913069224,72.271,3045.55413956926,8.0214381470252
"257",26,2001,"TKM","Turkmenistan",13.35963154,13.47213745,13.99738979,0,46.137,51.717741009355,65.325,756.034976276398,6.62808764002522
"258",24.6710526315789,2001,"UGA","Uganda",8.33055115,8.74788189,8.94947052,0,15.201,49.5379279390805,50.576,236.021188853993,5.46392158427497
"259",7.77777777777778,2001,"UKR","Ukraine",7.63454914,8.10631752,9.38550282,6,67.183,50.4708234047924,67.675,800.49072265625,6.68522494293332
"260",0,2001,"ARE","United Arab Emirates",7.58357716,7.80031395,8.08750439,0,80.655,12.6019436112347,77.621,27745.1708087672,10.2308170791212
"261",17.9059180576631,2001,"GBR","United Kingdom",15.587327,16.05598831,16.24128342,10,78.751,45.7422197165668,77.9926829268293,27906.569502964,10.2366174061477
"262",14.0229885057471,2001,"USA","United States",16.76017761,17.2201767,17.50545311,10,79.234,45.0762626365876,76.8365853658537,37133.6203973517,10.5222780484062
"263",12.1212121212121,2001,"URY","Uruguay",15.75048256,16.74390793,18.08441544,10,92.303,43.4833070143092,74.987,6382.76104740859,8.76135604877412
"264",7.2,2001,"UZB","Uzbekistan",6.64425468,5.58452082,6.01096392,0,46.606,39.1251244535699,65.853,454.415812256778,6.11901266490181
"265",26,2001,"VNM","Viet Nam",8.20207787,8.61995983,7.16033077,0,24.937,49.5902010729832,72.984,419.205677580901,6.03836167676268
"266",0.668896321070234,2001,"YEM","Yemen, Rep.",8.12738132,7.57236004,6.80722618,1,26.787,21.3472890535388,63.286,487.141257946318,6.18855413840871
"267",10.126582278481,2001,"ZMB","Zambia",6.88475037,6.88475037,5.32276154,5,35.002,45.3891749167538,47.408,396.548952993504,5.98279949623711
"268",5.71428571428571,2002,"ALB","Albania",8.20897484,8.99717617,9.35447502,7,43.501,42.6280650587519,75.299,1479.83884572006,7.29968847280244
"269",6.16966580976864,2002,"DZA","Algeria",7.97343826,9.43778801,8.66916943,1,61.501,13.657902830125,71.644,1937.46411413019,7.56913523931672
"270",15.4545454545455,2002,"AGO","Angola",4.19123077,4.26046801,5.65923882,2,52.461,50.4730006272579,47.874,882.147847234303,6.78235966920869
"271",30.7392996108949,2002,"ARG","Argentina",18.4574852,17.12602234,16.25901031,8,89.51,40.9578712482256,74.312,2569.69963519124,7.85154429759258
"272",3.05343511450382,2002,"ARM","Armenia",5.3255291,5.37522793,6.27547503,6,64.236,49.3730739625212,72.8268292682927,742.651118319819,6.61022637632483
"273",25.3333333333333,2002,"AUS","Australia",15.51416302,15.48101234,15.94705105,10,84.222,44.2708013736693,79.9365853658537,20301.8431713256,9.91846695752514
"274",10.4838709677419,2002,"AZE","Azerbaijan",3.19315743,3.57235146,3.55759931,0,51.787,51.0827782099012,66.769,763.108895463487,6.63740074123654
"275",2,2002,"BGD","Bangladesh",4.5399313,4.7553134,4.86526632,6,24.756,24.5527245932359,63.591,393.886422327628,5.97606259953668
"276",10.3092783505155,2002,"BLR","Belarus",9.32076073,10.07395458,9.99574471,0,70.939,49.1925230407116,68.0560975609756,1479.38066337175,7.2993788084801
"277",23.3333333333333,2002,"BEL","Belgium",12.28861809,13.30091095,14.17946815,10,97.241,42.8753342963761,78.0756097560976,25006.191397109,10.126878729073
"278",6.02409638554217,2002,"BEN","Benin",6.34654379,7.73368263,8.69476223,6,39.036,46.9278758353743,56.851,546.463829658159,6.30346811998829
"279",9.33333333333333,2002,"BTN","Bhutan",7.87970304,7.6382122,9.08555698,0,27.57,40.4978625643412,63.984,895.799489930972,6.79771660437247
"280",18.4615384615385,2002,"BOL","Bolivia",7.8159523,8.61168194,7.83916283,9,62.783,41.6275434786858,63.068,888.221328974352,6.78922095627645
"281",17.0212765957447,2002,"BWA","Botswana",8.17829704,8.17829704,8.17829704,8,54.57,44.3699123622074,52.373,3117.25087183011,8.0447067615559
"282",6.23781676413255,2002,"BRA","Brazil",7.99419022,8.2109251,8.43704319,8,81.88,41.4212499918282,70.396,2855.94018885769,7.95715638096346
"283",26.25,2002,"BGR","Bulgaria",10.74446106,11.33319283,10.82743073,9,69.524,46.9435220045969,71.8658536585366,2092.98288625558,7.64634554575494
"284",11.7117117117117,2002,"BFA","Burkina Faso",5.43493128,5.56972933,8.39099884,2,19.258,45.0839855731246,51.447,285.654087637533,5.65478159501919
"285",18.4357541899441,2002,"BDI","Burundi",6.37957811,3.71581554,5.80384302,-88,8.682,51.7937444063271,49.924,120.952308575468,4.79539632389718
"286",11.1111111111111,2002,"CPV","Cabo Verde",9.50427818,11.36700153,9.63142586,10,55.146,40.4054437899053,69.447,1328.57874270666,7.19186503533396
"287",7.37704918032787,2002,"KHM","Cambodia",8.29783154,9.43044186,9.90109062,3,18.82,50.8154811512759,61.395,350.147276634294,5.85835385635971
"288",8.88888888888889,2002,"CMR","Cameroon",6.43298531,6.51537704,5.26183367,0,46.738,48.2977306666767,53.922,789.623811072554,6.67155664353156
"289",20.5980066445183,2002,"CAN","Canada",15.88256645,16.36354446,16.9260788,10,79.888,46.0824152807611,79.5307317073171,24256.0192337185,10.0964200813886
"290",7.3394495412844,2002,"CAF","Central African Republic",8.60808086,12.54859447,11.27601051,5,37.802,45.2549056084387,46.84,248.639290978403,5.51600321557613
"291",12.5,2002,"CHL","Chile",11.66363049,12.48133278,13.10177708,9,86.606,33.9199666578434,77.84,4430.84741157984,8.39634613404139
"292",21.7828418230563,2002,"CHN","China",6.02580309,6.87652969,7.26605844,0,38.425,45.1503055161292,73.034,1163.55957673426,7.05923918618799
"293",12.0481927710843,2002,"COL","Colombia",14.86478043,15.59885502,15.73734665,7,74.797,40.0893212186067,71.537,2428.92969771584,7.79520598569153
"294",35.0877192982456,2002,"CRI","Costa Rica",24.75807571,26.33198166,25.73747253,10,61.753,35.1296141363861,77.939,4067.71851429092,8.31083755966397
"295",8.52017937219731,2002,"CIV","Cote d'Ivoire",4.14795876,4.06708717,4.14515257,-77,43.983,39.5200051351893,51.544,967.815864415991,6.87504184647119
"296",20.5298013245033,2002,"HRV","Croatia",9.9538641,10.40377426,10.69833088,8,53.81,44.8218311021994,74.7173170731707,6219.58164143945,8.73545792325242
"297",27.6206322795341,2002,"CUB","Cuba",11.1904707,10.89082336,10.32092667,0,75.785,34.7699084570469,76.766,3005.21104247868,8.00810307494542
"298",10.7142857142857,2002,"CYP","Cyprus",6.7445941,6.11334372,5.79073286,10,68.694,41.8898878099052,78.758,16093.2158203125,9.68615308454772
"299",17,2002,"CZE","Czechia",12.18289185,11.61948967,13.14472771,10,73.809,44.0655083489889,75.2219512195122,8101.26018588111,8.99977490706329
"300",37.9888268156425,2002,"DNK","Denmark",13.70535088,13.92824936,14.19999695,10,85.25,46.5947156316851,76.8951219512195,33257.1622586509,10.4120254291626
"301",0,2002,"DJI","Djibouti",5.49563599,5.81530714,5.38615036,3,76.624,25.0211423464706,57.824,743.013270420348,6.61071390515092
"302",17.3333333333333,2002,"DOM","Dominican Republic",10.19451523,6.73424339,6.62144899,8,63.371,35.0748984071208,70.719,3065.60329524196,8.02799966268527
"303",2.42290748898678,2002,"EGY","Egypt, Arab Rep.",6.14118385,5.44320345,5.24308968,0,42.889,20.9133330122792,67.846,1116.82884626213,7.01824856106398
"304",9.52380952380952,2002,"SLV","El Salvador",17.78228951,17.18667603,18.6806469,7,60.014,39.8401170180729,68.526,2115.41187355626,7.65700481179125
"305",5,2002,"GNQ","Equatorial Guinea",1.40894139,1.44882286,1.4902302,0,52.573,42.884195039193,54.324,2264.21065580365,7.72498148084424
"306",22,2002,"ERI","Eritrea",3.52871037,2.87028527,2.73299789,0,28.341,47.8065241844769,58.941,304.775756465092,5.71957628149256
"307",17.8217821782178,2002,"EST","Estonia",9.98040104,11.08420467,11.51855564,9,69.116,48.7844170836699,70.9048780487805,5343.18310760735,8.58357684193154
"308",3.07692307692308,2002,"SWZ","Eswatini",9.1893816,11.39668179,9.74261189,0,22.425,45.1689805936949,45.38,1351.86550182919,7.20924077075879
"309",7.6782449725777,2002,"ETH","Ethiopia",8.36867714,8.41779423,5.72665405,3,15.118,46.1224723525596,52.085,109.593813612988,4.69678092778386
"310",5.71428571428571,2002,"FJI","Fiji",8.03575706,8.61062717,9.25405025,6,48.692,31.5577802297036,65.492,2136.56794118683,7.66695605480632
"311",36.5,2002,"FIN","Finland",12.08926582,12.43871593,12.77010441,10,82.503,47.9614138557624,78.119512195122,26989.389260959,10.2031990774107
"312",12.1317157712305,2002,"FRA","France",13.85807896,13.74813557,13.93587112,10,76.38,45.7031349308647,79.2609756097561,24144.5727019529,10.0918149009861
"313",9.2436974789916,2002,"GAB","Gabon",4.66366768,6.7543745,6.51321602,0,80.368,40.1184074457084,62.175,3966.48001864663,8.28563433520173
"314",5.66037735849057,2002,"GMB","Gambia, The",6.30897522,6.30897522,6.30897522,0,49.683,48.0553633922031,57.736,376.531026962584,5.93100045277569
"315",7.23404255319149,2002,"GEO","Georgia",7.02040815,7.13276815,6.25,4,52.441,48.1932569295069,70.438,853.526171868939,6.74937620593418
"316",32.1724709784411,2002,"DEU","Germany",16.55490875,16.66930389,16.45635414,10,75.374,44.431393137186,78.2292682926829,25486.5942008748,10.1459078752958
"317",9,2002,"GHA","Ghana",6.10194254,7.78030205,7.01424837,7,45.275,49.1770115393485,58.709,297.46164468774,5.69528529125473
"318",8.66666666666667,2002,"GRC","Greece",10.86962318,10.85597706,9.96563244,10,73.303,39.2471542993376,78.6414634146341,13782.195640943,9.53113286721206
"319",8.84955752212389,2002,"GTM","Guatemala",14.79130077,14.20887375,15.73237419,8,46.005,33.6905557593062,67.835,1669.33517469705,7.42018072716456
"320",7.84313725490196,2002,"GNB","Guinea-Bissau",2.52350521,2.52350521,2.52350521,5,37.004,46.0275476811929,51.608,362.034574570354,5.89173971712785
"321",20,2002,"GUY","Guyana",7.50901365,7.35764837,7.35295486,6,28.518,30.6884502094806,64.183,950.866932470993,6.85737412896018
"322",3.6144578313253,2002,"HTI","Haiti",7.3620429,6.6061697,7.94925022,1,38.935,46.0840609422001,59.041,720.969568042522,6.58059692840876
"323",5.46875,2002,"HND","Honduras",9.4749918,9.88268948,9.59641266,7,46.61,33.6695567986146,68.714,1132.49965345317,7.03218255135552
"324",9.06735751295337,2002,"HUN","Hungary",9.66882706,11.56948948,11.08648109,10,65.081,47.4599308452402,72.3487804878049,6658.04494326809,8.80358116837775
"325",8.83977900552486,2002,"IND","India",2.77127647,2.67687607,2.6527741,9,28.244,28.0788988641758,63.649,469.149928973927,6.15092239534295
"326",8,2002,"IDN","Indonesia",3.98283839,4.49961615,4.20149517,7,43.568,36.7076975604335,66.954,881.002913569131,6.78106093304664
"327",4.13793103448276,2002,"IRN","Iran, Islamic Rep.",9.56564999,10.21229744,10.16240692,4,65.468,17.1526808854616,71.112,1891.25756092031,7.54499726293744
"328",13.2530120481928,2002,"IRL","Ireland",16.03050613,16.89721489,17.35914803,10,59.649,41.8362070431312,77.6341463414634,32705.4345565698,10.3952965374671
"329",14.1666666666667,2002,"ISR","Israel",8.6839838,9.23191071,9.5785141,7,91.33,45.2023996900924,79.4512195121951,19076.4584298321,9.85621031088822
"330",9.84126984126984,2002,"ITA","Italy",12.62734509,12.50860596,13.2801733,10,67.382,39.1873201987833,80.229268292683,22451.3964379368,10.0191080933712
"331",7.29166666666667,2002,"JPN","Japan",16.06154251,16.3582077,17.19595528,10,81.647,40.5268359208666,81.6907317073171,32820.7936433254,10.3988175460496
"332",1.25,2002,"JOR","Jordan",13.38210011,11.37036991,9.40058994,2,78.296,14.6078778650302,72.359,1706.26744384401,7.44206348237933
"333",10.3896103896104,2002,"KAZ","Kazakhstan",9.42059898,9.5652113,10.94160748,0,56.244,49.8156999616581,64.441,1573.55219932325,7.36109088997598
"334",3.57142857142857,2002,"KEN","Kenya",7.08898258,7.02242994,6.9893775,8,20.591,49.0408075885851,56.759,402.936385605382,5.9987786973909
"335",5.86080586080586,2002,"KOR","Korea, Rep.",8.93059731,7.4859376,8.29986668,8,80.299,40.5267727273506,76.7658536585366,13165.08362497,9.48532342397784
"336",0,2002,"KWT","Kuwait",5.69684553,5.63509512,5.14762115,0,100,26.0107818065806,76.5316341463415,18512.7523035862,9.8262150873062
"337",10,2002,"KGZ","Kyrgyz Republic",7.56329107,8.07252979,8.21259594,1,35.295,46.5131185404274,68.1560975609756,321.726775366804,5.77370266163882
"338",22.9357798165138,2002,"LAO","Lao PDR",6.12984419,6.83480501,5.85327101,0,24.044,47.0736123594774,59.302,313.350817148131,5.74732338444814
"339",18,2002,"LVA","Latvia",8.16237354,8.08213711,9.9400692,8,67.85,48.7433254287051,70.9609756097561,4003.60935783538,8.29495157269736
"340",2.34375,2002,"LBN","Lebanon",8.29187298,8.07041359,8.91796303,-66,86.24,22.9957918990937,74.836,4290.85283803266,8.36424078890882
"341",7.8125,2002,"LBR","Liberia",4.25491762,4.25491762,4.25491762,3,45.017,47.4746013610557,54.061,299.536445539621,5.70223609809744
"342",10.6382978723404,2002,"LTU","Lithuania",12.7128334,13.67591095,10.13123989,10,66.828,48.8711032185149,71.7609756097561,4148.13091485015,8.3304131298085
"343",16.6666666666667,2002,"LUX","Luxembourg",13.58975124,13.46735954,14.08533478,10,85.299,40.5077055186045,77.9658536585366,53005.7339209179,10.8781553738696
"344",9.32642487046632,2002,"MWI","Malawi",7.04260349,7.6335125,4.99515104,5,14.786,50.5271365543617,48.176,428.210439838398,6.05961475661129
"345",10.3626943005181,2002,"MYS","Malaysia",5.03528166,5.41107655,5.62838221,4,63.856,35.53233419685,73.469,4184.03163773539,8.33903056731641
"346",10.2040816326531,2002,"MLI","Mali",5.56610441,6.78598738,7.30055523,6,29.806,42.8253739641937,51.995,318.042432039222,5.76218480796425
"347",5.71428571428571,2002,"MUS","Mauritius",7.24555254,7.11917353,7.99441957,10,42.447,32.2379885486682,71.9658536585366,4073.06053055903,8.31214996895685
"348",16,2002,"MEX","Mexico",10.43169594,10.69286728,12.07247734,8,75.365,34.1586522315642,73.106,7983.03398381759,8.98507381666011
"349",12.8712871287129,2002,"MDA","Moldova",11.53735256,9.59353638,15.25031948,8,43.789,52.2651416990725,67.793,570.799866188293,6.3470386511743
"350",10.5263157894737,2002,"MNG","Mongolia",10.90433216,8.85847664,8.80264664,10,59.304,46.2377377214531,63.540243902439,570.249213248399,6.34607348150269
"351",10.7692307692308,2002,"MAR","Morocco",4.18854809,4.14071369,4.12965059,0,53.99,24.6613586002053,67.582,1596.02062988281,7.37526870391795
"352",30,2002,"MOZ","Mozambique",6.31664944,6.31664944,6.31664944,5,29.457,54.4365873823805,50.879,313.886661721198,5.74903197081766
"353",25,2002,"NAM","Namibia",17.18019867,16.82404709,17.39259529,6,33.766,46.3191299731967,51.988,1772.07565537493,7.47990682516047
"354",5.85365853658537,2002,"NPL","Nepal",6.10134697,5.52154541,5.48284864,1,14.24,26.5222968638152,63.507,238.89140296106,5.47600906775315
"355",34,2002,"NLD","Netherlands",13.8298893,14.19191265,14.29035187,10,79.113,44.9984019630369,78.2926829268293,29446.5330872868,10.2903314601563
"356",29.1666666666667,2002,"NZL","New Zealand",16.27812386,16.22460747,17.00220108,10,86.161,45.5542537522067,78.8463414634146,16874.1874918196,9.73354036594863
"357",20.6521739130435,2002,"NIC","Nicaragua",13.14511585,12.24404907,10.92097282,8,55.484,31.9390670357612,67.95,1014.3339042591,6.92198742408683
"358",1.20481927710843,2002,"NER","Niger",8.35599804,7.62989426,7.34862614,6,16.255,43.2999004015522,50.645,225.294391147438,5.41740795208809
"359",3.41880341880342,2002,"NGA","Nigeria",2.74149632,4.00685167,6.55428886,4,36.508,47.1167082890965,48.02,712.164852077686,6.56830941842913
"360",17.5,2002,"MKD","North Macedonia",12.38785744,13.76112652,13.83370781,9,58.13,40.398404551268,73.0390243902439,1989.13537265159,7.59545533719737
"361",36.3636363636364,2002,"NOR","Norway",15.81267834,15.86160946,16.11783028,10,76.733,47.2956422878041,78.9878048780488,43170.557174499,10.6729139949869
"362",21.0526315789474,2002,"PAK","Pakistan",6.26631975,3.98045206,4.50923157,0,33.38,15.5881366543518,62.556,599.937345723927,6.39682522597015
"363",9.85915492957746,2002,"PAN","Panama",18.8447361,17.18168831,19.21107483,9,62.794,36.586378188411,74.195,4090.58617397129,8.31644355758707
"364",2.5,2002,"PRY","Paraguay",8.33574581,10.35359955,10.3499136,7,56.6,37.5302185889177,70.539,1367.76506935997,7.22093335051071
"365",18.3333333333333,2002,"PER","Peru",12.83901119,11.61311531,11.77817726,9,73.85,43.1539213447192,70.815,2007.37019626753,7.6045807843369
"366",17.7570093457944,2002,"PHL","Philippines",4.75280809,5.4588623,5.61920071,8,45.965,38.97780419855,67.886,1014.90879320106,6.92255402852312
"367",20.2173913043478,2002,"POL","Poland",9.38837528,8.95027637,9.11025715,10,61.787,45.8799436291397,74.4975609756098,5223.45178967082,8.56091372472809
"368",19.1304347826087,2002,"PRT","Portugal",14.46359634,14.19991493,14.54915047,10,55.666,45.6514228767578,77.0658536585366,12936.6928204482,9.46782295737135
"369",10.7246376811594,2002,"ROU","Romania",10.54747868,12.99804401,11.96030045,8,52.78,43.84800160541,71.009756097561,2119.85509684554,7.6591030147855
"370",7.57238307349666,2002,"RUS","Russian Federation",9.51892662,9.20299911,9.44207001,6,73.341,48.9043515100748,65.1287804878049,2377.52954101563,7.77381721958552
"371",25.6756756756757,2002,"RWA","Rwanda",3.70572662,12.45489502,10.78895473,0,16.777,46.9918513059594,51.262,234.043016755733,5.45550493075207
"372",19.1666666666667,2002,"SEN","Senegal",8.63635921,9.04788303,8.96697044,8,40.607,34.0587652686214,58.912,669.430447319209,6.50642727223523
"373",11.7647058823529,2002,"SGP","Singapore",6.54224348,8.32677841,7.12897968,0,100,39.2013348043323,78.5512195121951,22159.8373710639,10.0060368019834
"374",17.3333333333333,2002,"SVK","Slovak Republic",10.66064644,11.73906803,13.2270298,9,56.013,45.5904749983545,73.6048780487805,6554.62808369461,8.78792665678412
"375",12.2222222222222,2002,"SVN","Slovenia",12.29267883,12.36053562,12.25810051,10,50.857,45.8589177658434,76.0073170731707,11639.1297780477,9.36212795715455
"376",0,2002,"SLB","Solomon Islands",32.32431412,24.23223686,21.11802673,-77,16.597,47.5492492693483,67.35,756.890296490792,6.62921832416529
"377",29.8245614035088,2002,"ZAF","South Africa",10.37981224,12.33823776,12.0292511,9,57.898,46.1047292640398,55.58,2688.23676032806,7.89664077824337
"378",28.2857142857143,2002,"ESP","Spain",12.55124187,14.01369381,14.05109215,10,76.533,40.0008677174261,79.5682926829268,17111.0685058941,9.74748081414116
"379",4.44444444444444,2002,"LKA","Sri Lanka",10.37383842,10.3829298,11.04907322,7,18.349,33.0650136089281,72.271,834.936014905338,6.72735509305883
"380",9.72222222222222,2002,"SDN","Sudan",10.70719147,10.07152081,9.52674675,0,32.601,27.4435689808968,59.308,506.262634277344,6.22705557470656
"381",17.6470588235294,2002,"SUR","Suriname",11.07381153,11.15236187,11.67535591,6,66.591,35.5379829991628,65.274,2202.340682196,7.69727602020924
"382",44.9856733524355,2002,"SWE","Sweden",12.64378357,12.85495567,12.81434059,10,84.133,47.7019703761131,79.8463414634146,29957.9387652616,10.307549635707
"383",23,2002,"CHE","Switzerland",8.83963394,9.30684757,9.30845737,10,73.401,45.2190107582609,80.3853658536585,42458.7384679187,10.6562880237447
"384",10.4,2002,"SYR","Syrian Arab Republic",7.21175766,7.51466179,6.81887627,0,52.682,20.0101796459123,71.742,1183.2473451033,7.07601792505116
"385",12.6984126984127,2002,"TJK","Tajikistan",4.21875,4.03528118,4.41860485,2,26.505,36.7710661703582,64.898,186.951638285222,5.23084996461137
"386",22.2627737226277,2002,"TZA","Tanzania",9.78842449,9.70851707,11.55348301,2,23.044,49.7698116802079,54.94,402.649047851563,5.99806533353384
"387",9.2,2002,"THA","Thailand",8.71551132,11.45679474,10.7134676,9,33.734,45.4347728167866,71.775,2089.75183111554,7.64480059681553
"388",4.93827160493827,2002,"TGO","Togo",4.05133438,4.24208784,4.20555353,1,33.809,47.7563477578814,55.032,445.238691488925,6.0986105237314
"389",19.4444444444444,2002,"TTO","Trinidad and Tobago",8.04972553,8.5635004,8.26660061,9,55.53,39.7345555147324,69.232,6762.93080808096,8.81921162657198
"390",11.5384615384615,2002,"TUN","Tunisia",10.98641014,11.40784454,11.54679012,1,64.202,25.1302622705767,73.07,2320.7723805785,7.74965533191705
"391",26,2002,"TKM","Turkmenistan",13.47213745,13.99738979,12.82281208,0,46.362,51.7315446059324,65.593,935.540801478466,6.84112475938461
"392",24.6710526315789,2002,"UGA","Uganda",8.74788189,8.94947052,8.76694775,0,15.626,49.5110670630988,51.443,241.984688408335,5.48887445311505
"393",0,2002,"ARE","United Arab Emirates",7.80031395,8.08750439,7.94020653,0,81.067,12.8011690170581,78.721,27753.6089526346,10.2311211630657
"394",17.9059180576631,2002,"GBR","United Kingdom",16.05598831,16.24128342,16.66044426,10,79.047,45.9987343376135,78.1439024390244,30077.741432188,10.3115406898786
"395",13.7931034482759,2002,"USA","United States",17.2201767,17.50545311,17.92694664,10,79.409,45.1021437378559,76.9365853658537,37997.7424300242,10.5452820272075
"396",12.1212121212121,2002,"URY","Uruguay",16.74390793,18.08441544,16.24844742,10,92.569,43.2278198123822,74.979,4149.76140312687,8.3308061183495
"397",7.2,2002,"UZB","Uzbekistan",5.58452082,6.01096392,6.13769007,0,47.088,39.020932414437,66.376,381.409296889283,5.94387306856216
"398",27.3092369477912,2002,"VNM","Viet Nam",8.61995983,7.16033077,8.6892519,0,25.511,49.4925957379102,73.138,445.132861817313,6.09837280348592
"399",0.668896321070234,2002,"YEM","Yemen, Rep.",7.57236004,6.80722618,5.71684551,1,27.315,20.2514300214635,63.807,513.241486570603,6.24074646846601
"400",12.0253164556962,2002,"ZMB","Zambia",6.88475037,5.32276154,5.65226936,5,35.475,45.312358751484,48.461,393.864625518616,5.97600726020307
"401",5.71428571428571,2003,"ALB","Albania",8.99717617,9.35447502,9.30094719,7,44.573,42.768925337026,75.557,1908.69900687608,7.5541771407214
"402",6.16966580976864,2003,"DZA","Algeria",9.43778801,8.66916943,7.76159906,1,62.284,13.9341174453648,71.906,2283.77299346126,7.73358417593327
"403",15.4545454545455,2003,"AGO","Angola",4.26046801,5.65923882,4.8206377,2,53.645,50.4783114444896,50.218,992.698979254665,6.90042747534358
"404",30.7392996108949,2003,"ARG","Argentina",17.12602234,16.25901031,16.02175713,8,89.686,41.2091313237418,74.307,3320.47775133903,8.10786395256351
"405",4.58015267175572,2003,"ARM","Armenia",5.37522793,6.27547503,7.44000816,5,64.137,49.411245265675,72.8268292682927,882.030167695474,6.78222625915822
"406",25.3333333333333,2003,"AUS","Australia",15.48101234,15.94705105,15.90276814,10,84.343,44.641377969827,80.2390243902439,23718.1338501868,10.0739951759099
"407",33.879781420765,2003,"AUT","Austria",13.61917305,13.02688408,13.67242336,10,59.375,44.4867937044112,78.6317073170732,32110.1159661425,10.3769263986044
"408",10.4838709677419,2003,"AZE","Azerbaijan",3.57235146,3.55759931,3.95949173,0,51.988,50.7406678444438,67.036,883.692580745256,6.7841092428174
"409",0,2003,"BHR","Bahrain",8.75817966,9.0417614,9.13842487,0,88.383,20.3948944324676,75.486,14486.0269029822,9.58093980192476
"410",2,2003,"BGD","Bangladesh",4.7553134,4.86526632,4.38883734,6,25.429,24.7116215553744,64.288,426.74880754362,6.05619556739676
"411",10.3092783505155,2003,"BLR","Belarus",10.07395458,9.99574471,10.05169773,0,71.415,49.3189755848382,68.5536585365854,1819.52653114699,7.50633159850512
"412",35.3333333333333,2003,"BEL","Belgium",13.30091095,14.17946815,13.29590225,10,97.296,43.1087638516995,78.1292682926829,30655.2092679024,10.3305578867239
"413",6.02409638554217,2003,"BEN","Benin",7.73368263,8.69476223,7.55740261,6,39.536,47.1808273434765,57.092,676.002878084282,6.51619733355503
"414",9.33333333333333,2003,"BTN","Bhutan",7.6382122,9.08555698,6.72386217,0,28.688,40.7863810708093,64.662,1022.38240311018,6.92989087211969
"415",18.4615384615385,2003,"BOL","Bolivia",8.61168194,7.83916283,8.29879856,8,63.248,41.6531886169516,63.455,893.013760211149,6.79460198972883
"416",16.6666666666667,2003,"BIH","Bosnia and Herzegovina",11.58645248,11.32033443,10.81009102,-66,43.33,41.6665821875144,76.449,2033.94700935864,7.61773352383975
"417",17.0212765957447,2003,"BWA","Botswana",8.17829704,8.17829704,8.17829704,8,55.029,44.6910870274819,52.851,4230.12326909926,8.34998641324674
"418",8.57699805068226,2003,"BRA","Brazil",8.2109251,8.43704319,7.71487045,8,82.203,41.6414621966131,70.884,3090.6070097455,8.03612279388267
"419",26.25,2003,"BGR","Bulgaria",11.33319283,10.82743073,11.16988087,9,69.879,46.3160107149476,72.0658536585366,2719.49436859287,7.90820124810995
"420",11.7117117117117,2003,"BFA","Burkina Faso",5.56972933,8.39099884,6.04864025,2,19.996,44.5020935020126,51.959,362.373899996953,5.89267655169931
"421",18.4357541899441,2003,"BDI","Burundi",3.71581554,5.80384302,6.223104,-88,8.908,51.6531656834327,50.997,111.406682804391,4.71318731496132
"422",11.1111111111111,2003,"CPV","Cabo Verde",11.36700153,9.63142586,8.80299091,10,55.997,40.7423685953399,70.006,1717.97565369655,7.44890193113794
"423",9.75609756097561,2003,"KHM","Cambodia",9.43044186,9.90109062,9.89736652,3,18.937,50.1544839256832,62.345,386.691123931778,5.95762624497971
"424",8.88888888888889,2003,"CMR","Cameroon",6.51537704,5.26183367,5.24748802,0,47.338,48.3093139407528,54.253,988.241276791846,6.89592687521332
"425",20.5980066445183,2003,"CAN","Canada",16.36354446,16.9260788,17.13103867,10,79.967,46.3435972861194,79.7151219512195,28301.8645937428,10.2506829681656
"426",5.80645161290323,2003,"TCD","Chad",8.9815588,15.0313797,12.42341423,1,21.735,44.0088749262256,48.609,289.087621122168,5.6667298294344
"427",12.5,2003,"CHL","Chile",12.48133278,13.10177708,12.86940479,9,86.665,34.8422913773609,77.884,4773.40177520754,8.4708144901252
"428",20.2345058626466,2003,"CHN","China",6.87652969,7.26605844,7.48882914,0,39.776,45.0560297298443,73.385,1306.97245408557,7.17546863772161
"429",12.0481927710843,2003,"COL","Colombia",15.59885502,15.73734665,16.83091927,7,75.211,40.6338074285069,72.309,2311.94218760291,7.74584322411756
"430",8.52713178294574,2003,"COG","Congo, Rep.",1.85525787,1.78429937,1.95315254,0,60.076,49.4064162049254,57.131,1016.82363412143,6.92443896323359
"431",35.0877192982456,2003,"CRI","Costa Rica",26.33198166,25.73747253,26.82588387,10,63.08,35.2264404106422,78.214,4173.14856415514,8.33642608124113
"432",8.52017937219731,2003,"CIV","Cote d'Ivoire",4.06708717,4.14515257,3.89134884,-77,44.399,40.2089580066152,51.443,1111.17135087887,7.01317000896132
"433",35.9605911330049,2003,"CUB","Cuba",10.89082336,10.32092667,11.66760921,0,75.947,35.1368354828562,77.405,3202.78109865637,8.071774804675
"434",10.7142857142857,2003,"CYP","Cyprus",6.11334372,5.79073286,5.74122572,10,68.553,42.2226057361192,78.908,20252.24609375,9.91602098459359
"435",17,2003,"CZE","Czechia",11.61948967,13.14472771,12.75457001,10,73.74,44.1430112965051,75.1707317073171,9852.45677945801,9.19547612230065
"436",37.9888268156425,2003,"DNK","Denmark",13.92824936,14.19999695,14.85673332,10,85.36,46.4528307919211,77.1439024390244,40519.0974905924,10.6095286849308
"437",10.7692307692308,2003,"DJI","Djibouti",5.81530714,5.38615036,5.32781839,3,76.67,25.1012193192671,58.041,764.634465224597,6.63939789639681
"438",17.3333333333333,2003,"DOM","Dominican Republic",6.73424339,6.62144899,8.9872961,8,64.605,34.9026797346968,70.856,2383.26171780393,7.7762252980946
"439",16,2003,"ECU","Ecuador",8.21314716,8.46123028,7.86558485,6,61.316,38.0255664126632,73.632,2315.62215223014,7.74743367867755
"440",2.42290748898678,2003,"EGY","Egypt, Arab Rep.",5.44320345,5.24308968,5.24353075,0,42.935,21.2908229380941,68.045,1031.27556291284,6.93855172562078
"441",10.7142857142857,2003,"SLV","El Salvador",17.18667603,18.6806469,18.93865585,7,60.561,40.1991968493465,68.792,2207.83089518069,7.69976581713644
"442",5,2003,"GNQ","Equatorial Guinea",1.44882286,1.4902302,1.46381831,0,54.307,43.0566584610498,54.791,2930.60183743733,7.98296308618705
"443",22,2003,"ERI","Eritrea",2.87028527,2.73299789,1.11400759,0,29.244,47.8507547260588,59.455,348.950327077742,5.85492958278252
"444",18.8118811881188,2003,"EST","Estonia",11.08420467,11.51855564,11.57624435,9,68.989,48.430718307941,71.3170731707317,7205.40703313243,8.8825869999861
"445",10.7692307692308,2003,"SWZ","Eswatini",11.39668179,9.74261189,12.61231613,0,22.296,45.599493082947,44.632,2060.18418135789,7.63055066621309
"446",7.6782449725777,2003,"ETH","Ethiopia",8.41779423,5.72665405,7.55002403,3,15.31,46.0651102518365,52.877,116.800491132777,4.7604672752892
"447",5.71428571428571,2003,"FJI","Fiji",8.61062717,9.25405025,10.35953331,6,49.085,31.278503094938,65.653,2655.58079586044,7.88441866525554
"448",37.5,2003,"FIN","Finland",12.43871593,12.77010441,13.15530968,10,82.638,47.8279449830356,78.3682926829268,32920.0857192568,10.4018382586533
"449",12.1951219512195,2003,"FRA","France",13.74813557,13.93587112,13.90521812,10,76.632,46.3655499982009,79.1146341463415,29479.5222101175,10.2914511389168
"450",9.2436974789916,2003,"GAB","Gabon",6.7543745,6.51321602,5.07680273,0,81.083,40.2130282878958,62.463,4710.74862768151,8.45760211868621
"451",13.2075471698113,2003,"GMB","Gambia, The",6.30897522,6.30897522,6.30897522,0,50.555,48.3532830382955,58.223,308.719123437587,5.7324318778809
"452",7.23404255319149,2003,"GEO","Georgia",7.13276815,6.25,5.57707214,4,52.83,48.6975199553928,71.377,1010.03151630868,6.91773681361449
"453",32.1724709784411,2003,"DEU","Germany",16.66930389,16.45635414,16.66615295,10,75.577,44.7539332906337,78.3804878048781,30711.1022511331,10.3323795050452
"454",9,2003,"GHA","Ghana",7.78030205,7.01424837,13.74466038,7,45.951,49.032915335721,59.014,358.39927142073,5.88164764823244
"455",8.66666666666667,2003,"GRC","Greece",10.85597706,9.96563244,11.43558979,10,73.689,39.5383143097013,78.8414634146341,18020.612039764,9.79927149505636
"456",8.22784810126582,2003,"GTM","Guatemala",14.20887375,15.73237419,14.20312977,8,46.318,33.7958163694449,68.204,1722.54701910774,7.45155929952991
"457",19.2982456140351,2003,"GIN","Guinea",2.85787916,1.85608542,2.37353611,1,31.698,50.5511509733801,53.589,566.48540588068,6.33945131823098
"458",20,2003,"GUY","Guyana",7.35764837,7.35295486,6.27540493,6,28.307,31.1830345761922,64.117,973.742598054188,6.88114699567128
"459",3.6144578313253,2003,"HTI","Haiti",6.6061697,7.94925022,6.66875458,1,40.645,46.1716089844498,59.44,578.995291079709,6.36129434468968
"460",5.46875,2003,"HND","Honduras",9.88268948,9.59641266,12.36688042,7,47.267,33.6349528268448,68.874,1156.08162681357,7.05279165816987
"461",9.84455958549223,2003,"HUN","Hungary",11.56948948,11.08648109,11.35830498,10,65.489,47.5110409495849,72.3,8410.09248198479,9.03718774957535
"462",8.83977900552486,2003,"IND","India",2.67687607,2.6527741,2.93604422,9,28.572,28.2298793462636,64.086,544.143133545002,6.29921232538195
"463",8,2003,"IDN","Indonesia",4.49961615,4.20149517,4.2081809,7,44.356,36.7054784360236,67.134,1043.2105838671,6.95005833669905
"464",4.13793103448276,2003,"IRN","Iran, Islamic Rep.",10.21229744,10.16240692,9.00558662,4,66.172,18.0750094602611,70.464,2208.99636553529,7.70029355812012
"465",13.2530120481928,2003,"IRL","Ireland",16.89721489,17.35914803,18.25286674,10,59.925,41.9825765731369,78.1390243902439,41203.5295847568,10.6262792012011
"466",15,2003,"ISR","Israel",9.23191071,9.5785141,9.56954479,7,91.393,45.6975573525579,79.6487804878049,19643.4690380742,9.8855001975775
"467",11.4886731391586,2003,"ITA","Italy",12.50860596,13.2801733,13.67860889,10,67.501,39.378072022518,79.9829268292683,27577.5700319855,10.2247580413013
"468",11.6666666666667,2003,"JAM","Jamaica",6.13759899,7.64527464,7.4342041,9,52.437,44.0718418596187,71.585,3549.70758394618,8.17462050835742
"469",7.08333333333333,2003,"JPN","Japan",16.3582077,17.19595528,17.75488091,10,83.196,40.6086762802785,81.76,35387.0374203599,10.4741008574975
"470",5.45454545454545,2003,"JOR","Jordan",11.37036991,9.40058994,11.78674316,2,78.308,13.7276636099636,72.585,1775.67625581432,7.48193661854273
"471",10.3896103896104,2003,"KAZ","Kazakhstan",9.5652113,10.94160748,11.53032875,0,56.317,49.7433108224829,64.753,1958.02050246511,7.57968929416184
"472",7.14285714285714,2003,"KEN","Kenya",7.02242994,6.9893775,6.89238787,8,20.948,48.9647123704659,57.369,442.898457253405,6.09334052763884
"473",5.86080586080586,2003,"KOR","Korea, Rep.",7.4859376,8.29986668,8.88237858,8,80.652,40.1581850275622,77.2146341463415,14672.8057539465,9.59375111078729
"474",0,2003,"KWT","Kuwait",5.63509512,5.14762115,5.38289976,0,100,26.0680340266102,76.6445609756098,22690.655175144,10.0297084524184
"475",10,2003,"KGZ","Kyrgyz Republic",8.07252979,8.21259594,13.06986713,1,35.293,46.2813745128105,68.2560975609756,380.505828812441,5.94150149600817
"476",22.9357798165138,2003,"LAO","Lao PDR",6.83480501,5.85327101,5.91417122,0,25.126,47.0098216570627,59.643,355.097216151461,5.87239160029979
"477",21,2003,"LVA","Latvia",8.08213711,9.9400692,9.33693027,8,67.8,48.9366630764587,71.2658536585366,4914.57992829302,8.49996156164348
"478",2.34375,2003,"LBN","Lebanon",8.07041359,8.91796303,9.22798729,-66,86.366,23.1541583970082,75.275,4437.71588507526,8.3978950827581
"479",11.6666666666667,2003,"LSO","Lesotho",7.90368414,8.25286293,5.9978323,8,21.137,47.7180059292877,44.921,583.270036200288,6.36865026299095
"480",7.8125,2003,"LBR","Liberia",4.25491762,4.25491762,4.25491762,-88,45.361,47.4925604883641,53.045,239.779556677091,5.47971998740421
"481",10.6382978723404,2003,"LTU","Lithuania",13.67591095,10.13123989,10.04997158,10,66.737,49.6674788352361,72.0609756097561,5507.47434187652,8.61386141990514
"482",16.6666666666667,2003,"LUX","Luxembourg",13.46735954,14.08533478,13.79857063,10,85.743,41.0130403406954,77.7268292682927,65689.3214536911,11.092691656311
"483",3.75,2003,"MDG","Madagascar",13.09897804,10.02646637,10.53517532,7,27.936,48.7646227313635,59.693,352.620095849925,5.86539126167472
"484",9.32642487046632,2003,"MWI","Malawi",7.6335125,4.99515104,6.03783035,6,14.875,50.5910968624485,49.601,383.348596852642,5.94894474977293
"485",10.4712041884817,2003,"MYS","Malaysia",5.41107655,5.62838221,5.55390263,4,64.78,35.495746904758,73.727,4465.32194567208,8.40409659500507
"486",10.2040816326531,2003,"MLI","Mali",6.78598738,7.30055523,6.45821333,6,30.547,42.8167657812487,52.632,371.627016389759,5.91789070717575
"487",3.7037037037037,2003,"MRT","Mauritania",2.60668302,2.96115541,3.84421062,0,40.351,31.5744769562112,62.805,732.017820812675,6.59580485903748
"488",5.71428571428571,2003,"MUS","Mauritius",7.11917353,7.99441957,7.36270761,10,42.335,33.7468489028576,72.1170731707317,4858.26575549747,8.48843681277922
"489",22.6,2003,"MEX","Mexico",10.69286728,12.07247734,11.14233589,8,75.682,34.5182608949361,73.308,7434.07465031562,8.91382939254953
"490",12.8712871287129,2003,"MDA","Moldova",9.59353638,15.25031948,13.57666016,8,43.389,53.4663954765242,67.9,682.319095965299,6.52549743106757
"491",10.5263157894737,2003,"MNG","Mongolia",8.85847664,8.80264664,9.4847002,10,60.378,46.2220237464589,63.5753658536585,643.168068921658,6.46640607254299
"492",10.7692307692308,2003,"MAR","Morocco",4.14071369,4.12965059,3.85011864,0,54.317,24.9175999872862,67.958,1941.87255859375,7.57140802290481
"493",30,2003,"MOZ","Mozambique",6.31664944,6.31664944,8.39700031,5,29.637,54.3815034750909,51.383,339.488737800648,5.8274407735491
"494",26.3888888888889,2003,"NAM","Namibia",16.82404709,17.39259529,16.26776886,6,34.709,46.511668705414,51.918,2569.24739317883,7.85136829188127
"495",5.85365853658537,2003,"NPL","Nepal",5.52154541,5.48284864,6.25147295,1,14.538,26.9108008865015,64.229,246.429706587633,5.50707678684211
"496",36.6666666666667,2003,"NLD","Netherlands",14.19191265,14.29035187,14.58909702,10,80.341,45.2017407569073,78.4926829268293,35896.7504630706,10.4884020540305
"497",28.3333333333333,2003,"NZL","New Zealand",16.22460747,17.00220108,17.37923622,10,86.221,45.9357611086872,79.1463414634146,21913.7081719961,9.99486766391017
"498",20.6521739130435,2003,"NIC","Nicaragua",12.24404907,10.92097282,11.79316902,8,55.633,32.4715398761155,68.749,1021.35216668794,6.92888268199097
"499",1.20481927710843,2003,"NER","Niger",7.62989426,7.34862614,12.34742451,6,16.251,43.1961471535913,51.545,265.225363452469,5.58057989269964
"500",4.72222222222222,2003,"NGA","Nigeria",4.00685167,6.55428886,6.40770292,4,37.356,47.1185190890092,48.618,763.388745367223,6.63776739742962
"501",18.3333333333333,2003,"MKD","North Macedonia",13.76112652,13.83370781,13.46777534,9,57.921,41.0212279044151,73.2414634146342,2445.36286400013,7.8019488015312
"502",36.3636363636364,2003,"NOR","Norway",15.86160946,16.11783028,16.27973175,10,77.084,47.4522142520534,79.390243902439,50250.3298214345,10.8247723895104
"503",21.6374269005848,2003,"PAK","Pakistan",3.98045206,4.50923157,3.9776814,0,33.58,16.3119279732944,62.834,672.44178669894,6.51091554519978
"504",9.85915492957746,2003,"PAN","Panama",17.18168831,19.21107483,16.471035,9,63.091,36.9080430252745,74.567,4264.66428846636,8.35811874368972
"505",0.917431192660551,2003,"PNG","Papua New Guinea",7.63461208,8.74625015,7.8258791,4,13.146,47.5049542461993,61.741,577.467922387259,6.35865289520346
"506",8.75,2003,"PRY","Paraguay",10.35359955,10.3499136,10.89165306,8,56.977,38.0128237482855,70.795,1443.99885236205,7.27517152468933
"507",18.3333333333333,2003,"PER","Peru",11.61311531,11.77817726,12.59054375,9,74.249,43.4757784416511,71.278,2129.44114197634,7.66361484961822
"508",17.7570093457944,2003,"PHL","Philippines",5.4588623,5.61920071,6.60978031,8,45.88,38.9637811477105,68.049,1027.2301192843,6.93462125423898
"509",20.2173913043478,2003,"POL","Poland",8.95027637,9.11025715,8.99514961,10,61.676,45.8420016480469,74.5975609756098,5720.81366178104,8.6518663228206
"510",19.1304347826087,2003,"PRT","Portugal",14.19991493,14.54915047,14.63580132,10,56.287,46.3165884590483,77.219512195122,15797.7821340276,9.66762483789801
"511",10.7246376811594,2003,"ROU","Romania",12.99804401,11.96030045,13.16346741,8,52.912,43.8293282644745,71.309756097561,2679.40626016154,7.8933505042444
"512",7.57238307349666,2003,"RUS","Russian Federation",9.20299911,9.44207001,9.90451813,6,73.373,49.0324960423083,65.0275609756098,2975.123046875,7.99804067741853
"513",48.75,2003,"RWA","Rwanda",12.45489502,10.78895473,8.09271908,0,16.904,47.1644710897984,53.529,249.012274982252,5.51750219236712
"514",0,2003,"SAU","Saudi Arabia",8.69626904,8.23897934,8.80391121,0,80.53,13.653583454631,73.657,11487.220410693,9.34899042779914
"515",19.1666666666667,2003,"SEN","Senegal",9.04788303,8.96697044,8.54413509,8,40.898,34.1342885830299,59.474,817.888034221442,6.70672544975427
"516",14.5161290322581,2003,"SLE","Sierra Leone",5.45097542,5.45097542,5.45097542,5,36.352,51.2070528795494,46.784,413.817607346927,6.02542531478543
"517",15.9574468085106,2003,"SGP","Singapore",8.32677841,7.12897968,7.88790894,0,100,40.0188018895623,79.0390243902439,23730.3840054566,10.0745115315769
"518",19.3333333333333,2003,"SVK","Slovak Republic",11.73906803,13.2270298,12.46140289,9,55.863,45.6118422609756,73.6048780487805,8675.39633696465,9.0682462910296
"519",12.2222222222222,2003,"SVN","Slovenia",12.36053562,12.25810051,12.44736862,10,51.082,45.8214739148113,76.8585365853659,14711.674874253,9.5963966666825
"520",0,2003,"SLB","Solomon Islands",24.23223686,21.11802673,23.7696476,-66,17.001,47.6470690873559,67.479,895.989272661716,6.7979284404275
"521",29.8245614035088,2003,"ZAF","South Africa",12.33823776,12.0292511,10.91880608,9,58.446,46.3392014461917,54.245,4062.21755993786,8.3094843005135
"522",28.2857142857143,2003,"ESP","Spain",14.01369381,14.05109215,14.39779758,10,76.778,40.4712675171918,79.619512195122,21522.0170990262,9.9768317412506
"523",4.44444444444444,2003,"LKA","Sri Lanka",10.3829298,11.04907322,10.13588715,6,18.334,33.0536230959856,72.442,946.382255128072,6.85264656262372
"524",9.72222222222222,2003,"SDN","Sudan",10.07152081,9.52674675,8.09948635,0,32.654,27.3294226909105,58.319,580.320251464844,6.3635801088555
"525",17.6470588235294,2003,"SUR","Suriname",11.15236187,11.67535591,10.63834286,6,66.664,35.7450838524479,65.778,2516.10404020956,7.83046696840003
"526",45.2722063037249,2003,"SWE","Sweden",12.85495567,12.81434059,12.82578373,10,84.196,47.7350795987052,80.0951219512195,37292.4214343004,10.5265454062832
"527",25,2003,"CHE","Switzerland",9.30684757,9.30845737,9.39204693,10,73.427,45.2296978059687,80.5365853658537,49335.7456291067,10.80640416077
"528",12,2003,"SYR","Syrian Arab Republic",7.51466179,6.81887627,7.34346199,0,53.049,19.7753878344602,72.188,1220.179077256,7.10675291159156
"529",12.6984126984127,2003,"TJK","Tajikistan",4.03528118,4.41860485,4.31515169,1,26.507,36.7897210239837,65.874,233.58124845289,5.45352997569824
"530",21.3559322033898,2003,"TZA","Tanzania",9.70851707,11.55348301,12.6199131,2,23.611,49.9407366254354,55.929,422.18359375,6.04544027570609
"531",9.2,2003,"THA","Thailand",11.45679474,10.7134676,10.5017271,9,34.941,45.5211623935726,72.101,2347.54001286066,7.76112325581923
"532",26.1363636363636,2003,"TLS","Timor-Leste",1.62494636,2.25405741,3.63453341,6,25.343,44.8230406970005,60.13,534.901153697657,6.28208197038225
"533",7.40740740740741,2003,"TGO","Togo",4.24208784,4.20555353,3.80081558,1,34.265,47.7937576988914,55.299,538.16537776929,6.28816590654926
"534",19.4444444444444,2003,"TTO","Trinidad and Tobago",8.5635004,8.26660061,8.02571201,9,55.343,40.551599693792,69.454,8445.04653518298,9.04133533960955
"535",11.5384615384615,2003,"TUN","Tunisia",11.40784454,11.54679012,11.35010338,1,64.585,25.3812345071289,73.304,2725.8643148859,7.91054083658112
"536",4.36363636363636,2003,"TUR","Turkiye",9.29146957,10.18661499,10.3244648,8,66.602,27.594518980019,72.906,4637.88218501529,8.44201311538315
"537",26,2003,"TKM","Turkmenistan",13.99738979,12.82281208,10.27287388,0,46.587,51.7597663510464,65.854,1228.94870289404,7.11391436979668
"538",24.6710526315789,2003,"UGA","Uganda",8.94947052,8.76694775,7.13494539,0,16.061,49.4935554911958,52.414,250.71543664681,5.52431857744817
"539",5.33333333333333,2003,"UKR","Ukraine",9.38550282,8.1810751,8.43188095,6,67.427,50.7095326805957,67.638,1076.48156738281,6.98145319392936
"540",0,2003,"ARE","United Arab Emirates",8.08750439,7.94020653,8.37682343,0,81.472,12.9723904651134,79.6,29659.5428567811,10.2975392027876
"541",17.9059180576631,2003,"GBR","United Kingdom",16.24128342,16.66044426,16.532938,10,79.339,45.8472766430222,78.4463414634146,34442.6875402308,10.4470519909277
"542",14.2528735632184,2003,"USA","United States",17.50545311,17.92694664,17.94141579,10,79.583,45.2250133465162,77.0365853658537,39490.3023903176,10.583810411641
"543",12.1212121212121,2003,"URY","Uruguay",18.08441544,16.24844742,13.28085995,10,92.828,43.6192674946604,75.086,3671.12329256883,8.20825296848688
"544",7.2,2003,"UZB","Uzbekistan",6.01096392,6.13769007,6.46768093,0,47.571,38.890563968762,66.852,394.164028897235,5.97676713966012
"545",27.3092369477912,2003,"VNM","Viet Nam",7.16033077,8.6892519,8.66923904,0,26.092,49.4086285406023,73.236,497.117089249256,6.2088255904
"546",0.332225913621262,2003,"YEM","Yemen, Rep.",6.80722618,5.71684551,4.50115108,1,27.849,19.1818603841107,64.407,548.905883049973,6.30792699338868
"547",12.0253164556962,2003,"ZMB","Zambia",5.32276154,5.65226936,5.53764105,5,35.951,45.2447893672886,49.616,446.290104839041,6.10096919984348
"548",6.42857142857143,2004,"ALB","Albania",9.35447502,9.30094719,9.0339222,7,45.651,42.9254401023417,75.951,2446.90949947798,7.80258107848329
"549",6.16966580976864,2004,"DZA","Algeria",8.66916943,7.76159906,7.84512997,3,63.061,14.2268553836777,72.536,2816.99384960555,7.94342558456037
"550",15,2004,"AGO","Angola",5.65923882,4.8206377,4.7187376,2,54.827,50.4656253200158,51.123,1266.21086410236,7.14378414815722
"551",33.7254901960784,2004,"ARG","Argentina",16.25901031,16.02175713,15.09950352,8,89.86,41.4591721374085,74.871,4242.02099089422,8.35279508346086
"552",5.34351145038168,2004,"ARM","Armenia",6.27547503,7.44000816,7.93185902,5,64.038,49.4521672299197,73.0268292682927,1130.08791444158,7.03005070907087
"553",24.6666666666667,2004,"AUS","Australia",15.94705105,15.90276814,15.93996811,10,84.463,44.5360637126181,80.490243902439,30836.7306824685,10.3364618130588
"554",33.879781420765,2004,"AUT","Austria",13.02688408,13.67242336,13.78215981,10,59.094,45.1227401885519,79.180487804878,36614.2506533707,10.5081928057217
"555",10.4838709677419,2004,"AZE","Azerbaijan",3.55759931,3.95949173,3.42998004,0,52.189,50.6837707871105,67.488,1045.0136328106,6.95178521006559
"556",0,2004,"BHR","Bahrain",9.0417614,9.13842487,8.94466305,0,88.399,20.4671319629838,75.787,15963.9493171617,9.67808829134284
"557",2,2004,"BGD","Bangladesh",4.86526632,4.38883734,4.7282033,6,26.114,24.8713114558934,64.912,455.614016909798,6.12164599692461
"558",29.3577981651376,2004,"BLR","Belarus",9.99574471,10.05169773,8.44287395,0,71.887,49.4070805134802,68.9560975609756,2378.33700470129,7.77415678491422
"559",34.6666666666667,2004,"BEL","Belgium",14.17946815,13.29590225,13.94907475,10,97.35,43.8930771905734,78.8780487804878,35429.4077933344,10.4752974828831
"560",7.2289156626506,2004,"BEN","Benin",8.69476223,7.55740261,8.31231785,6,40.039,47.43319513182,57.346,758.695803786371,6.63160091153444
"561",9.21052631578947,2004,"BTN","Bhutan",9.08555698,6.72386217,6.82967377,0,29.835,41.114139785309,65.29,1130.35934606796,7.03029086652327
"562",19.2307692307692,2004,"BOL","Bolivia",7.83916283,8.29879856,8.75200176,8,63.711,41.6818812152852,63.819,953.191893246277,6.85981624041112
"563",16.6666666666667,2004,"BIH","Bosnia and Herzegovina",11.32033443,10.81009102,10.95802307,-66,43.648,41.7074197128225,76.489,2452.68616839392,7.80493909819927
"564",11.1111111111111,2004,"BWA","Botswana",8.17829704,8.17829704,8.17829704,8,55.488,45.0234218416849,53.573,4956.69287735214,8.50849403873824
"565",8.57699805068226,2004,"BRA","Brazil",8.43704319,7.71487045,8.28522778,8,82.521,42.0254112054618,71.361,3663.823188064,8.20626246809689
"566",26.25,2004,"BGR","Bulgaria",10.82743073,11.16988087,10.79413986,9,70.233,46.4980210252199,72.5634146341463,3389.68743360274,8.12849299364652
"567",11.7117117117117,2004,"BFA","Burkina Faso",8.39099884,6.04864025,6.54068851,2,20.757,43.908414627899,52.6,403.81283743461,6.00095149694004
"568",18.4357541899441,2004,"BDI","Burundi",5.80384302,6.223104,6.48141956,-88,9.139,51.4624169037643,52.217,125.194965184533,4.82987224367634
"569",11.1111111111111,2004,"CPV","Cabo Verde",9.63142586,8.80299091,8.92111492,10,56.846,41.1040132580321,70.499,1929.49081468781,7.56501142050395
"570",9.75609756097561,2004,"KHM","Cambodia",9.90109062,9.89736652,7.41110468,3,19.055,49.7254635421985,63.256,444.199067529081,6.09627281224399
"571",8.88888888888889,2004,"CMR","Cameroon",5.26183367,5.24748802,5.18314695,0,47.94,48.3123427884502,54.578,1133.39326749673,7.03297130362323
"572",21.1038961038961,2004,"CAN","Canada",16.9260788,17.13103867,16.76576424,10,80.045,46.460973533477,79.9921951219512,32145.5412620217,10.3780290345744
"573",6.45161290322581,2004,"TCD","Chad",15.0313797,12.42341423,7.14463902,1,21.768,43.7719404713683,48.687,445.850767157087,6.09998429324126
"574",12.5,2004,"CHL","Chile",13.10177708,12.86940479,13.40539932,9,86.725,35.8968070829842,78.276,6120.59152055344,8.71941402452091
"575",20.2345058626466,2004,"CHN","China",7.26605844,7.48882914,7.56382084,0,41.144,44.9590627737606,73.727,1530.92726215723,7.33362888450764
"576",12.0481927710843,2004,"COL","Colombia",15.73734665,16.83091927,16.05757141,7,75.62,40.5216456626184,72.76,2818.57195413044,7.94398563642423
"577",3.03030303030303,2004,"COM","Comoros",6.75573111,5.91186571,5.18173599,6,27.903,40.9769793112971,60.557,1091.27216412426,6.99509941771434
"578",8.52713178294574,2004,"COG","Congo, Rep.",1.78429937,1.95315254,2.08378863,0,60.533,49.4817054706833,57.957,1306.10136324599,7.17480192033609
"579",35.0877192982456,2004,"CRI","Costa Rica",25.73747253,26.82588387,30.26260757,10,64.388,34.5172623295901,78.512,4431.0117207843,8.39638321637412
"580",8.52017937219731,2004,"CIV","Cote d'Ivoire",4.14515257,3.89134884,3.85718441,-77,44.817,40.8968983219016,51.939,1199.82524528546,7.08993119624239
"581",21.7105263157895,2004,"HRV","Croatia",10.69833088,12.63296413,13.22086811,8,54.147,44.9012121785599,75.520243902439,9718.97322801967,9.18183525689732
"582",35.9605911330049,2004,"CUB","Cuba",10.32092667,11.66760921,11.20564365,0,76.041,35.6339444927072,77.326,3399.21962893402,8.13130116335854
"583",16.0714285714286,2004,"CYP","Cyprus",5.79073286,5.74122572,6.04717827,10,68.41,42.0573155636082,79.007,23792.619140625,10.0771306914206
"584",17,2004,"CZE","Czechia",13.14472771,12.75457001,12.71145344,10,73.671,44.0587325090824,75.7219512195122,11782.5546676117,9.37437529851652
"585",37.9888268156425,2004,"DNK","Denmark",14.19999695,14.85673332,15.43233299,10,85.566,46.7001307380582,77.4926829268293,46625.050098011,10.7498932314337
"586",10.7692307692308,2004,"DJI","Djibouti",5.38615036,5.32781839,7.23246288,3,76.716,25.1178326862391,58.103,806.261652944964,6.69240832127061
"587",17.3333333333333,2004,"DOM","Dominican Republic",6.62144899,8.9872961,8.26970291,8,66.003,34.763367152042,70.73,2451.69161616569,7.80453352086181
"588",16,2004,"ECU","Ecuador",8.46123028,7.86558485,8.56826591,6,61.514,39.4877328009861,73.868,2586.20914663347,7.8579484325632
"589",2.86343612334802,2004,"EGY","Egypt, Arab Rep.",5.24308968,5.24353075,5.04994678,0,42.981,21.6726983595106,68.211,991.255689145252,6.89897251229728
"590",10.7142857142857,2004,"SLV","El Salvador",18.6806469,18.93865585,19.30836487,7,61.107,39.7394097773547,69.295,2285.68907438892,7.73442282215093
"591",18,2004,"GNQ","Equatorial Guinea",1.4902302,1.46381831,1.44399369,0,56.033,43.2157673763813,55.307,4901.30127408119,8.49725601498129
"592",22,2004,"ERI","Eritrea",2.73299789,1.11400759,1.62111926,0,30.164,47.8934990248622,60.063,426.840947887032,6.05641145645397
"593",18.8118811881188,2004,"EST","Estonia",11.51855564,11.57624435,11.05736637,9,68.862,49.1211447698152,71.909756097561,8916.0728274602,9.09561086264874
"594",10.7692307692308,2004,"SWZ","Eswatini",9.74261189,12.61231613,12.62098312,0,22.166,45.9905886872179,43.906,2581.24172793045,7.85602585202835
"595",7.6782449725777,2004,"ETH","Ethiopia",5.72665405,7.55002403,5.07604218,3,15.504,46.0225984756247,53.735,133.169812538096,4.89162509982436
"596",8.45070422535211,2004,"FJI","Fiji",9.25405025,10.35953331,9.96885777,7,49.479,30.9919234918506,65.841,3097.19096651759,8.03825083984733
"597",37.5,2004,"FIN","Finland",12.77010441,13.15530968,13.57039928,10,82.772,47.9748416066233,78.7146341463415,37768.1334202029,10.5392209948455
"598",12.1951219512195,2004,"FRA","France",13.93587112,13.90521812,13.99930096,10,76.883,46.3418445821243,80.1634146341463,33644.9282220364,10.4236176022284
"599",9.2436974789916,2004,"GAB","Gabon",6.51321602,5.07680273,5.76007175,0,81.778,40.287233117993,62.694,5465.79193590708,8.60626430061662
"600",13.2075471698113,2004,"GMB","Gambia, The",6.30897522,6.30897522,6.30897522,0,51.288,48.6598826434585,58.749,593.285346326581,6.38567547436963
"601",9.36170212765957,2004,"GEO","Georgia",6.25,5.57707214,5.23038626,6,53.218,48.9297020447601,71.011,1305.04748557208,7.17399470650634
"602",32.75,2004,"DEU","Germany",16.45635414,16.66615295,16.93153572,10,75.779,44.8366592941899,78.6804878048781,34566.7359143735,10.4506471088563
"603",10.8695652173913,2004,"GHA","Ghana",7.01424837,13.74466038,11.59992123,8,46.63,48.8884702018643,59.316,406.132105329565,6.00667848926144
"604",14,2004,"GRC","Greece",9.96563244,11.43558979,11.27762222,10,74.073,40.2408662529693,79.0390243902439,21449.2552764245,9.97344520470564
"605",8.22784810126582,2004,"GTM","Guatemala",15.73237419,14.20312977,14.5871048,8,46.616,33.9478724329556,68.245,1840.91184884,7.5180162978705
"606",19.2982456140351,2004,"GIN","Guinea",1.85608542,2.37353611,1.87932241,1,31.977,50.1353784842214,53.975,584.897740538081,6.37143702945311
"607",14,2004,"GNB","Guinea-Bissau",2.52350521,2.52350521,2.52350521,1,37.772,46.0278658953785,52.8,431.376557669634,6.06698139235256
"608",30.7692307692308,2004,"GUY","Guyana",7.35295486,6.27540493,5.69657898,6,28.064,31.732277474488,64.214,1033.31030902188,6.94052281996516
"609",3.6144578313253,2004,"HTI","Haiti",7.94925022,6.66875458,2.994277,-88,41.679,46.2606898661656,58.517,683.185298155273,6.52676612314925
"610",5.46875,2004,"HND","Honduras",9.59641266,12.36688042,13.42183208,7,47.927,33.6070318362097,69.05,1215.13995412761,7.10261453772335
"611",9.09090909090909,2004,"HUN","Hungary",11.08648109,11.35830498,10.65500927,10,65.896,47.5680136912789,72.6487804878049,10291.2694721409,9.23905119071733
"612",8.25688073394496,2004,"IND","India",2.6527741,2.93604422,2.88599753,9,28.903,28.3870015308713,64.484,624.258826510066,6.43656506844329
"613",11.2727272727273,2004,"IDN","Indonesia",4.20149517,4.2081809,4.51138687,8,45.149,36.2170272994368,65.521,1126.84004447173,7.02717257359557
"614",4.13793103448276,2004,"IRN","Iran, Islamic Rep.",10.16240692,9.00558662,9.6129694,0,66.869,18.9695957768885,72.04,2672.42266512669,7.89074070520331
"615",13.2530120481928,2004,"IRL","Ireland",17.35914803,18.25286674,17.42926025,10,60.202,41.939766081308,78.5390243902439,47754.2023194244,10.773822348726
"616",15,2004,"ISR","Israel",9.5785141,9.56954479,9.84778023,7,91.456,45.7274392915466,80.1463414634146,20568.0694088834,9.93149512354541
"617",11.525974025974,2004,"ITA","Italy",13.2801733,13.67860889,13.72484303,10,67.62,40.0611185008017,80.7804878048781,31348.1901841445,10.3529118150213
"618",11.6666666666667,2004,"JAM","Jamaica",7.64527464,7.4342041,6.25744629,9,52.625,44.0982574496874,71.542,3807.56293124552,8.2447446128653
"619",7.08333333333333,2004,"JPN","Japan",17.19595528,17.75488091,17.86665344,10,84.64,40.8702503367928,82.030243902439,38298.9801712303,10.5531785474312
"620",5.45454545454545,2004,"JOR","Jordan",9.40058994,11.78674316,11.36012363,2,78.321,13.9251857357309,72.788,1940.08641342805,7.57048779406951
"621",10.3896103896104,2004,"KAZ","Kazakhstan",10.94160748,11.53032875,11.72052765,0,56.39,49.5484442970687,65.04,2722.47407755402,7.9092963332022
"622",7.14285714285714,2004,"KEN","Kenya",6.9893775,6.89238787,6.81280947,8,21.31,48.8941056537462,57.947,463.662781300121,6.13915752356556
"623",13.0434782608696,2004,"KOR","Korea, Rep.",8.29986668,8.88237858,9.59643841,8,81.002,40.6443336064094,77.6658536585366,16496.1316167114,9.71088118492953
"624",0,2004,"KWT","Kuwait",5.14762115,5.38289976,4.34875584,0,100,25.8885194429823,76.7276829268293,27552.2827399787,10.223840669224
"625",10,2004,"KGZ","Kyrgyz Republic",8.21259594,13.06986713,14.45895767,1,35.292,46.0496644094629,68.1536585365854,433.233873286,6.07127770525089
"626",22.9357798165138,2004,"LAO","Lao PDR",5.85327101,5.91417122,4.36346436,0,26.242,46.9552414153204,60.08,409.296298284117,6.01443933944113
"627",21,2004,"LVA","Latvia",9.9400692,9.33693027,9.62257767,8,67.9,48.5361123869096,72.0268292682927,6109.73265186817,8.7176382953766
"628",2.34375,2004,"LBN","Lebanon",8.91796303,9.22798729,9.82933903,-66,86.494,23.4265199693664,75.693,4600.68371412993,8.43396020493883
"629",11.6666666666667,2004,"LSO","Lesotho",8.25286293,5.9978323,7.05384541,8,21.689,47.540164773208,44.039,766.685820928242,6.64207709675649
"630",5.26315789473684,2004,"LBR","Liberia",4.25491762,4.25491762,4.25491762,-88,45.706,47.501947161032,55.949,284.140223992458,5.64946786276085
"631",21.9858156028369,2004,"LTU","Lithuania",10.13123989,10.04997158,10.62221146,10,66.646,48.9803807441778,71.9609756097561,6734.57487061946,8.81500996444971
"632",23.3333333333333,2004,"LUX","Luxembourg",14.08533478,13.79857063,14.11738968,10,86.177,41.8875448754782,79.1219512195122,76544.9170868473,11.2456329989707
"633",6.875,2004,"MDG","Madagascar",10.02646637,10.53517532,10.24659061,7,28.211,48.7671633123506,60.168,272.20074858856,5.60653984035524
"634",13.9896373056995,2004,"MWI","Malawi",4.99515104,6.03783035,5.29271793,7,14.964,50.656085937242,51.073,404.674248445428,6.00308241863767
"635",9.1324200913242,2004,"MYS","Malaysia",5.62838221,5.55390263,6.5490737,4,65.694,35.4682951715032,74.027,4939.24851854427,8.50496847685811
"636",10.2040816326531,2004,"MLI","Mali",7.30055523,6.45821333,5.54589033,6,31.3,42.8012381719348,53.253,542.887347640863,6.29690183550236
"637",3.7037037037037,2004,"MRT","Mauritania",2.96115541,3.84421062,3.55967808,0,41.229,31.7346958524454,63.369,823.554457141893,6.71362967632246
"638",5.71428571428571,2004,"MUS","Mauritius",7.99441957,7.36270761,7.30248404,10,42.223,33.5772733041145,72.2658536585366,5460.60800184198,8.60531541818809
"639",22.6,2004,"MEX","Mexico",12.07247734,11.14233589,10.73126125,8,75.997,35.1605007083571,73.432,7849.66759649565,8.96822646548445
"640",15.8415841584158,2004,"MDA","Moldova",15.25031948,13.57666016,12.89050865,8,42.99,54.0612577045293,68.017,897.178494749468,6.79925483306484
"641",6.75675675675676,2004,"MNG","Mongolia",8.80264664,9.4847002,9.51160336,10,61.443,46.312317544981,64.630243902439,794.154552001815,6.67727809218165
"642",10.7692307692308,2004,"MAR","Morocco",4.12965059,3.85011864,5.01113462,0,54.644,25.1673643767097,68.272,2183.55541992188,7.68870975383635
"643",34.8,2004,"MOZ","Mozambique",6.31664944,8.39700031,5.67257071,5,29.818,54.3472364949021,51.855,400.056973161545,5.99160696986924
"644",25,2004,"NAM","Namibia",17.39259529,16.26776886,15.75332451,6,35.666,46.7099776197406,52.175,3403.15496192955,8.13245821032266
"645",5.85365853658537,2004,"NPL","Nepal",5.48284864,6.25147295,7.58403015,1,14.841,27.3431546999971,64.744,279.587750044428,5.63331619696935
"646",36.6666666666667,2004,"NLD","Netherlands",14.29035187,14.58909702,13.81190681,10,81.514,45.2518496901907,79.0951219512195,40611.3414353091,10.6118026522773
"647",28.3333333333333,2004,"NZL","New Zealand",17.00220108,17.37923622,17.93933105,10,86.281,45.9196384654381,79.5487804878049,25420.234882944,10.1433007847851
"648",20.6521739130435,2004,"NIC","Nicaragua",10.92097282,11.79316902,13.40531254,8,55.782,33.0041209028053,69.51,1098.62118662335,7.00181120583393
"649",12.3893805309735,2004,"NER","Niger",7.34862614,12.34742451,13.54461861,7,16.247,43.0948687170799,52.402,283.468281798296,5.64710023612666
"650",4.72222222222222,2004,"NGA","Nigeria",6.55428886,6.40770292,7.32234478,4,38.212,47.1461814056531,49.148,962.48104194733,6.86951436928986
"651",19.1666666666667,2004,"MKD","North Macedonia",13.83370781,13.46777534,13.40144539,9,57.711,41.1506168852755,73.5975609756098,2818.5814561242,7.94398900762706
"652",38.1818181818182,2004,"NOR","Norway",16.11783028,16.27973175,16.00895882,10,77.399,47.6251092990626,79.8414634146342,57768.6980958462,10.9642023525312
"653",2.40963855421687,2004,"OMN","Oman",6.24249697,6.0894146,5.42304897,0,71.827,17.4048428729463,74.82,11800.8507411171,9.37592690455975
"654",21.3450292397661,2004,"PAK","Pakistan",4.50923157,3.9776814,3.20882916,0,33.781,17.0278793849998,63.097,771.902247348954,6.64885791940248
"655",16.6666666666667,2004,"PAN","Panama",19.21107483,16.471035,18.54950142,9,63.387,36.8326896020031,74.845,4644.56582353041,8.44345317508809
"656",0.917431192660551,2004,"PNG","Papua New Guinea",8.74625015,7.8258791,8.3770504,4,13.127,47.5087810058551,61.795,620.596147680561,6.43068054458374
"657",10,2004,"PRY","Paraguay",10.3499136,10.89165306,11.91111469,8,57.305,39.7571918452461,71.054,1786.21533938543,7.48785432493289
"658",18.3333333333333,2004,"PER","Peru",11.77817726,12.59054375,11.56533909,9,74.644,43.7889082998805,71.447,2397.25147277714,7.7820781403947
"659",15.2542372881356,2004,"PHL","Philippines",5.61920071,6.60978031,6.63096142,8,45.795,38.4626143395378,68.301,1099.63013023758,7.0027291570048
"660",20.2173913043478,2004,"POL","Poland",9.11025715,8.99514961,9.0044136,10,61.564,45.5064582879945,74.8463414634146,6711.72715262967,8.81161159663986
"661",19.1304347826087,2004,"PRT","Portugal",14.54915047,14.63580132,13.11571312,10,56.907,46.2845268186828,77.6707317073171,18064.1580932987,9.80168503819452
"662",11.4457831325301,2004,"ROU","Romania",11.96030045,13.16346741,11.28106403,9,53.043,43.8593429247087,71.5609756097561,3494.99056448955,8.1590859549474
"663",9.84340044742729,2004,"RUS","Russian Federation",9.44207001,9.90451813,10.13223743,6,73.418,49.150828101151,65.4709756097561,4102.36474609375,8.31931885376599
"664",48.75,2004,"RWA","Rwanda",10.78895473,8.09271908,7.20270061,0,16.908,47.2102508161089,55.52,269.540446333402,5.59671845824749
"665",0,2004,"SAU","Saudi Arabia",8.23897934,8.80391121,9.68641186,0,80.754,13.6738384621736,74.027,13154.4978989446,9.48451902466879
"666",19.1666666666667,2004,"SEN","Senegal",8.96697044,8.54413509,8.2667284,8,41.306,34.1797304978725,60.308,918.102079522155,6.82230858217503
"667",14.5161290322581,2004,"SLE","Sierra Leone",5.45097542,5.45097542,5.45097542,5,36.596,50.9947373109405,47.485,417.749983329227,6.0348831275694
"668",15.9574468085106,2004,"SGP","Singapore",7.12897968,7.88790894,7.84840441,0,100,40.5121607076636,79.490243902439,27608.080013423,10.2258637629706
"669",16.6666666666667,2004,"SVK","Slovak Republic",13.2270298,12.46140289,12.29478168,9,55.713,45.3840926019154,73.9585365853659,10650.1290097126,9.27332728465224
"670",12.2222222222222,2004,"SVN","Slovenia",12.25810051,12.44736862,12.32472229,10,51.308,46.0473054675637,77.2073170731707,17103.8297783905,9.7470576810632
"671",0,2004,"SLB","Solomon Islands",21.11802673,23.7696476,18.01275253,9,17.413,47.750541382094,67.628,986.081904026618,6.89373941811688
"672",32.7787021630616,2004,"ZAF","South Africa",12.0292511,10.91880608,13.09509182,9,58.993,46.5287826527842,53.963,5221.46333731721,8.56053297441017
"673",36,2004,"ESP","Spain",14.05109215,14.39779758,14.68614006,10,77.022,40.9966819100766,79.8707317073171,24925.0267844576,10.1236276694316
"674",4.88888888888889,2004,"LKA","Sri Lanka",11.04907322,10.13588715,9.56101894,6,18.319,33.0434370841215,68.022,1028.62068132555,6.93597403942447
"675",9.72222222222222,2004,"SDN","Sudan",9.52674675,8.09948635,9.4422226,0,32.707,27.2429396915517,56.773,705.113342285156,6.55835855908909
"676",19.6078431372549,2004,"SUR","Suriname",11.67535591,10.63834286,12.23231316,6,66.737,36.0271493729271,66.362,2887.7721728844,7.96824060939553
"677",45.2722063037249,2004,"SWE","Sweden",12.81434059,12.82578373,12.97792053,10,84.258,47.6103633932578,80.4975609756098,42758.2015503417,10.663316305095
"678",25,2004,"CHE","Switzerland",9.30845737,9.39204693,9.34170818,10,73.452,45.3111812569471,81.0878048780488,54659.4571488233,10.9088775280171
"679",12,2004,"SYR","Syrian Arab Republic",6.81887627,7.34346199,6.73750305,0,53.417,18.7593008064755,72.494,1368.1148230028,7.22118902960372
"680",12.6984126984127,2004,"TJK","Tajikistan",4.41860485,4.31515169,4.3291769,1,26.508,36.8739782508193,66.604,305.745158587502,5.72275193989572
"681",21.3559322033898,2004,"TZA","Tanzania",11.55348301,12.6199131,13.50882816,2,24.223,50.1057548711355,56.836,450.385284423828,6.11010340405334
"682",8.83002207505519,2004,"THA","Thailand",10.7134676,10.5017271,12.11568642,9,36.169,45.3930380500467,72.1,2641.56268717857,7.87912594798228
"683",25.2873563218391,2004,"TLS","Timor-Leste",2.25405741,3.63453341,4.0001564,6,25.71,44.830379719938,60.743,474.42076734469,6.16209462274706
"684",6.17283950617284,2004,"TGO","Togo",4.20555353,3.80081558,3.83191919,1,34.724,47.8392471938157,55.594,560.266308533382,6.32841222164314
"685",19.4444444444444,2004,"TTO","Trinidad and Tobago",8.26660061,8.02571201,5.90168571,9,55.155,41.3384470928983,69.879,9871.03419820086,9.19735990892418
"686",22.7513227513228,2004,"TUN","Tunisia",11.54679012,11.35010338,11.73456955,1,64.95,25.6246945431407,73.519,3067.41936376975,8.02859188895992
"687",4.36363636363636,2004,"TUR","Turkiye",10.18661499,10.3244648,10.41202736,8,67.225,25.1151199435742,73.223,5960.77898909049,8.69295645438605
"688",23.9344262295082,2004,"UGA","Uganda",8.76694775,7.13494539,7.16084242,0,16.507,49.4714624928294,53.699,292.38185796262,5.67806068067926
"689",5.33333333333333,2004,"UKR","Ukraine",8.1810751,8.43188095,8.69689655,6,67.597,50.8399274346269,67.472,1401.01806640625,7.24495444161878
"690",0,2004,"ARE","United Arab Emirates",7.94020653,8.37682343,8.52716255,0,81.871,13.1168520075454,80.272,33376.7152295209,10.4156137870268
"691",18.0576631259484,2004,"GBR","United Kingdom",16.66044426,16.532938,17.23350143,10,79.629,46.1373473442703,78.7463414634146,40366.8886650968,10.6057651404062
"692",14.9425287356322,2004,"USA","United States",17.92694664,17.94141579,18.57419968,10,79.757,45.128880250771,77.4878048780488,41724.6411982614,10.6388471492902
"693",12.1212121212121,2004,"URY","Uruguay",16.24844742,13.28085995,13.70522308,10,93.078,43.1633984821875,75.319,4168.66065438387,8.3353500772025
"694",17.5,2004,"UZB","Uzbekistan",6.13769007,6.46768093,7.8006072,0,48.054,38.6031400478156,67.203,462.171492867885,6.13593601888903
"695",27.3092369477912,2004,"VNM","Viet Nam",8.6892519,8.66923904,8.76698685,0,26.683,49.3387149789922,73.062,565.452284586212,6.33762591460666
"696",0.332225913621262,2004,"YEM","Yemen, Rep.",5.71684551,4.50115108,4.35058546,1,28.39,18.140015474866,64.881,627.632023395762,6.44195404472566
"697",12.0253164556962,2004,"ZMB","Zambia",5.65226936,5.53764105,6.74704027,5,36.43,45.1707399244775,50.54,548.685974566277,6.30752628253225
"698",27.3092369477912,2005,"AFG","Afghanistan",3.38122058,2.7260592,2.61078191,-66,22.703,15.5637763476013,58.247,254.184249149336,5.53805939440184
"699",7.14285714285714,2005,"ALB","Albania",9.30094719,9.0339222,9.37710953,9,46.731,43.1062157656585,76.427,2741.72136549578,7.91634123770716
"700",6.16966580976864,2005,"DZA","Algeria",7.76159906,7.84512997,7.63073635,3,63.83,14.5525332761811,72.836,3233.13339634212,8.08120703772858
"701",15,2005,"AGO","Angola",4.8206377,4.7187376,4.51627111,2,56,50.4458317785284,52.13,1916.46842218625,7.55823940787101
"702",36.1867704280156,2005,"ARG","Argentina",16.02175713,15.09950352,14.39874649,8,90.031,41.0098110524289,75.231,5067.65342293276,8.53063315373026
"703",5.34351145038168,2005,"ARM","Armenia",7.44000816,7.93185902,7.19854879,5,63.938,49.4945140149123,73.0756097560976,1557.48458908655,7.35082735596517
"704",24.6666666666667,2005,"AUS","Australia",15.90276814,15.93996811,16.49022293,10,84.582,44.8785823390265,80.8414634146341,34479.7679298388,10.4481279941819
"705",33.879781420765,2005,"AUT","Austria",13.67242336,13.78215981,14.09157562,10,58.813,45.4653597709875,79.3317073170732,38157.37022862,10.5494742088432
"706",13.0434782608696,2005,"AZE","Azerbaijan",3.95949173,3.42998004,3.49033976,0,52.389,50.6964218092638,67.71,1578.36733030667,7.36414625651312
"707",0,2005,"BHR","Bahrain",9.13842487,8.94466305,9.06652737,0,88.422,20.5480047747123,76.125,17966.1657837625,9.79624558938559
"708",14.7826086956522,2005,"BGD","Bangladesh",4.38883734,4.7282033,5.07518816,6,26.809,25.0396456067087,65.509,480.08585075452,6.17396494364774
"709",29.0909090909091,2005,"BLR","Belarus",10.05169773,8.44287395,8.12453842,0,72.354,49.4822800486668,68.8512195121951,3126.07176665248,8.04753246870013
"710",34.6666666666667,2005,"BEL","Belgium",13.29590225,13.94907475,13.94859219,10,97.403,44.1628766261591,78.9804878048781,36809.7013403619,10.5135167127939
"711",7.2289156626506,2005,"BEN","Benin",7.55740261,8.31231785,6.1193018,6,40.543,47.7233123427759,57.738,779.437777753268,6.65857286203182
"712",9.33333333333333,2005,"BTN","Bhutan",6.72386217,6.82967377,7.46379232,0,30.965,41.4797423983044,65.875,1299.94938578359,7.17008060867906
"713",16.9230769230769,2005,"BOL","Bolivia",8.29879856,8.75200176,8.50024891,8,64.17,41.7143983674426,64.182,1020.12326200737,6.9276787440824
"714",16.6666666666667,2005,"BIH","Bosnia and Herzegovina",10.81009102,10.95802307,11.32833004,-66,43.965,41.7369156368769,76.424,2739.61076866057,7.91557113405795
"715",11.1111111111111,2005,"BWA","Botswana",8.17829704,8.17829704,8.17829704,8,55.944,45.3748946449269,54.386,5391.07076619634,8.59249930209457
"716",8.57699805068226,2005,"BRA","Brazil",7.71487045,8.28522778,8.38031673,8,82.834,42.5277020778649,71.832,4827.78173074714,8.48214237215386
"717",22.0833333333333,2005,"BGR","Bulgaria",11.16988087,10.79413986,9.10506821,9,70.584,46.126669733974,72.5609756097561,3899.82596332878,8.26868720633453
"718",11.7117117117117,2005,"BFA","Burkina Faso",6.04864025,6.54068851,6.27068281,2,21.537,43.3091404210143,53.271,441.164148016012,6.0894170239144
"719",30.5084745762712,2005,"BDI","Burundi",6.223104,6.48141956,6.3231554,7,9.375,51.2369057973462,53.053,147.234619294225,4.99202736406574
"720",11.1111111111111,2005,"CPV","Cabo Verde",8.80299091,8.92111492,10.09019661,10,57.689,41.493528121375,70.936,2004.14680417563,7.60297371509836
"721",9.75609756097561,2005,"KHM","Cambodia",9.89736652,7.41110468,6.7482748,3,19.174,49.3167447899227,64.113,525.797325120926,6.26491582502709
"722",8.88888888888889,2005,"CMR","Cameroon",5.24748802,5.18314695,4.22608185,1,48.541,48.3076845843563,54.904,1142.62466252106,7.04108323061987
"723",21.1038961038961,2005,"CAN","Canada",17.13103867,16.76576424,17.05416107,10,80.122,46.4460713231795,80.1126829268293,36383.6600068095,10.5018750519268
"724",10.4761904761905,2005,"CAF","Central African Republic",6.39874029,9.17757416,9.87465954,1,38.069,45.3736656885322,48.207,311.950023138687,5.74284299273114
"725",6.45161290322581,2005,"TCD","Chad",12.42341423,7.14463902,5.99494457,1,21.801,43.5469344656631,48.86,838.092107712557,6.73112800818014
"726",15,2005,"CHL","Chile",12.86940479,13.40539932,13.59831047,9,86.783,36.5086332469467,78.459,7480.32330998636,8.92003129329463
"727",20.2684563758389,2005,"CHN","China",7.48882914,7.56382084,7.90135717,0,42.522,44.8576527674985,74.085,1777.64496828464,7.48304471575523
"728",12.1212121212121,2005,"COL","Colombia",16.83091927,16.05757141,16.2844429,7,76.024,39.9555522714806,73.156,3456.06610874512,8.14788625842882
"729",3.03030303030303,2005,"COM","Comoros",5.91186571,5.18173599,4.33239365,6,27.875,40.5724637147549,60.883,1103.20658498402,7.00597629544607
"730",8.52713178294574,2005,"COG","Congo, Rep.",1.95315254,2.08378863,2.05207968,0,60.988,49.5631115930082,58.73,1799.05158366154,7.49501490705893
"731",35.0877192982456,2005,"CRI","Costa Rica",26.82588387,30.26260757,31.73869324,10,65.672,36.340325315947,78.877,4703.00721784778,8.45595741667655
"732",8.52017937219731,2005,"CIV","Cote d'Ivoire",3.89134884,3.85718441,4.57922173,-77,45.234,41.5863357626414,52.432,1197.74616979415,7.08819687792397
"733",21.7105263157895,2005,"HRV","Croatia",12.63296413,13.22086811,13.89749432,9,54.315,45.299740894529,75.2446341463415,10443.5278353294,9.25373771961757
"734",35.9605911330049,2005,"CUB","Cuba",11.66760921,11.20564365,14.48143005,0,76.134,36.504157954994,77.54,3786.33799225291,8.23915460201935
"735",16.0714285714286,2005,"CYP","Cyprus",5.74122572,6.04717827,6.14984655,10,68.268,41.9269340837819,79.198,24959.26171875,10.1250002434702
"736",17,2005,"CZE","Czechia",12.75457001,12.71145344,12.40300465,10,73.602,43.9616533407433,75.9243902439025,13442.4916284309,9.50617598591488
"737",36.8715083798883,2005,"DNK","Denmark",14.85673332,15.43233299,15.74048042,10,85.856,46.8221649875218,77.8439024390244,48925.8076698784,10.7980603004546
"738",10.7692307692308,2005,"DJI","Djibouti",5.32781839,7.23246288,6.52659225,3,76.761,25.1889769141716,58.548,844.4483573908,6.73868358267973
"739",17.3333333333333,2005,"DOM","Dominican Republic",8.9872961,8.26970291,10.32302856,8,67.37,35.4674715475469,71.043,3878.31206735244,8.26315530377498
"740",16,2005,"ECU","Ecuador",7.86558485,8.56826591,8.82739544,6,61.711,39.1665506459853,73.909,2909.02606014388,7.97557361690949
"741",1.98237885462555,2005,"EGY","Egypt, Arab Rep.",5.24353075,5.04994678,5.01764584,1,43.027,22.0630635055377,68.355,1105.53920713903,7.00808846519465
"742",10.7142857142857,2005,"SLV","El Salvador",18.93865585,19.30836487,17.98424721,7,61.648,40.2509606857818,69.336,2447.39140845394,7.80277800506651
"743",18,2005,"GNQ","Equatorial Guinea",1.46381831,1.44399369,1.47166014,0,57.74,43.1408230185223,55.766,8673.9026086535,9.0680740963698
"744",22,2005,"ERI","Eritrea",1.11400759,1.62111926,2.37287188,0,31.099,47.8645076013395,60.628,412.753079199423,6.02284954297695
"745",18.8118811881188,2005,"EST","Estonia",11.57624435,11.05736637,11.48986721,9,68.735,49.6639560357952,72.5682926829268,10414.6381183565,9.25096760689424
"746",10.7692307692308,2005,"SWZ","Eswatini",12.61231613,12.62098312,12.37345791,0,22.038,46.3293405871032,43.958,2945.36394872311,7.98798767035945
"747",21.4285714285714,2005,"ETH","Ethiopia",7.55002403,5.07604218,6.49598169,1,15.7,45.9944245655811,54.364,158.243458082465,5.06413472103846
"748",8.45070422535211,2005,"FJI","Fiji",10.35953331,9.96885777,10.59320831,7,49.871,30.7060474550686,65.983,3377.69126953493,8.12494769873718
"749",37.5,2005,"FIN","Finland",13.15530968,13.57039928,13.64715004,10,82.905,48.1494033048303,78.8170731707317,39049.8703780223,10.5725948358775
"750",12.1951219512195,2005,"FRA","France",13.90521812,13.99930096,13.95229912,10,77.13,46.7664415261438,80.1634146341463,34696.3718316971,10.454390402304
"751",9.2436974789916,2005,"GAB","Gabon",5.07680273,5.76007175,6.36190653,0,82.452,40.3489612198041,62.978,6547.87613955186,8.78689602254423
"752",13.2075471698113,2005,"GMB","Gambia, The",6.30897522,6.30897522,6.30897522,0,52.02,48.222302612051,59.11,616.483657865348,6.42403181432986
"753",9.36170212765957,2005,"GEO","Georgia",5.57707214,5.23038626,3.95363283,7,53.605,48.5528692186922,70.689,1642.78359414797,7.40414739551438
"754",31.7589576547231,2005,"DEU","Germany",16.66615295,16.93153572,17.40883636,10,75.98,45.037718467285,78.9317073170732,35084.4363546269,10.4655129024192
"755",10.8695652173913,2005,"GHA","Ghana",13.74466038,11.59992123,9.83570862,8,47.308,48.7444000295651,59.638,478.611909191028,6.17089005855589
"756",13,2005,"GRC","Greece",11.43558979,11.27762222,11.30030632,10,74.452,40.3638300689417,79.2390243902439,22054.1315756886,10.00125523637
"757",8.22784810126582,2005,"GTM","Guatemala",14.20312977,14.5871048,14.23033047,8,46.913,34.1078232558668,68.167,2046.46611650758,7.6238697389948
"758",19.2982456140351,2005,"GIN","Guinea",2.37353611,1.87932241,2.77464008,1,32.257,49.7616074289572,54.422,463.17768685098,6.13811075336054
"759",14,2005,"GNB","Guinea-Bissau",2.52350521,2.52350521,2.52350521,6,38.157,46.0186527407964,52.949,463.073962650452,6.13788678787337
"760",30.7692307692308,2005,"GUY","Guyana",6.27540493,5.69657898,6.60877609,6,27.822,32.289264298893,64.392,1084.06541388904,6.988473525095
"761",3.6144578313253,2005,"HTI","Haiti",6.66875458,2.994277,7.11358404,-88,42.638,46.3530241314662,60.318,775.845704056916,6.65395366543472
"762",23.4375,2005,"HND","Honduras",12.36688042,13.42183208,13.63652325,7,48.585,33.5865354878473,69.198,1304.70039153826,7.17372870836997
"763",9.09090909090909,2005,"HUN","Hungary",11.35830498,10.65500927,9.79407406,10,66.365,47.5967680201454,72.6487804878049,11212.2046968994,9.32475816906588
"764",8.28729281767956,2005,"IND","India",2.93604422,2.88599753,2.78734279,9,29.235,28.5484124988957,64.939,710.488080408949,6.56595217105435
"765",11.2727272727273,2005,"IDN","Indonesia",4.2081809,4.51138687,5.43744278,8,45.942,36.0144655947966,67.531,1238.21447629488,7.12142568241953
"766",4.13793103448276,2005,"IRN","Iran, Islamic Rep.",9.00558662,9.6129694,11.53469467,0,67.558,19.8652789345827,72.446,3132.05081925856,8.04944328279596
"767",13.2530120481928,2005,"IRL","Ireland",18.25286674,17.42926025,17.35766602,10,60.477,42.2468428106258,78.9439024390244,50933.0216095589,10.8382667467965
"768",15,2005,"ISR","Israel",9.56954479,9.84778023,9.87814236,7,91.518,45.9052213816358,80.1512195121951,21286.8388636595,9.96584426699761
"769",11.525974025974,2005,"ITA","Italy",13.67860889,13.72484303,13.47591782,10,67.738,40.1201909334168,80.7829268292683,32062.723833669,10.3754493830558
"770",11.6666666666667,2005,"JAM","Jamaica",7.4342041,6.25744629,8.22749615,9,52.811,44.0710064234192,71.493,4184.43974867497,8.33912810267766
"771",8.95833333333333,2005,"JPN","Japan",17.75488091,17.86665344,18.22702217,10,85.978,41.0023851121326,81.9551219512195,37812.8950199948,10.5404054615284
"772",5.45454545454545,2005,"JOR","Jordan",11.78674316,11.36012363,12.51918411,2,79.485,14.1140636384351,72.977,2087.87079273635,7.64390006621443
"773",10.3896103896104,2005,"KAZ","Kazakhstan",11.53032875,11.72052765,7.57602596,0,56.463,49.62325646996,65.356,3577.35804001782,8.18237982930654
"774",7.14285714285714,2005,"KEN","Kenya",6.89238787,6.81280947,7.03938627,8,21.675,48.8281566593522,58.51,523.456312433863,6.26045357397981
"775",13.3779264214047,2005,"KOR","Korea, Rep.",8.88237858,9.59643841,10.11632633,8,81.345,40.8496117400494,78.1682926829268,19402.5026259549,9.87315733806934
"776",1.53846153846154,2005,"KWT","Kuwait",5.38289976,4.34875584,4.87055826,0,100,26.0009170569098,76.8007804878049,36122.6142741227,10.4946743823792
"777",0,2005,"KGZ","Kyrgyz Republic",13.06986713,14.45895767,10.42505074,3,35.29,45.9260734309171,67.9560975609756,476.548193640077,6.16656885888244
"778",22.9357798165138,2005,"LAO","Lao PDR",5.91417122,4.36346436,3.90299487,0,27.186,46.9024283326574,60.688,466.061506997741,6.14431761468137
"779",21,2005,"LVA","Latvia",9.33693027,9.62257767,9.7149601,8,68,48.4877711007246,71.3560975609756,7283.78738127622,8.89340625059118
"780",4.6875,2005,"LBN","Lebanon",9.22798729,9.82933903,9.98217583,6,86.627,23.7838384102263,76.074,4602.19804637945,8.43428930451928
"781",11.6666666666667,2005,"LSO","Lesotho",5.9978323,7.05384541,9.6424675,8,22.249,47.371555170029,43.611,861.381496414995,6.75853749156157
"782",12.5,2005,"LBR","Liberia",4.25491762,4.25491762,4.25491762,-88,46.051,47.4826021721968,56.765,287.487333441381,5.66117880167164
"783",4.73684210526316,2005,"LBY","Libya",5.78062487,5.27548695,4.81298208,0,77.08,33.5719343493427,71.439,8079.24957329001,8.99705427260921
"784",21.9858156028369,2005,"LTU","Lithuania",10.04997158,10.62221146,10.75255203,10,66.635,49.095519810275,71.2536585365854,7857.03148786492,8.9691641407871
"785",23.3333333333333,2005,"LUX","Luxembourg",13.79857063,14.11738968,14.06171227,10,86.598,42.240201143815,79.4317073170732,80988.1376230858,11.3020579738322
"786",6.875,2005,"MDG","Madagascar",10.53517532,10.24659061,11.84111977,7,28.814,48.7787799036769,60.664,305.812074924388,5.72297077906068
"787",13.6125654450262,2005,"MWI","Malawi",6.03783035,5.29271793,3.54459715,6,15.054,50.7086548639976,52.469,414.361121984475,6.0267378689391
"788",9.1324200913242,2005,"MYS","Malaysia",5.55390263,6.5490737,6.27600908,4,66.594,35.4124445133949,74.37,5555.58179951206,8.62255843097508
"789",10.2040816326531,2005,"MLI","Mali",6.45821333,5.54589033,4.63811064,7,32.06,42.7701105721196,53.792,591.630393473705,6.38288210455706
"790",17.1428571428571,2005,"MUS","Mauritius",7.36270761,7.30248404,6.8428731,10,42.112,34.5700166291413,72.4321951219512,5354.02974260642,8.58560477927712
"791",24.2,2005,"MEX","Mexico",11.14233589,10.73126125,10.71415234,8,76.308,35.6209432102427,73.627,8671.75891885163,9.06782692334508
"792",21.7821782178218,2005,"MDA","Moldova",13.57666016,12.89050865,13.18110943,9,42.775,54.7673490468589,68.197,1034.39197746993,6.94156907169471
"793",6.66666666666667,2005,"MNG","Mongolia",9.4847002,9.51160336,8.16387272,10,62.494,46.377331081145,65.2807317073171,994.90010913241,6.90264233928715
"794",10.7692307692308,2005,"MAR","Morocco",3.85011864,5.01113462,5.35828495,0,55.174,25.4002044410345,68.748,2242.98828125,7.71556430991895
"795",34.8,2005,"MOZ","Mozambique",8.39700031,5.67257071,5.60290384,5,29.999,54.2927571924515,52.322,436.773856167384,6.07941556954278
"796",26.9230769230769,2005,"NAM","Namibia",16.26776886,15.75332451,17.97894859,6,36.632,46.9078873860407,52.557,3685.77299991587,8.21223555193724
"797",5.85365853658537,2005,"NPL","Nepal",6.25147295,7.58403015,5.17588425,1,15.149,27.8417188820841,65.275,309.024168339372,5.73341948852966
"798",36.6666666666667,2005,"NLD","Netherlands",14.58909702,13.81190681,13.96673584,10,82.63,45.2304183714342,79.3463414634146,42165.396168388,10.6493551676337
"799",32.2314049586777,2005,"NZL","New Zealand",17.37923622,17.93933105,18.14679909,10,86.341,46.1842722240014,79.8512195121951,27751.0654708859,10.2310295137847
"800",20.6521739130435,2005,"NIC","Nicaragua",11.79316902,13.40531254,14.67852211,8,55.935,33.5324735704712,70.374,1183.30214010175,7.07606423297651
"801",12.3893805309735,2005,"NER","Niger",12.34742451,13.54461861,8.63178158,7,16.242,42.9983392624188,53.32,318.643121918273,5.76407173645994
"802",6.38888888888889,2005,"NGA","Nigeria",6.40770292,7.32234478,4.29357767,4,39.074,47.1496762971171,49.538,1211.37703504386,7.0995130369987
"803",19.1666666666667,2005,"MKD","North Macedonia",13.46777534,13.40144539,12.84653187,9,57.532,41.2822195122531,73.6975609756098,3120.98401394233,8.04590362016293
"804",37.8698224852071,2005,"NOR","Norway",16.27973175,16.00895882,16.14440536,10,77.675,47.5689555771942,80.0414634146342,67047.1704558264,11.1131516873097
"805",2.40963855421687,2005,"OMN","Oman",6.0894146,5.42304897,5.58193493,0,72.4,17.4460200576565,75.07,14434.8577924647,9.57740124047003
"806",21.3450292397661,2005,"PAK","Pakistan",3.9776814,3.20882916,2.82065868,0,33.982,17.7092006492518,62.416,827.619861189926,6.71855394412128
"807",16.6666666666667,2005,"PAN","Panama",16.471035,18.54950142,22.23812294,9,63.682,37.2987688755334,75.16,5017.7410922824,8.52073512979661
"808",0.917431192660551,2005,"PNG","Papua New Guinea",7.8258791,8.3770504,9.06886101,4,13.109,47.5106145781446,61.868,744.486489977433,6.61269470552212
"809",10,2005,"PRY","Paraguay",10.89165306,11.91111469,12.69455528,8,57.633,39.506164295168,71.317,1970.87169852378,7.58623121042402
"810",18.3333333333333,2005,"PER","Peru",12.59054375,11.56533909,11.58643723,9,75.034,44.0906385917637,71.988,2706.66947297608,7.9034741813009
"811",15.2542372881356,2005,"PHL","Philippines",6.60978031,6.63096142,6.46384048,8,45.71,39.0358285724096,68.423,1220.46018559867,7.10698326791516
"812",20.4347826086957,2005,"POL","Poland",8.99514961,9.0044136,9.54057884,10,61.452,45.3182220071057,74.9951219512195,8043.92332253757,8.99267221859171
"813",21.304347826087,2005,"PRT","Portugal",14.63580132,13.11571312,13.03408241,10,57.522,46.9057041640887,78.0707317073171,18780.12751241,9.84055454253739
"814",11.178247734139,2005,"ROU","Romania",13.16346741,11.28106403,10.90114307,9,53.174,43.8273297878681,71.9121951219512,4618.00350802913,8.43771774955667
"815",9.84340044742729,2005,"RUS","Russian Federation",9.90451813,10.13223743,9.22400856,6,73.463,49.3273833332823,65.529756097561,5323.455078125,8.57987782230918
"816",48.75,2005,"RWA","Rwanda",8.09271908,7.20270061,7.79290724,0,16.912,47.2036749650121,56.968,324.016863847189,5.78079556334891
"817",0,2005,"SAU","Saudi Arabia",8.80391121,9.68641186,8.51324272,0,80.979,13.6979577054059,74.4,15975.7473782258,9.67882706239087
"818",19.1666666666667,2005,"SEN","Senegal",8.54413509,8.2667284,5.94807863,8,41.714,34.2160946283699,60.98,979.846101520171,6.88739552006753
"819",14.5161290322581,2005,"SLE","Sierra Leone",5.45097542,5.45097542,5.45097542,5,36.919,50.9140239269852,48.306,462.633324427945,6.13693478444434
"820",15.9574468085106,2005,"SGP","Singapore",7.88790894,7.84840441,10.34652805,2,100,40.8443881596239,79.990243902439,29961.3172812732,10.3076624046644
"821",16.6666666666667,2005,"SVK","Slovak Republic",12.46140289,12.29478168,13.55740452,9,55.563,44.6987406482476,73.9048780487805,11641.5410321763,9.36233510360294
"822",12.2222222222222,2005,"SVN","Slovenia",12.44736862,12.32472229,12.1538229,10,51.533,45.7919011759527,77.6121951219512,17969.7095907161,9.79644281886327
"823",0,2005,"SLB","Solomon Islands",23.7696476,18.01275253,13.02618885,9,17.832,47.8581744353978,67.79,1144.45758513252,7.04268607897022
"824",32.75,2005,"ZAF","South Africa",10.91880608,13.09509182,13.50931835,9,59.536,46.6635437378581,53.914,5836.87663325127,8.67195110967999
"825",36,2005,"ESP","Spain",14.39779758,14.68614006,14.585186,10,77.263,41.3606758529232,80.1707317073171,26450.9530130382,10.183047467376
"826",4.88888888888889,2005,"LKA","Sri Lanka",10.13588715,9.56101894,9.32690334,6,18.303,33.0348581299328,73.073,1207.21994764165,7.09607543120848
"827",14.6666666666667,2005,"SDN","Sudan",8.09948635,9.4422226,10.46531487,0,32.76,27.178046787215,57.226,905.543640136719,6.80853547068089
"828",25.4901960784314,2005,"SUR","Suriname",10.63834286,12.23231316,11.44394779,6,66.682,36.3768714161405,66.997,3453.42865937765,8.14712283083126
"829",45.2722063037249,2005,"SWE","Sweden",12.82578373,12.97792053,13.37620831,10,84.319,47.4762965438503,80.5463414634146,43378.6152117149,10.6777218615964
"830",25,2005,"CHE","Switzerland",9.39204693,9.34170818,9.55602741,10,73.478,45.6490256139121,81.2365853658537,56242.8933645639,10.9374349718995
"831",12,2005,"SYR","Syrian Arab Republic",7.34346199,6.73750305,6.85482645,0,53.782,17.7624205046688,72.797,1533.90166536568,7.33556987646028
"832",17.4603174603175,2005,"TJK","Tajikistan",4.31515169,4.3291769,5.30023098,1,26.51,36.7668164637485,66.531,333.927150941684,5.810922858234
"833",30.4075235109718,2005,"TZA","Tanzania",12.6199131,13.50882816,10.88657188,2,24.845,50.2625142573078,57.675,483.334869384766,6.18070972477891
"834",10.6,2005,"THA","Thailand",10.5017271,12.11568642,12.38446522,9,37.411,45.6708634468752,72.894,2867.70383436062,7.96126693082262
"835",25.2873563218391,2005,"TLS","Timor-Leste",3.63453341,4.0001564,1.27376139,6,26.041,44.8398632205764,61.272,487.464555404292,6.18921758093164
"836",7.40740740740741,2005,"TGO","Togo",3.80081558,3.83191919,4.34495354,1,35.185,47.8765627399164,55.916,551.259850017077,6.31220629511312
"837",19.4444444444444,2005,"TTO","Trinidad and Tobago",8.02571201,5.90168571,7.45142078,10,54.967,42.1018629314538,70.185,12346.4373094075,9.42112282346758
"838",22.7513227513228,2005,"TUN","Tunisia",11.35010338,11.73456955,11.84733677,1,65.237,25.853671094635,73.712,3146.8260743927,8.05414962842327
"839",4.36363636363636,2005,"TUR","Turkiye",10.3244648,10.41202736,10.77193069,8,67.84,25.0292265699882,73.51,7303.01388860245,8.89604240338504
"840",16,2005,"TKM","Turkmenistan",10.27287388,10.33549213,10.32131672,0,47.052,51.8815833845225,66.275,1604.01618452312,7.38026587847725
"841",23.9344262295082,2005,"UGA","Uganda",7.13494539,7.16084242,7.79203367,1,16.96,49.4495436508914,54.926,330.405402707025,5.80032039353197
"842",5.33333333333333,2005,"UKR","Ukraine",8.43188095,8.69689655,8.16024208,6,67.79,51.010113909123,67.517,1875.33508300781,7.53654263337511
"843",0,2005,"ARE","United Arab Emirates",8.37682343,8.52716255,8.52688599,0,82.262,13.2485692591035,80.779,38719.3138307623,10.5640938199205
"844",19.6594427244582,2005,"GBR","United Kingdom",16.532938,17.23350143,17.15899467,10,79.915,46.1857250791042,79.0487804878049,42104.7884375024,10.6479167528107
"845",15.1724137931034,2005,"USA","United States",17.94141579,18.57419968,18.49819565,10,79.928,45.1411315113288,77.4878048780488,44123.3996470026,10.6947455249547
"846",11.1111111111111,2005,"URY","Uruguay",13.28085995,13.70522308,13.53648949,10,93.319,43.8414237837578,75.829,5284.25677987129,8.57248726019791
"847",17.5,2005,"UZB","Uzbekistan",6.46768093,7.8006072,7.23850489,0,48.537,38.3205931860264,67.481,542.835808692209,6.2968068961094
"848",27.3092369477912,2005,"VNM","Viet Nam",8.66923904,8.76698685,7.93691111,0,27.281,49.3952962559153,73.198,710.746759994861,6.56631619194859
"849",0.332225913621262,2005,"YEM","Yemen, Rep.",4.50115108,4.35058546,3.87601113,1,28.936,17.1199958922765,65.356,734.159908450927,6.59872686381167
"850",12.6582278481013,2005,"ZMB","Zambia",5.53764105,6.74704027,7.46810293,5,36.911,45.0750338845215,51.615,710.982068171696,6.56664720891093
"851",27.3092369477912,2006,"AFG","Afghanistan",2.7260592,2.61078191,3.00392056,-66,22.907,15.6961942592096,58.553,274.218553561575,5.61392542917743
"852",7.14285714285714,2006,"ALB","Albania",9.0339222,9.37710953,7.25106478,9,47.815,43.3166357596483,76.994,3057.77257038113,8.02544201170925
"853",6.16966580976864,2006,"DZA","Algeria",7.84512997,7.63073635,7.68720913,3,64.593,14.8940505219184,73.116,3660.66104745322,8.20539902414491
"854",15,2006,"AGO","Angola",4.7187376,4.51627111,4.0603714,2,56.764,50.4182606228414,52.965,2617.05196022633,7.86980375721509
"855",35.0194552529183,2006,"ARG","Argentina",15.09950352,14.39874649,14.65606022,8,90.2,41.3329800969844,75.279,5869.38028970204,8.67750433479618
"856",5.34351145038168,2006,"ARM","Armenia",7.93185902,7.19854879,6.69246197,5,63.839,49.5447862945838,72.8243902439025,2041.65267068997,7.62151489154906
"857",24.6666666666667,2006,"AUS","Australia",15.93996811,16.49022293,15.61295509,10,84.7,45.0346032247332,81.0414634146342,36595.7071548423,10.507686221659
"858",32.2404371584699,2006,"AUT","Austria",13.78215981,14.09157562,14.38890553,10,58.532,45.631019165715,79.8804878048781,40382.2078298575,10.6061445666935
"859",11.2903225806452,2006,"AZE","Azerbaijan",3.42998004,3.49033976,2.75191212,0,52.589,50.4931894941149,68.489,2472.95725732287,7.81316998363686
"860",2.5,2006,"BHR","Bahrain",8.94466305,9.06652737,8.83426571,0,88.452,20.638144868145,76.51,19267.282615072,9.86616373512175
"861",15.0724637681159,2006,"BGD","Bangladesh",4.7282033,5.07518816,3.84091425,6,27.517,25.1972477639826,66.048,490.388026533289,6.19519696860878
"862",29.0909090909091,2006,"BLR","Belarus",8.44287395,8.12453842,5.80340672,0,72.816,49.5595148197567,69.4048780487805,3848.22350300163,8.25536689299948
"863",34.6666666666667,2006,"BEL","Belgium",13.94907475,13.94859219,14.30642509,10,97.454,44.4301958502739,79.380487804878,38705.1067959147,10.5637268288629
"864",7.2289156626506,2006,"BEN","Benin",8.31231785,6.1193018,5.10336447,7,41.049,48.0079437181572,57.966,809.147072506221,6.69598069596985
"865",2.66666666666667,2006,"BTN","Bhutan",6.82967377,7.46379232,6.02861881,0,31.712,41.8643460163262,66.499,1405.6071618158,7.24822463206182
"866",16.9230769230769,2006,"BOL","Bolivia",8.75200176,8.50024891,7.64689112,8,64.628,41.7472582034463,64.529,1202.71150446327,7.0923338738011
"867",14.2857142857143,2006,"BIH","Bosnia and Herzegovina",10.95802307,11.32833004,10.9186964,-66,44.282,41.779177352039,76.028,3166.12865344833,8.06026487557502
"868",11.1111111111111,2006,"BWA","Botswana",8.17829704,8.17829704,7.64480686,8,56.4,45.7428063280161,55.112,5291.58379144849,8.57387287351159
"869",8.7719298245614,2006,"BRA","Brazil",8.28522778,8.38031673,8.40913963,8,83.143,42.5255140460103,72.296,5934.14470924968,8.68847818701276
"870",22.0833333333333,2006,"BGR","Bulgaria",10.79413986,9.10506821,9.39310265,9,70.932,46.5466416012851,72.6121951219512,4523.1465578805,8.41696317175644
"871",11.7117117117117,2006,"BFA","Burkina Faso",6.54068851,6.27068281,7.32152605,2,22.339,42.721533288981,53.784,455.513655620024,6.12142569565794
"872",30.5084745762712,2006,"BDI","Burundi",6.48141956,6.3231554,3.78774738,7,9.617,50.9742587967657,53.962,161.892755640319,5.08693411379191
"873",15.2777777777778,2006,"CPV","Cabo Verde",8.92111492,10.09019661,8.10699081,10,58.529,41.9153334531727,71.341,2256.99666191075,7.72179029782254
"874",9.75609756097561,2006,"KHM","Cambodia",7.41110468,6.7482748,6.6590457,3,19.293,48.9352358571283,64.886,612.252648550727,6.41714502175306
"875",8.88888888888889,2006,"CMR","Cameroon",5.18314695,4.22608185,3.46105146,1,49.143,48.3011503204239,55.301,1191.45458990968,7.08293018411272
"876",20.7792207792208,2006,"CAN","Canada",16.76576424,17.05416107,17.26784515,10,80.213,46.5821618004791,80.5436585365854,40504.0370977806,10.6091569295534
"877",10.4761904761905,2006,"CAF","Central African Republic",9.17757416,9.87465954,5.28350496,1,38.193,45.3678318646743,48.687,333.942519903031,5.81096888206776
"878",6.45161290322581,2006,"TCD","Chad",7.14463902,5.99494457,4.2314992,1,21.834,43.3331987123642,48.747,906.897260572747,6.81002916979922
"879",15,2006,"CHL","Chile",13.40539932,13.59831047,13.46145725,10,86.842,36.8002736010483,78.533,9318.6565529612,9.13977375061152
"880",20.2684563758389,2006,"CHN","China",7.56382084,7.90135717,7.7085824,0,43.868,44.7586051835889,74.404,2129.25696999613,7.66352835746711
"881",8.43373493975904,2006,"COL","Colombia",16.05757141,16.2844429,16.6930294,7,76.423,39.9466975504594,73.497,3789.85361217027,8.24008267257333
"882",3.03030303030303,2006,"COM","Comoros",5.18173599,4.33239365,2.86453962,9,27.863,40.1513544097885,61.229,1154.90422349749,7.05177269613876
"883",8.52713178294574,2006,"COG","Congo, Rep.",2.08378863,2.05207968,4.54892206,0,61.441,49.6460351781779,59.474,2103.5821381211,7.65139695057869
"884",38.5964912280702,2006,"CRI","Costa Rica",30.26260757,31.73869324,33.36737442,10,66.935,36.4208246354747,79.049,5256.59640859159,8.56723902568125
"885",8.52017937219731,2006,"CIV","Cote d'Ivoire",3.85718441,4.57922173,4.65788126,-77,45.652,42.2751189698482,52.885,1230.43056838584,7.11511944270954
"886",21.7105263157895,2006,"HRV","Croatia",13.22086811,13.89749432,13.94763851,9,54.483,45.7811595977854,75.8368292682927,11502.753124287,9.35034168781115
"887",35.9605911330049,2006,"CUB","Cuba",11.20564365,14.48143005,13.17769623,0,76.227,37.4312248024406,77.406,4329.98265964383,8.37331881628732
"888",14.2857142857143,2006,"CYP","Cyprus",6.04717827,6.14984655,6.51698303,10,68.125,42.5418703481259,79.456,26729.28125,10.1935149195084
"889",15.5,2006,"CZE","Czechia",12.71145344,12.40300465,12.54553795,9,73.533,43.9128059139627,76.5243902439024,15259.0788162004,9.6329299371055
"890",36.8715083798883,2006,"DNK","Denmark",15.43233299,15.74048042,15.85259914,10,86.098,47.0300893860233,78.0951219512195,52119.1787984282,10.8612882751367
"891",10.7692307692308,2006,"DJI","Djibouti",7.23246288,6.52659225,6.34888077,3,76.807,25.3589101350113,58.962,898.464628136774,6.80068733776563
"892",19.6629213483146,2006,"DOM","Dominican Republic",8.26970291,10.32302856,11.47650242,8,68.71,35.7636271387033,71.054,4055.14270347371,8.30774115790901
"893",25,2006,"ECU","Ecuador",8.56826591,8.82739544,6.15163374,7,61.907,39.1903739985136,74.01,3243.67010359339,8.08446071573406
"894",2.03619909502262,2006,"EGY","Egypt, Arab Rep.",5.04994678,5.01764584,4.69924688,1,43.073,22.4692173297319,68.493,1298.97900203124,7.16933385182189
"895",16.6666666666667,2006,"SLV","El Salvador",19.30836487,17.98424721,16.65882492,7,62.187,40.7623138416149,69.612,2665.61807194853,7.88819123164212
"896",18,2006,"GNQ","Equatorial Guinea",1.44399369,1.47166014,1.49703324,0,59.431,42.8404344664709,56.354,10184.8841248541,9.22865995155683
"897",22,2006,"ERI","Eritrea",1.62111926,2.37287188,2.37287188,0,32.051,47.7986544115008,61.457,447.997404727201,6.10478743937856
"898",18.8118811881188,2006,"EST","Estonia",11.05736637,11.48986721,11.4233017,9,68.607,49.1329296241348,72.6914634146341,12641.4800976473,9.44473875717846
"899",10.7692307692308,2006,"SWZ","Eswatini",12.62098312,12.37345791,13.34263515,0,21.91,46.642959377905,44.563,3035.06156119205,8.01798698704145
"900",21.9281663516068,2006,"ETH","Ethiopia",5.07604218,6.49598169,2.74178195,1,15.899,45.9772792287907,55.402,189.345737521418,5.24357464298494
"901",38,2006,"FIN","Finland",13.57039928,13.64715004,13.73692036,10,83.037,48.2200991529155,79.2146341463415,41214.0187765069,10.6265337390275
"902",12.1951219512195,2006,"FRA","France",13.99930096,13.95229912,13.91539669,10,77.377,46.9137326921166,80.8121951219512,36431.5658906555,10.5031908726269
"903",12.5,2006,"GAB","Gabon",5.76007175,6.36190653,5.61290503,0,83.107,40.3556000751268,63.259,6847.00985685394,8.83156731870728
"904",13.2075471698113,2006,"GMB","Gambia, The",6.30897522,6.30897522,6.30897522,0,52.751,47.9230705603831,59.667,614.544307904464,6.42088103040097
"905",9.36170212765957,2006,"GEO","Georgia",5.23038626,3.95363283,4.83068514,7,53.992,47.8581155580318,70.983,1996.02013272284,7.59891054335503
"906",31.5960912052117,2006,"DEU","Germany",16.93153572,17.40883636,17.45852661,10,76.179,45.4014484954067,79.1317073170732,36980.3349948954,10.5181415637128
"907",10.8695652173913,2006,"GHA","Ghana",11.59992123,9.83570862,9.89629364,8,47.988,48.6004395849339,59.975,906.441027564887,6.80952597299311
"908",13,2006,"GRC","Greece",11.27762222,11.30030632,11.3433733,10,74.827,40.5387506035476,79.4390243902439,24416.0232970275,10.1029948882542
"909",8.22784810126582,2006,"GTM","Guatemala",14.5871048,14.23033047,15.49126434,8,47.21,34.2767186284829,68.79,2225.1234753878,7.70756768761689
"910",19.2982456140351,2006,"GIN","Guinea",1.87932241,2.77464008,2.67317295,1,32.539,49.3555936475137,54.875,446.980554135013,6.10251509061362
"911",14,2006,"GNB","Guinea-Bissau",2.52350521,2.52350521,2.52350521,6,38.545,45.9977414313334,54.089,448.513075469701,6.10593783485248
"912",28.9855072463768,2006,"GUY","Guyana",5.69657898,6.60877609,7.0215044,6,27.582,32.8493361761597,64.848,3135.60553528326,8.05057758761575
"913",2.04081632653061,2006,"HTI","Haiti",2.994277,7.11358404,7.42596531,6,43.604,46.4425581423216,60.74,828.805700289589,6.7199857492441
"914",23.4375,2006,"HND","Honduras",13.42183208,13.63652325,12.56671429,7,49.245,32.1448666738954,69.364,1425.84780051892,7.26252186352409
"915",10.3626943005181,2006,"HUN","Hungary",10.65500927,9.79407406,9.85157299,10,66.895,47.6175456450071,73.0975609756098,11478.4891640501,9.34823005529376
"916",8.25688073394496,2006,"IND","India",2.88599753,2.78734279,2.79898262,9,29.569,27.8892574062721,65.373,801.668353659022,6.68669499822591
"917",11.2727272727273,2006,"IDN","Indonesia",4.51138687,5.43744278,4.6298461,8,46.738,36.0479574706164,67.664,1558.31562847163,7.35136079158156
"918",4.13793103448276,2006,"IRN","Iran, Islamic Rep.",9.6129694,11.53469467,9.47516823,0,68.239,19.4782658567813,72.895,3618.9160136791,8.19392981624254
"919",25.4545454545455,2006,"IRQ","Iraq",3.0470798,4.6332202,4.14425755,-66,68.819,14.6054211814639,64.029,2276.55435744086,7.73041833212687
"920",13.2530120481928,2006,"IRL","Ireland",17.42926025,17.35766602,17.41835403,10,60.738,42.4220161617761,79.2414634146342,54329.1618599624,10.9028164125899
"921",14.1666666666667,2006,"ISR","Israel",9.84778023,9.87814236,9.93289471,7,91.58,45.8877271202015,80.5536585365854,22527.2619795719,10.0224814982814
"922",17.3015873015873,2006,"ITA","Italy",13.72484303,13.47591782,13.85614204,10,67.856,40.2912031518167,81.2829268292683,33537.1286994269,10.4204084234665
"923",11.6666666666667,2006,"JAM","Jamaica",6.25744629,8.22749615,8.35763645,9,52.998,44.0493352424475,71.395,4417.00127135363,8.39321629942842
"924",9.375,2006,"JPN","Japan",17.86665344,18.22702217,18.09814644,10,87.118,41.1242402109227,82.3219512195122,35991.546002862,10.4910393566068
"925",5.45454545454545,2006,"JOR","Jordan",11.36012363,12.51918411,15.12543488,2,80.97,14.6099390797976,73.225,2342.63459574933,7.75903147062599
"926",10.3896103896104,2006,"KAZ","Kazakhstan",11.72052765,7.57602596,8.41329765,0,56.536,49.6965020466736,65.722,5030.13494711519,8.52320209118623
"927",7.30593607305936,2006,"KEN","Kenya",6.81280947,7.03938627,7.17080498,8,22.045,48.7698295796163,59.059,699.80237063381,6.55079796751546
"928",13.3779264214047,2006,"KOR","Korea, Rep.",9.59643841,10.11632633,9.79573822,8,81.528,41.0589557021877,78.6682926829268,21743.4774514254,9.98706910425086
"929",1.53846153846154,2006,"KWT","Kuwait",4.34875584,4.87055826,3.69263697,0,100,26.4798517146725,76.8876829268293,42946.6374104066,10.6677136335537
"930",0,2006,"KGZ","Kyrgyz Republic",14.45895767,10.42505074,10.38534927,4,35.289,45.6425593266571,67.6951219512195,543.113512472219,6.29731834499684
"931",25.2173913043478,2006,"LAO","Lao PDR",4.36346436,3.90299487,3.19745922,0,27.748,46.8457504077337,61.074,579.391947440719,6.36197918713843
"932",19,2006,"LVA","Latvia",9.62257767,9.7149601,8.80106544,8,67.967,48.4694624723628,70.8658536585366,9211.7374468148,9.12823375932021
"933",4.6875,2006,"LBN","Lebanon",9.82933903,9.98217583,8.95981979,6,86.762,24.1567678051592,75.677,4635.2514117486,8.44144571854587
"934",11.6666666666667,2006,"LSO","Lesotho",7.05384541,9.6424675,8.08101749,8,22.82,47.1831434810836,43.182,925.467485502842,6.83029899957885
"935",12.5,2006,"LBR","Liberia",4.25491762,4.25491762,4.25491762,7,46.396,47.4553046173272,57.495,320.55808618515,5.77006349608655
"936",7.69230769230769,2006,"LBY","Libya",5.27548695,4.81298208,3.70079064,0,77.253,33.9128581982674,71.632,10048.8480434289,9.21521328437317
"937",24.822695035461,2006,"LTU","Lithuania",10.62221146,10.75255203,11.67387962,10,66.706,49.5210800960822,71.0560975609756,9210.10118229413,9.128056115323
"938",23.3333333333333,2006,"LUX","Luxembourg",14.11738968,14.06171227,14.40140057,10,87.009,42.5817279148805,79.2878048780488,90788.8004876145,11.4162912143346
"939",6.875,2006,"MDG","Madagascar",10.24659061,11.84111977,8.98169422,7,29.425,48.751904835479,61.14,324.146874882604,5.78119673061388
"940",13.6125654450262,2006,"MWI","Malawi",5.29271793,3.54459715,6.62496853,6,15.144,50.5383886055471,53.652,440.822149023873,6.08864150390819
"941",9.1324200913242,2006,"MYS","Malaysia",6.5490737,6.27600908,5.93352127,4,67.483,35.3633915692325,74.697,6158.40785533236,8.72557355807627
"942",10.2040816326531,2006,"MLI","Mali",5.54589033,4.63811064,3.79411221,7,32.832,42.7307450554053,54.305,633.221946737432,6.45082098744638
"943",17.8947368421053,2006,"MRT","Mauritania",3.55967808,3.88567042,4.48034525,0,42.998,32.0286026380764,64.493,1300.60367988659,7.17058380480718
"944",17.1428571428571,2006,"MUS","Mauritius",7.30248404,6.8428731,6.12254477,10,42,34.9790239879522,72.4321951219512,5695.97525509869,8.64751510882302
"945",22.6,2006,"MEX","Mexico",10.73126125,10.71415234,9.43475246,8,76.616,36.1784123699021,73.746,9512.63575346699,9.16037627312903
"946",21.7821782178218,2006,"MDA","Moldova",12.89050865,13.18110943,12.7215929,9,42.744,53.7232996949799,68.423,1183.02481442894,7.07582983960704
"947",6.57894736842105,2006,"MNG","Mongolia",9.51160336,8.16387272,8.55250454,10,63.535,46.471839443947,65.9021951219512,1329.89179579053,7.1928528613577
"948",10.7692307692308,2006,"MAR","Morocco",5.01113462,5.35828495,5.31417799,0,55.746,25.6202136801068,69.157,2438.12646484375,7.79898518106823
"949",34.8,2006,"MOZ","Mozambique",5.67257071,5.60290384,5.66810656,5,30.182,54.2158404149819,52.748,457.487647833183,6.12574988507936
"950",26.9230769230769,2006,"NAM","Namibia",15.75332451,17.97894859,14.54984188,6,37.61,47.1104372651172,53.183,4017.1834716928,8.29833630712578
"951",5.88235294117647,2006,"NPL","Nepal",7.58403015,5.17588425,5.31127596,7,15.462,28.4129072153107,65.891,340.431796437968,5.83021480137907
"952",36.6666666666667,2006,"NLD","Netherlands",13.81190681,13.96673584,14.42208195,10,83.636,45.4210827075229,79.6975609756098,45123.5432406426,10.7171594123582
"953",32.2314049586777,2006,"NZL","New Zealand",17.93933105,18.14679909,18.35853958,10,86.4,46.2636529506863,80.0487804878049,26654.5932018985,10.1907167675346
"954",15.2173913043478,2006,"NIC","Nicaragua",13.40531254,14.67852211,14.58318424,8,56.132,34.060286867084,70.958,1248.17371577788,7.12943673457744
"955",12.3893805309735,2006,"NER","Niger",13.54461861,8.63178158,9.1883316,7,16.238,42.9075929348525,54.223,333.345078419447,5.80917822495162
"956",6.11111111111111,2006,"NGA","Nigeria",7.32234478,4.29357767,4.59404516,4,39.943,47.157818579232,49.876,1599.53891556365,7.37747068892396
"957",28.3333333333333,2006,"MKD","North Macedonia",13.40144539,12.84653187,12.53623104,9,57.383,40.3097070550725,73.8951219512195,3440.4411057968,8.14335497057618
"958",37.8698224852071,2006,"NOR","Norway",16.00895882,16.14440536,16.50714111,10,77.95,47.8326723620426,80.3439024390244,74434.4996835671,11.2176748187673
"959",2.40963855421687,2006,"OMN","Oman",5.42304897,5.58193493,5.40967321,0,72.967,17.4641265040036,75.354,16930.8565071853,9.73689306493936
"960",21.3450292397661,2006,"PAK","Pakistan",3.20882916,2.82065868,2.22328711,0,34.184,18.432231647059,63.624,900.873564984808,6.80336492033068
"961",16.6666666666667,2006,"PAN","Panama",18.54950142,22.23812294,20.08969498,9,63.976,36.8839688725304,75.429,5528.76705469354,8.61772011390643
"962",0.917431192660551,2006,"PNG","Papua New Guinea",8.3770504,9.06886101,7.66453409,4,13.091,47.5157079184689,62.018,1238.18282926706,7.12140012349347
"963",10,2006,"PRY","Paraguay",11.91111469,12.69455528,12.99318123,8,57.96,37.9490380084419,71.584,2439.43124694576,7.79952019560223
"964",29.1666666666667,2006,"PER","Peru",11.56533909,11.58643723,10.98999786,9,75.421,44.424426303608,72.337,3129.55996496982,8.0486476873794
"965",15.2542372881356,2006,"PHL","Philippines",6.63096142,6.46384048,6.51014423,8,45.625,39.3066876742614,68.172,1426.14649179546,7.26273132486729
"966",20.4347826086957,2006,"POL","Poland",9.0044136,9.54057884,10.27786732,10,61.341,45.0157769318026,75.1439024390244,9068.85528307627,9.1126013260015
"967",21.304347826087,2006,"PRT","Portugal",13.11571312,13.03408241,13.21014977,10,58.137,46.9947534183005,78.419512195122,19839.4540499032,9.89542786281424
"968",0,2006,"QAT","Qatar",5.79555845,5.25385904,5.19438267,0,97.671,13.2921414408562,77.323,62582.4453138755,11.0442400914655
"969",11.178247734139,2006,"ROU","Romania",11.28106403,10.90114307,10.79291916,9,53.305,43.8672230608979,72.1634146341463,5757.53127301178,8.65826406337992
"970",9.84340044742729,2006,"RUS","Russian Federation",10.13223743,9.22400856,9.59382248,6,73.508,49.5085721485591,66.7275609756098,6920.19970703125,8.84219990759287
"971",48.75,2006,"RWA","Rwanda",7.20270061,7.79290724,8.0763216,0,16.917,47.1603652958495,58.342,356.995022901154,5.8777218402291
"972",0,2006,"SAU","Saudi Arabia",9.68641186,8.51324272,7.08181906,0,81.204,13.7335092516244,74.762,17563.6145370639,9.77358468524766
"973",19.1666666666667,2006,"SEN","Senegal",8.2667284,5.94807863,6.62481499,8,42.124,34.2424043304914,61.801,1017.20196747987,6.92481096775753
"974",12,2006,"SRB","Serbia",12.53220367,13.55892181,12.93137169,9,54.105,44.3507838225566,73.3853658536585,4492.7136699046,8.41021217899684
"975",14.5161290322581,2006,"SLE","Sierra Leone",5.45097542,5.45097542,4.41303635,5,37.303,50.8301690192992,49.547,580.26796974773,6.36349001364999
"976",21.1764705882353,2006,"SGP","Singapore",7.84840441,10.34652805,8.65292072,2,100,41.0079379243517,80.1414634146341,33768.4528234651,10.4272822972121
"977",20,2006,"SVK","Slovak Republic",12.29478168,13.55740452,14.05093288,10,55.412,44.4272529879321,74.2048780487805,13167.8954730379,9.48553698493257
"978",12.2222222222222,2006,"SVN","Slovenia",12.32472229,12.1538229,12.58082104,10,51.758,45.9500237485212,78.0865853658537,19563.005059144,9.88139556466906
"979",0,2006,"SLB","Solomon Islands",18.01275253,13.02618885,9.07382584,9,18.259,47.9739318027085,67.968,1255.62589099975,7.13538944517552
"980",32.75,2006,"ZAF","South Africa",13.09509182,13.50931835,13.01471424,9,60.077,46.7629744540999,54.22,6077.38293388876,8.71232944378983
"981",36,2006,"ESP","Spain",14.68614006,14.585186,14.82255077,10,77.502,41.8777674074371,80.8219512195122,28421.686527407,10.2549077428674
"982",4.88888888888889,2006,"LKA","Sri Lanka",9.56101894,9.32690334,8.72877598,7,18.288,33.0356239330428,72.825,1389.50625583936,7.23670375139578
"983",17.7777777777778,2006,"SDN","Sudan",9.4422226,10.46531487,8.78631306,0,32.813,27.0961453916134,60.4,1132.474609375,7.03216043712793
"984",25.4901960784314,2006,"SUR","Suriname",12.23231316,11.44394779,10.23190498,6,66.615,36.7220278767668,67.643,5002.65798695759,8.51772464755992
"985",47.2779369627507,2006,"SWE","Sweden",12.97792053,13.37620831,13.53749371,10,84.43,47.4454740160229,80.7487804878049,46531.6001120572,10.7478869330731
"986",25,2006,"CHE","Switzerland",9.34170818,9.55602741,9.77972221,10,73.504,45.6730856585828,81.490243902439,59011.0324592016,10.9854796962412
"987",12,2006,"SYR","Syrian Arab Republic",6.73750305,6.85482645,6.83824778,0,54.146,16.7970430433179,73.04,1718.78347217338,7.44937203594431
"988",17.4603174603175,2006,"TJK","Tajikistan",4.3291769,5.30023098,6.78862953,1,26.512,36.6519490362572,66.997,401.018403316427,5.99400731981067
"989",30.4075235109718,2006,"TZA","Tanzania",13.50882816,10.88657188,12.48550034,2,25.478,50.4131012963507,58.512,475.746734619141,6.16488564250403
"990",8.67768595041322,2006,"THA","Thailand",12.11568642,12.38446522,13.49731636,0,38.673,45.3459503783911,73.341,3331.32043511773,8.11112403144079
"991",25.2873563218391,2006,"TLS","Timor-Leste",4.0001564,1.27376139,2.77694035,7,26.374,44.9153100068845,61.881,464.667001844159,6.14132102398099
"992",8.64197530864197,2006,"TGO","Togo",3.83191919,4.34495354,4.84371662,1,35.649,47.9267503946046,56.142,552.50227125256,6.31445754424782
"993",19.4444444444444,2006,"TTO","Trinidad and Tobago",5.90168571,7.45142078,6.55431318,10,54.779,42.3510367094703,70.437,14152.6607422113,9.55765792371321
"994",22.7513227513228,2006,"TUN","Tunisia",11.73456955,11.84733677,11.84145737,1,65.524,26.5054599617216,73.888,3322.56933570096,8.10849365890268
"995",4.36363636363636,2006,"TUR","Turkiye",10.41202736,10.77193069,11.09309196,8,68.45,25.4628955396477,73.804,7953.0784802497,8.98131436291419
"996",16,2006,"TKM","Turkmenistan",10.33549213,10.32131672,8.7096386,0,47.308,51.9621932931464,66.574,1996.59310717308,7.59919756061402
"997",29.8192771084337,2006,"UGA","Uganda",7.16084242,7.79203367,7.2500844,1,17.425,49.4405926331726,56.118,346.518255310647,5.84793550212137
"998",8.66666666666667,2006,"UKR","Ukraine",8.69689655,8.16024208,6.77591944,7,67.969,51.1767282968727,67.49,2366.494140625,7.76916487337662
"999",5,2006,"ARE","United Arab Emirates",8.52716255,8.52688599,8.52666855,0,82.648,13.6407299472878,81.155,44342.6048322482,10.6997012282253
"1000",19.6594427244582,2006,"GBR","United Kingdom",17.23350143,17.15899467,16.57486534,10,80.199,46.2550344771578,79.2487804878049,44512.4590296865,10.703524407163
"1001",16.3218390804598,2006,"USA","United States",18.57419968,18.49819565,18.201231,10,80.099,45.120895131862,77.6878048780488,46301.9876485519,10.7429401689272
"1002",11.1111111111111,2006,"URY","Uruguay",13.70522308,13.53648949,17.32947922,10,93.553,43.5952816932487,75.888,6001.33294783172,8.69973688150872
"1003",17.5,2006,"UZB","Uzbekistan",7.8006072,7.23850489,7.23448753,0,49.021,38.0156481212909,67.905,649.118167003925,6.47561477563718
"1004",27.3092369477912,2006,"VNM","Viet Nam",8.76698685,7.93691111,8.12048721,0,27.888,49.4471924757721,73.293,807.756645117054,6.69426083137093
"1005",0.332225913621262,2006,"YEM","Yemen, Rep.",4.35058546,3.87601113,3.88588715,1,29.49,16.127119063855,65.8,809.713127624703,6.69668002150951
"1006",14.6496815286624,2006,"ZMB","Zambia",6.74704027,7.46810293,8.14711761,5,37.395,44.9696267715103,52.693,1051.71714895686,6.95817948733282
"1007",27.6859504132231,2007,"AFG","Afghanistan",2.61078191,3.00392056,2.51478314,-66,23.113,15.896548904235,58.956,376.223152003876,5.93018245671674
"1008",7.14285714285714,2007,"ALB","Albania",9.37710953,7.25106478,7.21709204,9,48.902,43.5605418963098,77.691,3743.05529896187,8.2276574817632
"1009",7.7120822622108,2007,"DZA","Algeria",7.63073635,7.68720913,8.64468479,3,65.348,15.2650145371148,73.346,4167.45169937531,8.33506002472583
"1010",15,2007,"AGO","Angola",4.51627111,4.0603714,5.77788925,2,57.524,50.3853072600525,54.2,3141.0459797605,8.05231113800537
"1011",40,2007,"ARG","Argentina",14.39874649,14.65606022,16.42263222,8,90.366,41.067381097597,74.783,7185.25155147027,8.87978580854331
"1012",9.16030534351145,2007,"ARM","Armenia",7.19854879,6.69246197,6.34490108,5,63.739,49.6091238777145,72.8731707317073,2962.70234594569,7.99385708553981
"1013",26.6666666666667,2007,"AUS","Australia",16.49022293,15.61295509,15.88237,10,84.822,45.1311981251528,81.2926829268293,41051.6120652288,10.6225853848824
"1014",32.7868852459016,2007,"AUT","Austria",14.09157562,14.38890553,13.75788116,10,58.249,45.6760851141474,80.180487804878,46622.9622913635,10.7498484517844
"1015",11.3821138211382,2007,"AZE","Azerbaijan",3.49033976,2.75191212,3.28483939,0,52.79,48.7803882593138,68.659,3851.33015175141,8.25617386157394
"1016",2.5,2007,"BHR","Bahrain",9.06652737,8.83426571,11.16572762,0,88.488,20.7396443380498,76.952,20908.4042548073,9.94790647458024
"1017",29.0909090909091,2007,"BLR","Belarus",8.12453842,5.80340672,6.73101664,0,73.273,49.6139449558935,70.2073170731707,4735.48107556066,8.46283860036647
"1018",35.3333333333333,2007,"BEL","Belgium",13.94859219,14.30642509,14.3937521,8,97.505,44.6941469929121,79.7829268292683,44319.165448813,10.6991724911178
"1019",10.8433734939759,2007,"BEN","Benin",6.1193018,5.10336447,5.1059413,7,41.558,48.2551276406913,58.249,912.338247188342,6.8160108063884
"1020",2.66666666666667,2007,"BTN","Bhutan",7.46379232,6.02861881,6.19368172,0,32.469,42.2315308453922,67.152,1850.41570433398,7.52316559787537
"1021",16.9230769230769,2007,"BOL","Bolivia",8.50024891,7.64689112,9.51188183,8,65.082,41.7828197808715,64.939,1354.54905949929,7.21122388050695
"1022",11.9047619047619,2007,"BIH","Bosnia and Herzegovina",11.32833004,10.9186964,12.523983,-66,44.601,41.8203195026579,76.162,3931.48948737505,8.27677363748041
"1023",11.1111111111111,2007,"BWA","Botswana",8.17829704,7.64480686,6.25206232,8,57.928,45.7099207259364,56.735,5529.12574632532,8.61778498912965
"1024",8.96686159844054,2007,"BRA","Brazil",8.38031673,8.40913963,8.88783264,8,83.448,42.6041384430644,72.73,7409.69130673473,8.91054405841221
"1025",21.6666666666667,2007,"BGR","Bulgaria",9.10506821,9.39310265,9.03616238,9,71.278,46.4992750087696,72.6634146341463,5888.57081403932,8.680768601029
"1026",15.3153153153153,2007,"BFA","Burkina Faso",6.27068281,7.32152605,7.62939405,2,22.996,42.873755386364,54.377,514.684451177238,6.24355399671578
"1027",30.5084745762712,2007,"BDI","Burundi",6.3231554,3.78774738,5.4775238,7,9.864,51.1802484840162,54.832,166.162744906755,5.11296769909171
"1028",18.0555555555556,2007,"CPV","Cabo Verde",10.09019661,8.10699081,8.30945301,10,59.363,42.3753706015985,71.487,3324.57675212498,8.10909765239357
"1029",19.5121951219512,2007,"KHM","Cambodia",6.7482748,6.6590457,5.96768332,3,19.413,48.5642551385291,65.549,731.692295125426,6.59536006373399
"1030",13.8888888888889,2007,"CMR","Cameroon",4.22608185,3.46105146,3.04738736,1,49.746,48.2985190063868,55.71,1325.67248215933,7.18967514337381
"1031",21.3114754098361,2007,"CAN","Canada",17.05416107,17.26784515,17.31643105,10,80.396,46.769076817619,80.5436585365854,44660.0838892281,10.7068354037898
"1032",10.4761904761905,2007,"CAF","Central African Republic",9.87465954,5.28350496,4.57551003,1,38.339,45.3394829143964,49.327,380.887048839475,5.94250287143492
"1033",5.16129032258065,2007,"TCD","Chad",5.99494457,4.2314992,3.54986572,1,21.868,43.1230889655996,49.21,980.483531485103,6.88804584945772
"1034",15,2007,"CHL","Chile",13.59831047,13.46145725,13.60349178,10,86.9,37.3253722156341,78.652,10346.4138184533,9.24439524768095
"1035",20.620992237597,2007,"CHN","China",7.90135717,7.7085824,8.37523174,0,45.199,44.6615363074549,74.789,2734.72709877693,7.91378692880885
"1036",8.43373493975904,2007,"COL","Colombia",16.2844429,16.6930294,17.0406208,7,76.816,39.9456199001699,73.751,4769.926147194,8.47008610099397
"1037",3.03030303030303,2007,"COM","Comoros",4.33239365,2.86453962,2.77465606,9,27.867,39.7335598980459,61.475,1289.73631056361,7.16219306604526
"1038",7.2992700729927,2007,"COG","Congo, Rep.",2.05207968,4.54892206,2.52816463,0,61.893,49.7008046031599,60.05,2206.47101863414,7.69914969408182
"1039",36.8421052631579,2007,"CRI","Costa Rica",31.73869324,33.36737442,33.47280121,10,68.174,36.7783872177298,79.098,6137.71199925542,8.72220731313644
"1040",8.86699507389163,2007,"CIV","Cote d'Ivoire",4.57922173,4.65788126,5.82132435,-88,46.071,42.9611012786467,53.452,1367.53817722326,7.22076745143717
"1041",20.9150326797386,2007,"HRV","Croatia",13.89749432,13.94763851,13.62657642,9,54.651,44.7251599188106,75.7056097560976,13757.605654192,9.52934708865671
"1042",35.9605911330049,2007,"CUB","Cuba",14.48143005,13.17769623,14.93230438,0,76.32,38.0432839064082,77.55,4807.43888960684,8.47791976591191
"1043",14.2857142857143,2007,"CYP","Cyprus",6.14984655,6.51698303,6.53122473,10,67.982,43.2919766621234,79.798,31244.87890625,10.3496107667356
"1044",15.5,2007,"CZE","Czechia",12.40300465,12.54553795,13.54464912,9,73.463,43.5560348648705,76.7243902439025,18452.6532812196,9.82296344840931
"1045",37.9888268156425,2007,"DNK","Denmark",15.74048042,15.85259914,15.94620609,10,86.293,46.9764743083975,78.1951219512195,58631.6566433635,10.9790300454582
"1046",13.8461538461538,2007,"DJI","Djibouti",6.52659225,6.34888077,6.1399169,3,76.853,25.5937476288034,59.362,969.573220191902,6.87685599549458
"1047",19.6629213483146,2007,"DOM","Dominican Republic",10.32302856,11.47650242,14.43360138,8,70.02,35.5385995871037,71.097,4649.64558875814,8.44454627820534
"1048",25,2007,"ECU","Ecuador",8.82739544,6.15163374,7.4589715,5,62.104,39.3219496517283,74.226,3478.92488770671,8.15447858472247
"1049",1.80995475113122,2007,"EGY","Egypt, Arab Rep.",5.01764584,4.69924688,4.71808481,1,43.078,24.173360319846,68.627,1547.74170735909,7.34455218451652
"1050",16.6666666666667,2007,"SLV","El Salvador",17.98424721,16.65882492,15.81473637,7,62.774,40.6665247079898,69.82,2830.65693770733,7.94826409716397
"1051",18,2007,"GNQ","Equatorial Guinea",1.47166014,1.49703324,1.4756577,0,61.1,42.5129813294385,56.857,12616.9532942011,9.44279668810597
"1052",22,2007,"ERI","Eritrea",2.37287188,2.37287188,2.37287188,0,33.017,47.7377730590107,61.998,480.44762365456,6.17471821862833
"1053",20.7920792079208,2007,"EST","Estonia",11.48986721,11.4233017,11.39671612,9,68.479,48.5493546575255,72.8146341463415,16745.4308011148,9.72588071204665
"1054",10.7692307692308,2007,"SWZ","Eswatini",12.37345791,13.34263515,13.33174038,0,21.829,46.9154785882793,45.16,3180.86121498525,8.06490726143088
"1055",21.9281663516068,2007,"ETH","Ethiopia",6.49598169,2.74178195,5.30019999,1,16.116,45.9700849526539,56.566,237.146255996319,5.46867706470716
"1056",41.5,2007,"FIN","Finland",13.64715004,13.73692036,13.38422298,10,83.168,48.2520984543706,79.2634146341464,48473.0240091455,10.7887627161886
"1057",18.1975736568458,2007,"FRA","France",13.95229912,13.91539669,13.95940399,10,77.621,47.1454869284624,81.1121951219512,41486.1907828787,10.6331158986247
"1058",16.6666666666667,2007,"GAB","Gabon",6.36190653,5.61290503,6.81763697,0,83.742,40.3883027142885,63.619,8003.54289696049,8.98763958474755
"1059",9.43396226415094,2007,"GMB","Gambia, The",6.30897522,6.30897522,6.30897522,0,53.481,47.8948403224447,60.001,724.726407242432,6.58579421431217
"1060",9.36170212765957,2007,"GEO","Georgia",3.95363283,4.83068514,5.88417959,7,54.379,48.0405648890669,70.985,2635.36650276116,7.87677754153525
"1061",31.6476345840131,2007,"DEU","Germany",17.40883636,17.45852661,17.63837624,10,76.378,45.639098938875,79.5341463414634,42350.9217211489,10.6537454642152
"1062",10.8695652173913,2007,"GHA","Ghana",9.83570862,9.89629364,12.35655785,8,48.669,48.4564774151319,60.282,1050.12461524926,6.95666411729928
"1063",14.6666666666667,2007,"GRC","Greece",11.30030632,11.3433733,11.88302231,10,75.199,40.5939253656699,79.4390243902439,28440.7625328955,10.2555786955442
"1064",12.0253164556962,2007,"GTM","Guatemala",14.23033047,15.49126434,16.02617264,8,47.508,34.4563761842794,69.299,2458.81573919384,7.80743510618117
"1065",19.2982456140351,2007,"GIN","Guinea",2.77464008,2.67317295,1.60156095,1,32.822,48.8663460385093,55.233,650.148575304743,6.47720091416176
"1066",14,2007,"GNB","Guinea-Bissau",2.52350521,2.52350521,2.52350521,6,38.934,45.9771725610037,54.87,519.069789794741,6.25203834386503
"1067",28.9855072463768,2007,"GUY","Guyana",6.60877609,7.0215044,7.41419315,6,27.343,33.4129073864912,65.462,3608.28685240188,8.19098838256817
"1068",4.08163265306122,2007,"HTI","Haiti",7.11358404,7.42596531,6.77164745,6,44.574,46.5348414033479,61.09,984.566983448521,6.89220193380281
"1069",23.4375,2007,"HND","Honduras",13.63652325,12.56671429,13.9932375,7,49.905,32.0945757396269,69.539,1577.73789197407,7.36374738619885
"1070",11.139896373057,2007,"HUN","Hungary",9.79407406,9.85157299,9.71099281,10,67.421,47.5593780641546,73.1512195121951,13934.605460375,9.54213062666091
"1071",9.05730129390018,2007,"IND","India",2.78734279,2.79898262,3.1219337,9,29.906,27.2272889223942,65.803,1021.88707706826,6.92940627255353
"1072",11.6363636363636,2007,"IDN","Indonesia",5.43744278,4.6298461,5.41294384,8,47.535,37.84342857898,67.914,1823.21976255073,7.50835931735865
"1073",4.13793103448276,2007,"IRN","Iran, Islamic Rep.",11.53469467,9.47516823,12.3770647,0,68.864,18.7035352726196,73.299,4687.99166265915,8.45275955281225
"1074",25.4545454545455,2007,"IRQ","Iraq",4.6332202,4.14425755,4.73372602,-66,68.873,15.1203832957265,64.428,3128.99010329066,8.0484655807654
"1075",13.2530120481928,2007,"IRL","Ireland",17.35766602,17.41835403,17.30187988,10,60.94,43.0136162830228,79.6414634146341,61396.417461176,11.0251067648951
"1076",14.1666666666667,2007,"ISR","Israel",9.87814236,9.93289471,9.99487972,7,91.641,45.8875174688803,80.5048780487805,25721.2594077311,10.1550731432387
"1077",17.3015873015873,2007,"ITA","Italy",13.47591782,13.85614204,13.71444511,10,67.974,40.3232425354728,81.4341463414634,37826.1754554823,10.5407566143266
"1078",13.3333333333333,2007,"JAM","Jamaica",8.22749615,8.35763645,7.45104456,9,53.184,44.0330265417165,71.405,4716.48612542727,8.45881933637611
"1079",9.375,2007,"JPN","Japan",18.22702217,18.09814644,18.05703545,10,88.146,41.156088445291,82.5070731707317,35779.0245416427,10.4851170940204
"1080",6.36363636363636,2007,"JOR","Jordan",12.51918411,15.12543488,17.915905,2,82.371,17.1968445919144,73.407,2506.20599484139,7.82652533273271
"1081",15.8878504672897,2007,"KAZ","Kazakhstan",7.57602596,8.41329765,11.36352253,0,56.609,49.7572785859177,66.18,6449.43931096532,8.7717484774788
"1082",7.2463768115942,2007,"KEN","Kenya",7.03938627,7.17080498,7.2007761,7,22.42,48.7203133623929,59.407,840.201439476765,6.73364167198871
"1083",14.38127090301,2007,"KOR","Korea, Rep.",10.11632633,9.79573822,10.08799362,8,81.631,41.0042479625407,79.119512195122,24086.4104391677,10.0894030782452
"1084",1.53846153846154,2007,"KWT","Kuwait",4.87055826,3.69263697,5.17794514,0,100,27.0299738062904,77.0101707317073,45709.4132876371,10.7300595357071
"1085",25.5555555555556,2007,"KGZ","Kyrgyz Republic",10.42505074,10.38534927,10.6962328,3,35.287,45.1684829867511,67.8951219512195,721.77157754436,6.58170871424353
"1086",25.2173913043478,2007,"LAO","Lao PDR",3.90299487,3.19745922,5.70376587,0,28.316,46.8063979033241,61.694,697.323013673925,6.54724873766044
"1087",20,2007,"LVA","Latvia",9.7149601,8.80106544,8.06970215,8,67.9,48.2885643241932,71.019512195122,13370.9789452508,9.50084188695564
"1088",4.6875,2007,"LBN","Lebanon",9.98217583,8.95981979,8.34239483,6,86.901,24.5382120328149,76.732,5125.25809960149,8.54193616363639
"1089",23.5294117647059,2007,"LSO","Lesotho",9.6424675,8.08101749,7.32304907,8,23.304,47.0072780787855,43.66,861.188420899563,6.75831332009044
"1090",12.5,2007,"LBR","Liberia",4.25491762,4.25491762,5.04660225,7,46.742,47.4244624342392,58.147,374.211308104278,5.92482063279621
"1091",7.69230769230769,2007,"LBY","Libya",4.81298208,3.70079064,4.08903933,0,77.437,33.9982364351308,71.788,11144.9448413435,9.31874129662365
"1092",22.6950354609929,2007,"LTU","Lithuania",10.75255203,11.67387962,11.77774429,10,66.777,49.311492882278,70.9,12295.1212779366,9.41695781860625
"1093",23.3333333333333,2007,"LUX","Luxembourg",14.06171227,14.40140057,14.11613178,10,87.409,42.9232273075635,79.3829268292683,107475.320297978,11.5850165215692
"1094",7.8740157480315,2007,"MDG","Madagascar",11.84111977,8.98169422,10.45279503,7,30.043,48.7251956002622,61.533,419.548001431865,6.03917794470532
"1095",12.9533678756477,2007,"MWI","Malawi",3.54459715,6.62496853,5.23243809,6,15.235,50.3338341062352,54.687,475.180261659331,6.16369423027357
"1096",10.0456621004566,2007,"MYS","Malaysia",6.27600908,5.93352127,5.86503458,4,68.36,35.3288107534296,74.961,7168.93031942508,8.87751173409927
"1097",10.2040816326531,2007,"MLI","Mali",4.63811064,3.79411221,2.92606306,7,33.612,42.6898630218944,54.756,711.675463215078,6.5676219974078
"1098",22.1052631578947,2007,"MRT","Mauritania",3.88567042,4.48034525,4.47624159,4,43.89,32.1553859926716,64.885,1405.15016203368,7.24789945294922
"1099",17.1428571428571,2007,"MUS","Mauritius",6.8428731,6.12254477,6.28173685,10,41.889,34.6509823083888,72.5707317073171,6574.6635764099,8.79097868865094
"1100",23.2,2007,"MEX","Mexico",10.71415234,9.43475246,10.29210663,8,76.92,36.4657825260203,73.796,10134.3327129706,9.2236842168538
"1101",21.7821782178218,2007,"MDA","Moldova",13.18110943,12.7215929,12.87592316,9,42.713,54.4638016461836,68.674,1531.21618590748,7.33381759137654
"1102",6.57894736842105,2007,"MNG","Mongolia",8.16387272,8.55250454,8.74871159,10,64.564,46.6043826826692,66.5934146341464,1627.68787743359,7.39491580670343
"1103",10.4615384615385,2007,"MAR","Morocco",5.35828495,5.31417799,6.12304688,0,56.317,25.8411359903411,69.62,2755.5859375,7.92138538046172
"1104",34.8,2007,"MOZ","Mozambique",5.60290384,5.66810656,4.9652133,5,30.364,54.1270647163036,53.255,507.874923914304,6.23023520449602
"1105",26.9230769230769,2007,"NAM","Namibia",17.97894859,14.54984188,10.81812954,6,38.598,47.3247838522257,54.026,4379.04313682732,8.38458551759264
"1106",17.3252279635258,2007,"NPL","Nepal",5.17588425,5.31127596,4.69078159,7,15.781,29.0465042042487,66.169,385.449767660642,5.95441088013078
"1107",39.3333333333333,2007,"NLD","Netherlands",13.96673584,14.42208195,14.19940567,10,84.539,45.5540754617466,80.0975609756098,52100.7996285947,10.8609355755814
"1108",33.0578512396694,2007,"NZL","New Zealand",18.14679909,18.35853958,18.71948814,10,86.34,46.4789105307681,80.1512195121951,32479.9817381467,10.3883792320263
"1109",18.4782608695652,2007,"NIC","Nicaragua",14.67852211,14.58318424,16.76971817,9,56.328,34.5842588435721,71.197,1350.38145753377,7.20814239265572
"1110",12.3893805309735,2007,"NER","Niger",8.63178158,9.1883316,8.69414043,7,16.234,42.8240535530628,55.063,387.168065883301,5.95885887752627
"1111",6.98324022346369,2007,"NGA","Nigeria",4.29357767,4.59404516,3.69395757,4,40.819,47.1730476948068,50.381,1815.52697545827,7.50413104916222
"1112",29.1666666666667,2007,"MKD","North Macedonia",12.84653187,12.53623104,12.19207191,9,57.264,40.6553225260553,73.8,4204.11328760452,8.34381867920858
"1113",36.094674556213,2007,"NOR","Norway",16.14440536,16.50714111,16.47738075,10,78.234,47.8824230142325,80.3951219512195,85502.2677087731,11.3562981774828
"1114",0,2007,"OMN","Oman",5.58193493,5.40967321,6.01545334,0,73.527,17.4667821141861,75.596,18792.653772482,9.84122131566984
"1115",21.0526315789474,2007,"PAK","Pakistan",2.82065868,2.22328711,2.96312976,2,34.387,18.7998559606896,63.807,998.090114197524,6.90584356702223
"1116",16.6666666666667,2007,"PAN","Panama",22.23812294,20.08969498,20.5123024,9,64.268,37.2880421278537,75.675,6317.81730274124,8.75112906399889
"1117",0.917431192660551,2007,"PNG","Papua New Guinea",9.06886101,7.66453409,6.31518459,4,13.073,47.5261100559498,62.211,1370.753415829,7.22311580622269
"1118",10,2007,"PRY","Paraguay",12.69455528,12.99318123,14.07027435,8,58.286,39.1713301576136,71.817,3211.93621659546,8.07462921702249
"1119",29.1666666666667,2007,"PER","Peru",11.58643723,10.98999786,11.67159462,9,75.803,44.8356022403896,72.746,3581.0893081917,8.18342230914338
"1120",20.5020920502092,2007,"PHL","Philippines",6.46384048,6.51014423,6.64473581,8,45.54,39.4438415707207,68.549,1712.65543282793,7.44580032971275
"1121",20.4347826086957,2007,"POL","Poland",9.54057884,10.27786732,10.49985504,10,61.229,44.9439137657685,75.2439024390244,11272.5293683383,9.33012401560019
"1122",28.2608695652174,2007,"PRT","Portugal",13.03408241,13.21014977,12.87034893,10,58.749,47.271907548822,78.3219512195122,22811.0564844365,10.0350006309282
"1123",0,2007,"QAT","Qatar",5.25385904,5.19438267,4.64607239,0,97.917,11.9397482243766,77.741,65954.3419525051,11.096717993014
"1124",9.39393939393939,2007,"ROU","Romania",10.90114307,10.79291916,10.3975172,9,53.436,43.9441276507811,72.5658536585366,8360.33775916596,9.03125410707672
"1125",14,2007,"RUS","Russian Federation",9.22400856,9.59382248,9.07605648,5,73.553,49.4079432550187,67.5868292682927,9101.2392578125,9.11616586541019
"1126",48.75,2007,"RWA","Rwanda",7.79290724,8.0763216,8.43024445,0,16.921,47.0990863984513,59.504,426.234183487629,6.05498892172189
"1127",0,2007,"SAU","Saudi Arabia",8.51324272,7.08181906,7.5224123,0,81.427,13.0322500821969,75.066,18596.1502627898,9.83070986316016
"1128",22,2007,"SEN","Senegal",5.94807863,6.62481499,6.66027403,7,42.535,34.6218164920328,62.653,1188.93877808175,7.08081640510586
"1129",20.4,2007,"SRB","Serbia",13.55892181,12.93137169,13.46972656,9,54.328,44.8446683284472,73.6317073170732,6081.08765700202,8.71293884991541
"1130",13.2231404958678,2007,"SLE","Sierra Leone",5.45097542,4.41303635,5.60554171,8,37.689,50.7474705037986,50.024,631.889926264998,6.44871521167575
"1131",24.468085106383,2007,"SGP","Singapore",10.34652805,8.65292072,7.14675617,2,100,39.7648968118266,80.4414634146342,39432.8860198877,10.5823554176978
"1132",19.3333333333333,2007,"SVK","Slovak Republic",13.55740452,14.05093288,12.82150745,10,55.261,44.4703679200386,74.2073170731707,16110.4817265237,9.68722537805317
"1133",12.2222222222222,2007,"SVN","Slovenia",12.1538229,12.58082104,12.46062183,10,51.983,45.588150588669,78.5609756097561,23725.1596001515,10.074291350543
"1134",0,2007,"SLB","Solomon Islands",13.02618885,9.07382584,7.73368168,9,18.694,48.0885150051673,67.845,1390.1569662696,7.23717194512296
"1135",33,2007,"ZAF","South Africa",13.50931835,13.01471424,13.36997318,9,60.616,46.8464348859633,54.948,6591.85535960564,8.79359012954118
"1136",36.5714285714286,2007,"ESP","Spain",14.585186,14.82255077,14.78956127,10,77.74,42.2913864509154,80.8731707317073,32652.015594702,10.3936618661744
"1137",5.77777777777778,2007,"LKA","Sri Lanka",9.32690334,8.72877598,7.83871508,7,18.272,33.0451095952735,72.983,1578.63451125392,7.36431551897244
"1138",18.058690744921,2007,"SDN","Sudan",10.46531487,8.78631306,14.01954556,0,32.866,27.0032512020402,61.442,1444.37219238281,7.27543003719833
"1139",25.4901960784314,2007,"SUR","Suriname",11.44394779,10.23190498,9.52487564,6,66.547,37.0672498749508,68.307,5530.17615638309,8.61797494868952
"1140",46.9914040114613,2007,"SWE","Sweden",13.37620831,13.53749371,13.81417751,10,84.588,47.4807522908728,80.9,53568.5645523213,10.8887176927781
"1141",28.5,2007,"CHE","Switzerland",9.55602741,9.77972221,9.97373199,10,73.53,45.5610148613116,81.7414634146342,64989.155325603,11.0819756938137
"1142",12,2007,"SYR","Syrian Arab Republic",6.85482645,6.83824778,5.95036459,0,54.511,16.0593739781448,73.256,1937.61138578027,7.56921124901003
"1143",17.4603174603175,2007,"TJK","Tajikistan",5.30023098,6.78862953,4.59137583,1,26.514,36.5244206845103,67.405,516.997210618914,6.24803747917262
"1144",30.4075235109718,2007,"TZA","Tanzania",10.88657188,12.48550034,7.58396149,2,26.121,50.3052706702963,59.26,543.198303222656,6.29747445256998
"1145",11.7400419287212,2007,"THA","Thailand",12.38446522,13.49731636,12.45869255,2,39.95,45.4699750290768,73.779,3918.5281743458,8.27347139655149
"1146",29.2307692307692,2007,"TLS","Timor-Leste",1.27376139,2.77694035,2.66319609,7,26.709,44.9171204951939,62.396,540.154584237662,6.29185536569849
"1147",11.1111111111111,2007,"TGO","Togo",4.34495354,4.84371662,4.77685833,1,36.116,47.9649841053026,56.382,607.58822447181,6.4094973901385
"1148",26.8292682926829,2007,"TTO","Trinidad and Tobago",7.45142078,6.55431318,7.05066872,10,54.59,41.5628024455303,70.797,16606.675360681,9.71756002367348
"1149",22.7513227513228,2007,"TUN","Tunisia",11.84733677,11.84145737,12.0754261,1,65.809,26.5531480663352,74.039,3726.91672935667,8.22333655669053
"1150",9.10746812386157,2007,"TUR","Turkiye",10.77193069,11.09309196,11.6733017,8,69.053,25.519335303614,74.129,9711.22376120832,9.18103758436455
"1151",16,2007,"TKM","Turkmenistan",10.32131672,8.7096386,8.7062273,0,47.581,52.047949311104,67.02,2414.96071986964,7.78943830089006
"1152",30.7228915662651,2007,"UGA","Uganda",7.79203367,7.2500844,7.03202295,1,17.899,49.4362294084106,57.248,401.389130865581,5.99493135793279
"1153",8.22222222222222,2007,"UKR","Ukraine",8.16024208,6.77591944,7.91855955,7,68.147,50.8823979173464,67.715,3160.32763671875,8.05843098371223
"1154",22.5,2007,"ARE","United Arab Emirates",8.52688599,8.52666855,8.52688885,0,83.023,14.2885191170818,81.438,45854.7325158162,10.733233689715
"1155",19.5046439628483,2007,"GBR","United Kingdom",17.15899467,16.57486534,17.23506927,10,80.479,46.1275686754066,79.4487804878049,50397.6854954706,10.8277005302961
"1156",16.7816091954023,2007,"USA","United States",18.49819565,18.201231,18.22518158,10,80.269,45.1632907519167,77.9878048780488,48050.227412195,10.7800021472113
"1157",12.1212121212121,2007,"URY","Uruguay",13.53648949,17.32947922,17.27192497,10,93.779,43.8629139805754,76.15,7222.05403645877,8.88489468401085
"1158",17.5,2007,"UZB","Uzbekistan",7.23850489,7.23448753,7.26864672,0,49.505,37.6463407092434,68.483,824.028192334768,6.71420474332269
"1159",25.7606490872211,2007,"VNM","Viet Nam",7.93691111,8.12048721,6.85301065,0,28.504,49.4993904830692,73.385,925.640338348717,6.8304857556869
"1160",0.332225913621262,2007,"YEM","Yemen, Rep.",3.87601113,3.88588715,3.71630144,1,30.051,15.1686116831808,66.23,890.305768114988,6.79156496340283
"1161",15.1898734177215,2007,"ZMB","Zambia",7.46810293,8.14711761,9.36578655,5,37.881,44.8657003857991,53.73,1118.73162626953,7.01995084600797
"1162",27.6859504132231,2008,"AFG","Afghanistan",3.00392056,2.51478314,2.2567358,-66,23.32,16.1551622947386,59.708,381.73323802844,5.94472203489228
"1163",7.14285714285714,2008,"ALB","Albania",7.25106478,7.21709204,8.09451294,9,49.991,43.8369310544298,78.248,4498.50486763601,8.41150036891417
"1164",7.7120822622108,2008,"DZA","Algeria",7.68720913,8.64468479,9.18787575,3,66.097,15.6546336501925,73.618,5180.91881514686,8.55273769696549
"1165",37.2727272727273,2008,"AGO","Angola",4.0603714,5.77788925,4.24956799,2,58.282,50.345680917421,55.281,4103.0669003635,8.31948999754043
"1166",40,2008,"ARG","Argentina",14.65606022,16.42263222,16.69264221,8,90.53,40.7976360050623,75.428,8944.1102657357,9.09875052377771
"1167",8.3969465648855,2008,"ARM","Armenia",6.69246197,6.34490108,6.43608856,5,63.64,49.7588927250818,73.0731707317073,3777.66859313767,8.23686232402791
"1168",26.6666666666667,2008,"AUS","Australia",15.61295509,15.88237,16.11460304,10,84.943,45.2453607748524,81.3951219512195,49701.2817843335,10.8137860021814
"1169",27.3224043715847,2008,"AUT","Austria",14.38890553,13.75788116,14.00380135,10,57.966,45.9044318307678,80.4317073170732,51581.3982361071,10.8509163871739
"1170",11.3821138211382,2008,"AZE","Azerbaijan",2.75191212,3.28483939,3.17126107,0,52.99,49.518747243268,69.355,5574.46810432575,8.62595218448092
"1171",2.5,2008,"BHR","Bahrain",8.83426571,11.16572762,8.23034191,0,88.53,20.8610857739076,77.457,23299.4992780392,10.05618714911
"1172",6.33333333333333,2008,"BGD","Bangladesh",3.84091425,4.11533833,4.43941641,0,28.968,28.0008077849927,67.047,613.06204104124,6.41846613969135
"1173",31.8181818181818,2008,"BLR","Belarus",5.80340672,6.73101664,8.68532658,0,73.726,49.6489307271271,70.4560975609756,6376.17569162063,8.76032377523794
"1174",35.3333333333333,2008,"BEL","Belgium",14.30642509,14.3937521,14.42987537,8,97.555,44.9631205961632,79.680487804878,48303.397956286,10.785257188228
"1175",10.8433734939759,2008,"BEN","Benin",5.10336447,5.1059413,5.34460402,7,42.069,48.5054500049523,58.099,1060.60254502099,6.96659246430508
"1176",8.51063829787234,2008,"BTN","Bhutan",6.02861881,6.19368172,5.64934969,3,33.236,42.5481219876513,67.733,1919.59774896395,7.55987093732449
"1177",16.9230769230769,2008,"BOL","Bolivia",7.64689112,9.51188183,9.7059021,8,65.535,41.8202918459002,65.299,1692.67248455876,7.43406391070685
"1178",11.9047619047619,2008,"BIH","Bosnia and Herzegovina",10.9186964,12.523983,12.60088634,-66,44.92,41.8682484973309,76.3,4841.69311934649,8.4850197565854
"1179",11.1111111111111,2008,"BWA","Botswana",7.64480686,6.25206232,8.06093502,8,59.444,45.7121535964647,57.661,5503.07395314313,8.61306211566529
"1180",8.96686159844054,2008,"BRA","Brazil",8.40913963,8.88783264,8.48346615,8,83.749,42.5103648708704,73.111,8908.33176538648,9.09474227121612
"1181",21.6666666666667,2008,"BGR","Bulgaria",9.39310265,9.03616238,10.84995937,9,71.622,46.1859745940273,72.9634146341463,7271.30338858025,8.89169083761923
"1182",15.3153153153153,2008,"BFA","Burkina Faso",7.32152605,7.62939405,6.03235245,2,23.534,43.0899620110341,55.199,619.437533256264,6.42881186185477
"1183",30.5084745762712,2008,"BDI","Burundi",3.78774738,5.4775238,4.86066389,7,10.118,51.3510123080469,55.581,189.502074570768,5.24439997206555
"1184",18.0555555555556,2008,"CPV","Cabo Verde",8.10699081,8.30945301,7.22943211,10,60.194,42.8747816334893,71.888,3908.64885822576,8.27094703270353
"1185",16.260162601626,2008,"KHM","Cambodia",6.6590457,5.96768332,6.51964235,3,19.571,48.0253120725535,66.147,866.28399978975,6.76421279913041
"1186",13.8888888888889,2008,"CMR","Cameroon",3.46105146,3.04738736,2.67579794,1,50.35,47.8136982547386,56.116,1492.14269801453,7.30796841829118
"1187",22.0779220779221,2008,"CAN","Canada",17.26784515,17.31643105,17.38419342,10,80.578,46.759511627176,80.7246341463415,46710.2526864484,10.7517189631678
"1188",10.4761904761905,2008,"CAF","Central African Republic",5.28350496,4.57551003,3.3422184,1,38.506,45.322403139834,49.873,437.24827472489,6.08050116815025
"1189",5.16129032258065,2008,"TCD","Chad",4.2314992,3.54986572,3.49792719,1,21.901,42.9041385965086,49.503,1166.36883453841,7.06165064153735
"1190",15,2008,"CHL","Chile",13.46145725,13.60349178,13.68902302,10,86.959,38.238342104403,78.752,10683.2188772511,9.27642946010548
"1191",21.325744894543,2008,"CHN","China",7.7085824,8.37523174,8.7509222,0,46.539,44.5639231670214,74.833,3523.44302065213,8.16719392140094
"1192",8.43373493975904,2008,"COL","Colombia",16.6930294,17.0406208,16.82773972,7,77.204,40.0935463674419,74.206,5541.83629665898,8.6200811863109
"1193",3.03030303030303,2008,"COM","Comoros",2.86453962,2.77465606,2.83923602,9,27.886,39.3255269932958,61.955,1455.02768595586,7.28278020757292
"1194",7.2992700729927,2008,"COG","Congo, Rep.",4.54892206,2.52816463,3.60210204,0,62.346,49.6790311863058,60.79,2832.09177777643,7.94877086169543
"1195",36.8421052631579,2008,"CRI","Costa Rica",33.36737442,33.47280121,32.18240356,10,69.39,37.2115478659383,79.18,6937.24261596055,8.84465965696437
"1196",8.86699507389163,2008,"CIV","Cote d'Ivoire",4.65788126,5.82132435,5.80678844,-88,46.491,43.5356388285414,54.179,1583.97066701372,7.36769005390348
"1197",20.9150326797386,2008,"HRV","Croatia",13.94763851,13.62657642,13.87585354,9,54.819,45.1148998952142,75.9121951219512,15889.4347074759,9.67340968353457
"1198",43.1596091205212,2008,"CUB","Cuba",13.17769623,14.93230438,13.86582184,0,76.413,38.4403338495139,77.589,4986.12436479175,8.51441420657062
"1199",14.2857142857143,2008,"CYP","Cyprus",6.51698303,6.53122473,7.13188076,10,67.839,43.699909897093,79.906,35397.296875,10.4743907367431
"1200",15.5,2008,"CZE","Czechia",12.54553795,13.54464912,14.69500732,9,73.394,43.3240213855156,76.9756097560976,22774.7045076205,10.0334057476256
"1201",37.9888268156425,2008,"DNK","Denmark",15.85259914,15.94620609,15.7724762,10,86.487,46.8035057243294,78.4463414634146,64616.6657583663,11.0762276403742
"1202",13.8461538461538,2008,"DJI","Djibouti",6.34888077,6.1399169,6.97048712,3,76.899,25.8461945731304,59.815,1119.15233346969,7.02032683262093
"1203",19.6629213483146,2008,"DOM","Dominican Republic",11.47650242,14.43360138,15.67889881,8,71.3,36.6904875480871,71.331,5023.58513403515,8.52189912791417
"1204",25,2008,"ECU","Ecuador",6.15163374,7.4589715,8.4362812,5,62.3,39.5012851798811,74.709,4194.7575066198,8.34159081189554
"1205",1.80995475113122,2008,"EGY","Egypt, Arab Rep.",4.69924688,4.71808481,4.36156321,1,43.058,22.8875465951425,68.761,1896.21594269779,7.5476155701575
"1206",16.6666666666667,2008,"SLV","El Salvador",16.65882492,15.81473637,17.08551788,7,63.678,40.9498792391392,70.138,2983.24829577976,8.00076801798664
"1207",6,2008,"GNQ","Equatorial Guinea",1.49703324,1.4756577,1.45523047,0,62.745,42.1712411689884,57.384,18210.5552970599,9.8097566663292
"1208",22,2008,"ERI","Eritrea",2.37287188,2.37287188,2.37287188,0,34,47.7231580189361,62.422,490.066956003333,6.19454202667437
"1209",20.7920792079208,2008,"EST","Estonia",11.4233017,11.39671612,12.01817799,9,68.351,48.701130763373,73.7707317073171,18205.9064113446,9.80950134851289
"1210",13.8461538461538,2008,"SWZ","Eswatini",13.34263515,13.33174038,13.75653362,0,22.045,47.1170429431902,45.853,2999.82816920508,8.00631028907822
"1211",21.9281663516068,2008,"ETH","Ethiopia",2.74178195,5.30019999,5.10711384,1,16.51,45.972061919705,57.733,316.410475118075,5.75704034254545
"1212",41.5,2008,"FIN","Finland",13.73692036,13.38422298,13.32010746,10,83.299,48.0093483620111,79.5682926829268,53769.4726240385,10.8924611617593
"1213",18.1975736568458,2008,"FRA","France",13.91539669,13.95940399,13.90193653,10,77.868,47.1988703874465,81.2146341463415,45464.8181385158,10.7246940781194
"1214",16.6666666666667,2008,"GAB","Gabon",5.61290503,6.81763697,6.81337643,0,84.359,40.3479002221998,64.011,9688.64519690633,9.1787098805491
"1215",9.43396226415094,2008,"GMB","Gambia, The",6.30897522,6.30897522,6.30897522,0,54.211,48.1035922791432,60.473,859.127671411226,6.75591753889275
"1216",6,2008,"GEO","Georgia",4.83068514,5.88417959,6.15339756,7,54.765,47.1815695881766,70.949,3324.7537205015,8.1091508813246
"1217",32.1895424836601,2008,"DEU","Germany",17.45852661,17.63837624,17.44530869,10,76.575,45.4223035848423,79.7365853658537,46386.3295924799,10.7447600739534
"1218",7.89473684210526,2008,"GHA","Ghana",9.89629364,12.35655785,11.91557407,8,49.351,48.314455957551,60.578,1182.65761256016,7.0755193990614
"1219",14.6666666666667,2008,"GRC","Greece",11.3433733,11.88302231,12.48647785,10,75.568,40.65960292309,79.9390243902439,31695.8331092209,10.3639405035667
"1220",12.0253164556962,2008,"GTM","Guatemala",15.49126434,16.02617264,14.24816608,8,47.807,34.6461768664767,69.493,2763.05988172926,7.92409399740998
"1221",10,2008,"GNB","Guinea-Bissau",2.52350521,2.52350521,2.52350521,6,39.325,45.9638494555742,55.3,640.210331101753,6.46179676470914
"1222",30,2008,"GUY","Guyana",7.0215044,7.41419315,7.60515261,6,27.105,33.9809645344818,65.721,4008.9628671603,8.29628785023002
"1223",4.08163265306122,2008,"HTI","Haiti",7.42596531,6.77164745,6.43094063,6,45.551,46.6277207387451,61.28,1094.66058421644,6.99819962544825
"1224",23.4375,2008,"HND","Honduras",12.56671429,13.9932375,13.96672344,7,50.566,33.1127978230098,69.657,1732.49062702803,7.45731532096459
"1225",11.139896373057,2008,"HUN","Hungary",9.85157299,9.71099281,10.1666851,10,67.943,47.5158913657474,73.7024390243903,15762.6322515113,9.66539737050039
"1226",9.05730129390018,2008,"IND","India",2.79898262,3.1219337,3.11162996,9,30.246,26.5613848236897,66.247,992.519584923828,6.90024674528739
"1227",11.6363636363636,2008,"IDN","Indonesia",4.6298461,5.41294384,3.91489601,8,48.335,38.1600007418539,68.085,2124.55483920618,7.66131757198057
"1228",2.7972027972028,2008,"IRN","Iran, Islamic Rep.",9.47516823,12.3770647,12.52360535,0,69.458,17.089744951495,73.683,5377.41150725587,8.58996240489414
"1229",25.4545454545455,2008,"IRQ","Iraq",4.14425755,4.73372602,4.80274534,-66,68.927,15.0761468952271,66.465,4542.96609046032,8.42133540160219
"1230",13.2530120481928,2008,"IRL","Ireland",17.41835403,17.30187988,12.35386944,10,61.141,43.46691589547,80.0951219512195,61353.1065629523,11.02440108558
"1231",14.1666666666667,2008,"ISR","Israel",9.93289471,9.99487972,10.6493597,7,91.702,45.8679534088124,80.9512195121951,30269.217773489,10.3178865600396
"1232",21.2698412698413,2008,"ITA","Italy",13.85614204,13.71444511,14.01011372,10,68.092,40.8198999729839,81.4853658536585,40828.5795580937,10.6171375945361
"1233",13.3333333333333,2008,"JAM","Jamaica",8.35763645,7.45104456,9.03293228,9,53.371,44.023904699972,71.502,5029.80095281745,8.52313569030631
"1234",9.375,2008,"JPN","Japan",18.09814644,18.05703545,18.93296623,10,89.103,41.319241161199,82.5875609756098,39876.3039685725,10.5935375409587
"1235",6.36363636363636,2008,"JOR","Jordan",15.12543488,17.915905,17.02058601,2,83.692,16.8371771215062,73.563,3241.6524135556,8.08383848296227
"1236",15.8878504672897,2008,"KAZ","Kazakhstan",8.41329765,11.36352253,8.20522785,0,56.682,49.7894101937096,66.759,8123.54705891736,9.00252216768924
"1237",9.82142857142857,2008,"KEN","Kenya",7.17080498,7.2007761,7.24412632,7,22.8,48.6778609928302,59.955,915.54435473604,6.81951881158765
"1238",13.7123745819398,2008,"KOR","Korea, Rep.",9.79573822,10.08799362,11.28866768,8,81.733,41.0947362363561,79.5170731707317,21350.427979823,9.9688270643492
"1239",3.07692307692308,2008,"KWT","Kuwait",3.69263697,5.17794514,4.98143959,0,100,27.5521343535806,77.1890487804878,55585.1889344442,10.9256720586805
"1240",25.5555555555556,2008,"KGZ","Kyrgyz Republic",10.38534927,10.6962328,9.20363903,3,35.285,44.6791085435898,68.4512195121951,966.388569370494,6.87356599905854
"1241",25.2173913043478,2008,"LAO","Lao PDR",3.19745922,5.70376587,2.69455552,0,28.893,46.7750165578701,62.248,885.747376088762,6.78643178138021
"1242",20,2008,"LVA","Latvia",8.80106544,8.06970215,8.00768471,8,67.834,48.9812333604055,72.419512195122,15677.6080864506,9.65998873676117
"1243",4.6875,2008,"LBN","Lebanon",8.95981979,8.34239483,10.28593254,6,87.042,24.9637139604256,76.956,5912.04532820842,8.68474712975162
"1244",25,2008,"LSO","Lesotho",8.08101749,7.32304907,7.1979928,8,23.796,46.8533785472742,44.304,898.482517882593,6.80070724903109
"1245",12.5,2008,"LBR","Liberia",4.25491762,5.04660225,5.04660225,7,47.088,47.413876423063,58.675,451.713856283285,6.11304891804414
"1246",7.69230769230769,2008,"LBY","Libya",3.70079064,4.08903933,4.33412743,0,77.632,34.0634327175336,71.936,13906.1407818125,9.54008580442567
"1247",17.7304964539007,2008,"LTU","Lithuania",11.67387962,11.77774429,11.43047142,10,66.848,49.4080003176568,71.8121951219512,14955.5345462921,9.61283671407568
"1248",23.3333333333333,2008,"LUX","Luxembourg",14.40140057,14.11613178,13.62410641,10,87.8,43.2430004357181,80.5390243902439,120422.137934157,11.6987586648399
"1249",7.8740157480315,2008,"MDG","Madagascar",8.98169422,10.45279503,15.20980263,7,30.67,48.6992645544237,61.992,512.579800058444,6.23945640632253
"1250",12.9533678756477,2008,"MWI","Malawi",6.62496853,5.23243809,5.77464294,6,15.326,50.0766954698474,55.715,554.048820396119,6.31725280632334
"1251",10.8108108108108,2008,"MYS","Malaysia",5.93352127,5.86503458,6.31136417,6,69.225,35.2651332522503,75.151,8371.82156086005,9.03262676953799
"1252",10.2040816326531,2008,"MLI","Mali",3.79411221,2.92606306,3.30154061,7,34.403,42.6437909713678,55.187,820.715705601841,6.71017677128921
"1253",22.1052631578947,2008,"MRT","Mauritania",4.48034525,4.47624159,4.22304821,0,44.788,32.25875550249,65.233,1635.5630623124,7.39974240466516
"1254",17.1428571428571,2008,"MUS","Mauritius",6.12254477,6.28173685,8.29588032,10,41.777,35.432551475647,72.5707317073171,8030.05228087539,8.99094631761393
"1255",23.2,2008,"MEX","Mexico",9.43475246,10.29210663,10.41032505,8,77.222,36.4944396739475,73.695,10523.7685427665,9.26139164864263
"1256",21.7821782178218,2008,"MDA","Moldova",12.7215929,12.87592316,13.62691975,9,42.682,54.0726078167116,69,2110.55305353857,7.6547053028069
"1257",4.16666666666667,2008,"MNG","Mongolia",8.55250454,8.74871159,7.74286652,10,65.581,46.5023906046358,67.2460975609756,2127.42678594737,7.66266844666966
"1258",10.4615384615385,2008,"MAR","Morocco",5.31417799,6.12304688,6.06429052,0,56.886,26.0685109070932,70.051,3183.20043945313,8.0656423971666
"1259",34.8,2008,"MOZ","Mozambique",5.66810656,4.9652133,4.67241478,5,30.832,54.0310900285075,53.799,592.159111184122,6.38377536766421
"1260",26.9230769230769,2008,"NAM","Namibia",14.54984188,10.81812954,11.91450977,6,39.597,47.5465676624392,54.74,4204.78555422749,8.34397857330103
"1261",33.1649831649832,2008,"NPL","Nepal",5.31127596,4.69078159,4.80506372,7,16.105,29.7654037169284,66.442,464.817391891529,6.1416446228487
"1262",41.3333333333333,2008,"NLD","Netherlands",14.42208195,14.19940567,14.42486954,10,85.402,45.7530933693991,80.2512195121951,58246.7026905874,10.9724427636556
"1263",33.6065573770492,2008,"NZL","New Zealand",18.35853958,18.71948814,17.60284233,10,86.28,46.7534336075905,80.3512195121951,31324.7397977102,10.3521634731922
"1264",18.4782608695652,2008,"NIC","Nicaragua",14.58318424,16.76971817,15.73639107,9,56.525,35.1012667069967,71.404,1523.68437086409,7.32888660906501
"1265",12.3893805309735,2008,"NER","Niger",9.1883316,8.69414043,9.17788696,7,16.229,42.7504554731509,55.852,475.044955398162,6.16340944249978
"1266",6.98324022346369,2008,"NGA","Nigeria",4.59404516,3.69395757,2.70293093,4,41.702,47.18987846375,50.748,2154.10543545364,7.67513080519696
"1267",31.6666666666667,2008,"MKD","North Macedonia",12.53623104,12.19207191,12.50852871,9,57.175,39.9422098695432,74.4,5026.4202989873,8.5224633395549
"1268",36.094674556213,2008,"NOR","Norway",16.50714111,16.47738075,16.61421394,10,78.526,47.7917475078354,80.5926829268293,97503.5407803784,11.4876439720227
"1269",0,2008,"OMN","Oman",5.40967321,6.01545334,6.69591188,0,74.08,17.4631403767501,76.124,26576.779241509,10.187793152672
"1270",22.4852071005917,2008,"PAK","Pakistan",2.22328711,2.96312976,2.88965487,5,34.59,19.3345417854498,64.002,1067.04324565284,6.9726467806143
"1271",16.6666666666667,2008,"PAN","Panama",20.08969498,20.5123024,19.39173889,9,64.56,37.1797706120624,75.937,7347.59050324397,8.90212771577338
"1272",0.917431192660551,2008,"PNG","Papua New Guinea",7.66453409,6.31518459,7.0693121,4,13.055,47.5444733810262,62.511,1624.79319935188,7.39313582472804
"1273",12.5,2008,"PRY","Paraguay",12.99318123,14.07027435,14.55998135,9,58.612,38.7151584885533,72.047,4384.9546943793,8.38593457279836
"1274",29.1666666666667,2008,"PER","Peru",10.98999786,11.67159462,11.6243124,9,76.052,44.9662936130282,72.743,4197.58444634142,8.34226450699624
"1275",20.5020920502092,2008,"PHL","Philippines",6.51014423,6.64473581,7.18279028,8,45.455,39.140098612018,68.643,1959.29233534978,7.58033863363612
"1276",20.2173913043478,2008,"POL","Poland",10.27786732,10.49985504,9.97937679,10,61.116,44.8578934915543,75.5439024390244,14048.5604672654,9.55027521166685
"1277",28.2608695652174,2008,"PRT","Portugal",13.21014977,12.87034893,12.85804081,10,59.359,47.3492632257535,78.5243902439025,24949.0413566739,10.1245906778633
"1278",0,2008,"QAT","Qatar",5.19438267,4.64607239,4.149333,0,98.139,11.217883972573,78.262,80781.4039187792,11.2995020685007
"1279",11.377245508982,2008,"ROU","Romania",10.79291916,10.3975172,11.41027546,9,53.567,44.1194030391623,72.5658536585366,10435.1561230787,9.25293578088273
"1280",14,2008,"RUS","Russian Federation",9.59382248,9.07605648,8.59383297,5,73.598,49.0272997970274,67.9492682926829,11635.2841796875,9.36179749999226
"1281",56.25,2008,"RWA","Rwanda",8.0763216,8.43024445,8.55642414,0,16.925,47.0461063454658,60.641,528.326391755502,6.26971425892384
"1282",0,2008,"SAU","Saudi Arabia",7.08181906,7.5224123,6.84370041,0,81.649,12.4614622353769,75.301,22320.4888964331,10.0132603202174
"1283",22,2008,"SEN","Senegal",6.62481499,6.66027403,5.35332537,7,42.947,35.0163269396129,63.201,1398.79218010021,7.24336441473909
"1284",21.6,2008,"SRB","Serbia",12.93137169,13.46972656,13.56146622,9,54.55,44.8949872749393,73.8853658536585,7376.73517910716,8.90608643205737
"1285",13.2231404958678,2008,"SLE","Sierra Leone",4.41303635,5.60554171,6.5142417,8,38.077,50.6651042194237,50.693,705.359014080005,6.55870691302346
"1286",24.468085106383,2008,"SGP","Singapore",8.65292072,7.14675617,10.94287872,2,100,40.3661533549384,80.790243902439,40008.5720489092,10.5968490113596
"1287",19.3333333333333,2008,"SVK","Slovak Republic",14.05093288,12.82150745,12.91620064,10,55.111,44.4871573590247,74.7048780487805,18744.3192278346,9.83864601097702
"1288",13.3333333333333,2008,"SVN","Slovenia",12.58082104,12.46062183,12.35271358,10,52.209,45.6811637689773,78.7658536585366,27461.9764165315,10.220557651114
"1289",0,2008,"SLB","Solomon Islands",9.07382584,7.73368168,7.0789175,9,19.138,48.1933231163004,68.336,1525.85092434029,7.33030751660075
"1290",33,2008,"ZAF","South Africa",13.01471424,13.36997318,14.11525917,9,61.154,46.9018893111136,55.982,6184.75474328399,8.72984263056971
"1291",36.2857142857143,2008,"ESP","Spain",14.82255077,14.78956127,14.74672127,10,77.976,42.907063856931,81.1756097560976,35603.248328071,10.4801921578481
"1292",5.77777777777778,2008,"LKA","Sri Lanka",8.72877598,7.83871508,7.83482218,7,18.257,33.0632654891495,72.556,1973.58476901287,7.58760684782262
"1293",18.058690744921,2008,"SDN","Sudan",8.78631306,14.01954556,9.48801804,0,32.919,26.934149295169,61.261,1527.58239746094,7.33144163228218
"1294",25.4901960784314,2008,"SUR","Suriname",10.23190498,9.52487564,9.46824646,6,66.479,37.4112379161494,68.873,6576.08546307249,8.79119493286089
"1295",46.9914040114613,2008,"SWE","Sweden",13.53749371,13.81417751,13.60485172,10,84.746,47.408236327275,81.1,55817.4392710726,10.9298416312812
"1296",28.5,2008,"CHE","Switzerland",9.77972221,9.97373199,10.32833004,10,73.556,46.1185777776166,81.9926829268293,74175.1927898555,11.2141850442774
"1297",12.4,2008,"SYR","Syrian Arab Republic",6.83824778,5.95036459,5.12483168,0,54.875,15.713396587874,73.368,2429.12477087189,7.79528629485949
"1298",17.4603174603175,2008,"TJK","Tajikistan",6.78862953,4.59137583,4.56338024,1,26.516,36.4077479785991,67.924,703.327375898643,6.55582246747984
"1299",30.4075235109718,2008,"TZA","Tanzania",12.48550034,7.58396149,7.32137966,2,26.776,50.2038824662157,59.896,675.977233886719,6.51615939779349
"1300",11.6666666666667,2008,"THA","Thailand",13.49731636,12.45869255,11.56414127,5,41.242,45.5107842159031,74.221,4309.13509292986,8.36849248846574
"1301",29.2307692307692,2008,"TLS","Timor-Leste",2.77694035,2.66319609,2.71049976,7,27.048,44.938654406458,62.858,628.153219252849,6.44278411641198
"1302",11.1111111111111,2008,"TGO","Togo",4.84371662,4.77685833,7.44585991,1,36.587,47.9728350663516,56.651,718.948786366771,6.57779012620886
"1303",26.8292682926829,2008,"TTO","Trinidad and Tobago",6.55431318,7.05066872,8.04406071,10,54.402,42.1943805346718,71.117,21298.9945258063,9.9664151452221
"1304",22.7513227513228,2008,"TUN","Tunisia",11.84145737,12.0754261,13.03182125,1,66.093,26.721743103961,74.192,4255.05008019523,8.35586181066682
"1305",9.10746812386157,2008,"TUR","Turkiye",11.09309196,11.6733017,10.90076447,8,69.651,26.1008288550347,74.38,10843.5036940489,9.29132144177783
"1306",30.7228915662651,2008,"UGA","Uganda",7.2500844,7.03202295,7.11343718,1,18.384,49.4431112710998,58.253,472.842681495852,6.15876273590884
"1307",8.22222222222222,2008,"UKR","Ukraine",6.77591944,7.91855955,7.50049877,7,68.325,50.6088968133083,68.262,4017.806640625,8.29849142092797
"1308",22.5,2008,"ARE","United Arab Emirates",8.52666855,8.52688885,8.52679062,0,83.387,15.097318451519,81.591,50054.1700681803,10.8208610993182
"1309",19.5046439628483,2008,"GBR","United Kingdom",16.57486534,17.23506927,17.01038551,10,80.757,46.1544384867649,79.6,47396.1202078484,10.766295652178
"1310",17.0114942528736,2008,"USA","United States",18.201231,18.22518158,18.43406677,10,80.438,45.3082478404308,78.0390243902439,48570.0594269601,10.7907625588713
"1311",12.1212121212121,2008,"URY","Uruguay",17.32947922,17.27192497,17.25056648,10,93.998,44.530881139223,76.275,9423.96562595893,9.1510112583846
"1312",17.5,2008,"UZB","Uzbekistan",7.23448753,7.26864672,8.03938007,0,49.989,37.3157806518786,69.035,1074.72928796701,6.97982408370152
"1313",25.7606490872211,2008,"VNM","Viet Nam",8.12048721,6.85301065,8.6057291,0,29.128,49.4748673741064,73.455,1163.83195772873,7.05947325165715
"1314",0.332225913621262,2008,"YEM","Yemen, Rep.",3.88588715,3.71630144,3.84780169,1,30.619,14.2440521763436,66.609,1071.63583282105,6.97694157572753
"1315",15.1898734177215,2008,"ZMB","Zambia",8.14711761,9.36578655,8.63391781,7,38.371,44.7743258375224,54.835,1375.50211006997,7.22657411440197
"1316",27.3092369477912,2009,"AFG","Afghanistan",2.51478314,2.2567358,2.18811917,-66,23.528,16.4397545671275,60.248,452.053705477043,6.11380099020109
"1317",16.4285714285714,2009,"ALB","Albania",7.21709204,8.09451294,8.29091167,9,51.076,42.7477213103187,78.509,4213.65007574693,8.34608455241291
"1318",7.7120822622108,2009,"DZA","Algeria",8.64468479,9.18787575,9.03425121,3,66.826,16.0667771075902,73.871,4235.42990456612,8.35124011422837
"1319",38.6363636363636,2009,"AGO","Angola",5.77788925,4.24956799,4.58056879,2,59.034,50.3025153593868,56.225,3136.64546955947,8.05090918604347
"1320",38.5214007782101,2009,"ARG","Argentina",16.42263222,16.69264221,16.27754211,8,90.691,41.1465624561473,75.577,8150.23527028221,9.00580207333754
"1321",9.16030534351145,2009,"ARM","Armenia",6.34490108,6.43608856,6.70101976,5,63.54,49.8995977312518,73.0731707317073,2820.5926553347,7.94470230331754
"1322",27.3333333333333,2009,"AUS","Australia",15.88237,16.11460304,16.32673645,10,85.063,45.3993241223728,81.5439024390244,42816.5674002829,10.664680395462
"1323",27.8688524590164,2009,"AUT","Austria",13.75788116,14.00380135,14.31893921,10,57.683,46.2573649847916,80.3317073170732,47857.4446635266,10.7759819681341
"1324",11.3821138211382,2009,"AZE","Azerbaijan",3.28483939,3.17126107,2.81601381,0,53.19,50.8007389029462,69.874,4950.39949009423,8.5072235573758
"1325",2.5,2009,"BHR","Bahrain",11.16572762,8.23034191,8.0526104,0,88.579,21.0137535773573,78.016,19465.3140745038,9.87638939526007
"1326",18.5507246376812,2009,"BGD","Bangladesh",4.11533833,4.43941641,4.18159103,6,29.709,29.4660663191172,67.527,679.211477428056,6.52093253330556
"1327",31.8181818181818,2009,"BLR","Belarus",6.73101664,8.68532658,7.66490793,0,74.172,49.6609459676838,70.4073170731707,5352.48809190697,8.5853167956892
"1328",38,2009,"BEL","Belgium",14.3937521,14.42987537,14.26799011,8,97.603,45.121880868368,80.0341463414634,44923.3400135081,10.7127127607968
"1329",10.8433734939759,2009,"BEN","Benin",5.1059413,5.34460402,4.4236145,7,42.58,48.7616862854829,58.258,1024.10277858112,6.93157217027087
"1330",8.51063829787234,2009,"BTN","Bhutan",6.19368172,5.64934969,6.14636755,3,34.01,42.8016760850344,68.156,1918.39599211093,7.55924469508786
"1331",22.3076923076923,2009,"BOL","Bolivia",9.51188183,9.7059021,8.54341412,7,65.984,41.8555069722045,65.656,1731.18172112209,7.45655953009486
"1332",19.047619047619,2009,"BIH","Bosnia and Herzegovina",12.523983,12.60088634,13.38013935,-66,45.239,41.7631466916548,76.701,4539.91863774968,8.4206643696743
"1333",7.93650793650794,2009,"BWA","Botswana",6.25206232,8.06093502,9.63225174,8,60.937,45.7500886629625,58.297,5082.93388332404,8.53364390995016
"1334",8.7719298245614,2009,"BRA","Brazil",8.88783264,8.48346615,8.23860741,8,84.044,42.7810837174239,73.457,8678.6592244676,9.06862232849587
"1335",20.8333333333333,2009,"BGR","Bulgaria",9.03616238,10.84995937,11.41062927,9,71.963,46.0119304032107,73.4121951219512,6988.27316296465,8.85198876078254
"1336",15.3153153153153,2009,"BFA","Burkina Faso",7.62939405,6.03235245,6.58739376,2,24.079,43.3455167923589,55.791,601.569520671859,6.39954210757535
"1337",31.3559322033898,2009,"BDI","Burundi",5.4775238,4.86066389,8.22791386,7,10.376,51.4671589761095,56.422,199.097633037708,5.29379532269063
"1338",18.0555555555556,2009,"CPV","Cabo Verde",8.30945301,7.22943211,8.60780239,10,61.016,43.4161931066595,72.142,3659.72046361628,8.20514204741749
"1339",21.1382113821138,2009,"KHM","Cambodia",5.96768332,6.51964235,6.21460676,3,19.93,49.5831710419141,66.747,875.748936193569,6.77507944733928
"1340",13.8888888888889,2009,"CMR","Cameroon",3.04738736,2.67579794,3.21048117,1,50.954,47.2747899419619,56.486,1461.38999232337,7.28714331132721
"1341",22.0779220779221,2009,"CAN","Canada",17.31643105,17.38419342,17.59642792,10,80.758,46.9695903700856,81.0660975609756,40874.8831932903,10.618271050539
"1342",9.61538461538462,2009,"CAF","Central African Republic",4.57551003,3.3422184,2.93374562,1,38.694,46.1619016412111,14.665,456.471673898404,6.1235266475039
"1343",5.16129032258065,2009,"TCD","Chad",3.54986572,3.49792719,3.68802667,1,21.934,42.6809251165291,49.828,1035.63719694254,6.94277216548508
"1344",14.1666666666667,2009,"CHL","Chile",13.60349178,13.68902302,14.01050568,10,87.017,38.736571018166,78.89,10098.8017167286,9.22017205388279
"1345",21.325744894543,2009,"CHN","China",8.37523174,8.7509222,8.60284996,0,47.88,44.4664928917656,75.317,3898.24459158811,8.2682816260692
"1346",8.43373493975904,2009,"COL","Colombia",17.0406208,16.82773972,16.48455429,7,77.587,41.1336346072086,74.531,5250.97292433518,8.56616865733723
"1347",0,2009,"COM","Comoros",2.77465606,2.83923602,7.23844337,9,27.921,38.9367960579244,62.302,1410.30516959473,7.2515613922908
"1348",7.2992700729927,2009,"COG","Congo, Rep.",2.52816463,3.60210204,2.33683133,0,62.8,49.7224832097992,61.215,2271.15219175966,7.72804255516602
"1349",36.8421052631579,2009,"CRI","Costa Rica",33.47280121,32.18240356,33.18463135,10,70.575,37.7945211145272,79.372,6832.69829924138,8.82947494032163
"1350",8.86699507389163,2009,"CIV","Cote d'Ivoire",5.82132435,5.80678844,4.39369249,-88,46.91,44.0102092461251,54.744,1540.45393569596,7.3398324154124
"1351",23.5294117647059,2009,"HRV","Croatia",13.62657642,13.87585354,12.95500469,9,54.987,46.044685084382,76.1682926829268,14475.9632928725,9.58024484895732
"1352",43.1596091205212,2009,"CUB","Cuba",14.93230438,13.86582184,15.09354115,0,76.505,38.7003941205138,77.584,5089.23519757167,8.53488284237519
"1353",12.5,2009,"CYP","Cyprus",6.53122473,7.13188076,7.24581718,10,67.695,44.1292429161115,80.375,32236.44921875,10.3808530546603
"1354",15.5,2009,"CZE","Czechia",13.54464912,14.69500732,14.7419138,9,73.324,43.3647700404241,77.0780487804878,19817.4215836554,9.89431670777932
"1355",37.9888268156425,2009,"DNK","Denmark",15.94620609,15.7724762,15.4799757,10,86.654,47.0717418109982,78.5975609756098,58412.7472358513,10.9752894195844
"1356",13.8461538461538,2009,"DJI","Djibouti",6.1399169,6.97048712,8.47449207,3,76.944,26.1023347208936,60.351,1150.9375857489,7.0483321811429
"1357",19.6629213483146,2009,"DOM","Dominican Republic",14.43360138,15.67889881,17.06970024,8,72.542,35.453677276232,71.587,4973.95186999952,8.51196994799959
"1358",32.258064516129,2009,"ECU","Ecuador",7.4589715,8.4362812,7.96525431,5,62.495,39.2069385774385,74.901,4053.36331139298,8.30730226272757
"1359",1.76211453744493,2009,"EGY","Egypt, Arab Rep.",4.71808481,4.36156321,4.82708216,1,43.039,23.7963960010739,68.915,2161.63964573926,7.67862230796079
"1360",19.047619047619,2009,"SLV","El Salvador",15.81473637,17.08551788,18.98602867,8,64.57,41.2342083126491,70.359,2910.18651752011,7.97597245347925
"1361",10,2009,"GNQ","Equatorial Guinea",1.4756577,1.45523047,1.47296762,0,64.358,41.8292819046972,57.881,13232.5019378102,9.49043135017537
"1362",22,2009,"ERI","Eritrea",2.37287188,2.37287188,2.37287188,0,34.585,47.7303275169723,63.203,642.92572288007,6.46602920104885
"1363",22.7722772277228,2009,"EST","Estonia",11.39671612,12.01817799,12.03691864,9,68.223,48.9201260518229,74.8243902439024,14712.4494217916,9.59644931379145
"1364",13.6363636363636,2009,"SWZ","Eswatini",13.33174038,13.75653362,14.27736378,0,22.262,47.2688751706061,46.913,3239.7578007877,8.08325385314894
"1365",21.9281663516068,2009,"ETH","Ethiopia",5.30019999,5.10711384,2.09114432,1,16.91,45.9803303314217,58.715,368.574712267445,5.90964343807342
"1366",40,2009,"FIN","Finland",13.38422298,13.32010746,13.60760593,10,83.429,48.3657758740056,79.719512195122,47478.3495310999,10.7680290867694
"1367",18.8908145580589,2009,"FRA","France",13.95940399,13.90193653,13.94986153,10,78.117,47.3491466140809,81.4146341463415,41728.0884164132,10.638929764159
"1368",14.6551724137931,2009,"GAB","Gabon",6.81763697,6.81337643,7.18316364,4,84.955,40.2930583455392,64.361,7290.57526093114,8.89433773285389
"1369",7.54716981132075,2009,"GMB","Gambia, The",6.30897522,6.30897522,6.30897522,0,54.937,48.3404572998172,60.735,774.888030908091,6.65271854266802
"1370",5.10948905109489,2009,"GEO","Georgia",5.88417959,6.15339756,5.04166079,7,55.15,46.691662474993,71.058,2822.68939668797,7.94544539623064
"1371",32.7974276527331,2009,"DEU","Germany",17.63837624,17.44530869,17.96772194,10,76.771,45.9094330060468,79.8365853658537,42487.2137101496,10.6569584557681
"1372",8.26086956521739,2009,"GHA","Ghana",12.35655785,11.91557407,12.07416821,8,50.031,48.173121439885,60.928,1047.70430093586,6.95435666947206
"1373",17.3333333333333,2009,"GRC","Greece",11.88302231,12.48647785,10.95836353,10,75.932,41.4321451156971,80.1878048780488,29425.4573200263,10.2896154738947
"1374",12.0253164556962,2009,"GTM","Guatemala",16.02617264,14.24816608,13.75957489,8,48.104,34.8495656248361,69.676,2611.64632773352,7.86773607837
"1375",10,2009,"GNB","Guinea-Bissau",2.52350521,2.52350521,2.52350521,7,39.716,45.9594499506352,56.297,583.190020139094,6.36851306830368
"1376",30,2009,"GUY","Guyana",7.41419315,7.60515261,8.62060642,6,26.869,34.5547188719592,66.03,4209.13230624565,8.34501180240474
"1377",4.08163265306122,2009,"HTI","Haiti",6.77164745,6.43094063,2.98430157,6,46.528,46.7201041926926,61.694,1196.8528706018,7.08745078288365
"1378",17.96875,2009,"HND","Honduras",13.9932375,13.96672344,15.02672482,7,51.225,33.6550377949249,69.823,1781.15703614674,7.48501845242159
"1379",11.139896373057,2009,"HUN","Hungary",9.71099281,10.1666851,10.09751129,10,68.46,47.2609255853511,73.9048780487805,13051.1831777184,9.47663407360029
"1380",10.8256880733945,2009,"IND","India",3.1219337,3.11162996,3.38130069,9,30.587,25.8930223311966,66.7,1094.94974598436,6.99846374711923
"1381",17.8571428571429,2009,"IDN","Indonesia",5.41294384,3.91489601,3.96251845,8,49.134,38.2686410284796,68.267,2218.48541852977,7.70457999812654
"1382",2.75862068965517,2009,"IRN","Iran, Islamic Rep.",12.3770647,12.52360535,12.03891277,0,70.045,17.8676748702652,74.041,5415.52280554144,8.59702470242775
"1383",25.4545454545455,2009,"IRQ","Iraq",4.73372602,4.80274534,4.79862404,-66,68.98,15.0105346091077,67.834,3714.71205987194,8.22005644671111
"1384",13.9393939393939,2009,"IRL","Ireland",17.30187988,12.35386944,16.17975807,10,61.342,44.306728234481,80.190243902439,52133.0909237885,10.861555168615
"1385",18.3333333333333,2009,"ISR","Israel",9.99487972,10.6493597,10.64506721,7,91.763,46.5592382606472,81.4048780487805,28508.4938886475,10.2579573530349
"1386",21.2698412698413,2009,"ITA","Italy",13.71444511,14.01011372,13.74120235,10,68.209,40.8933913247446,81.6365853658537,37099.6133958219,10.5213618279434
"1387",13.3333333333333,2009,"JAM","Jamaica",7.45104456,9.03293228,9.52876663,9,53.557,43.9949330367306,71.717,4428.38153333557,8.39578945392323
"1388",11.25,2009,"JPN","Japan",18.05703545,18.93296623,21.69265366,10,89.989,41.6105507496109,82.9314634146342,41308.9968370512,10.628835596316
"1389",6.36363636363636,2009,"JOR","Jordan",17.915905,17.02058601,15.41755867,2,84.928,17.3852590605208,73.707,3435.8337590698,8.14201489982363
"1390",17.7570093457944,2009,"KAZ","Kazakhstan",11.36352253,8.20522785,8.67686558,0,56.755,49.7044013194646,67.46,6938.01175663001,8.8447705220555
"1391",9.82142857142857,2009,"KEN","Kenya",7.2007761,7.24412632,7.98109102,7,23.183,48.6375594656308,60.483,1047.9678324485,6.95460817018138
"1392",14.7157190635452,2009,"KOR","Korea, Rep.",10.08799362,11.28866768,11.05073261,8,81.835,40.8460988537456,79.9682926829268,19143.8516053025,9.85973687805913
"1393",7.69230769230769,2009,"KWT","Kuwait",5.17794514,4.98143959,4.98376083,0,100,28.057007327325,77.4333658536585,37907.1001320042,10.5428937121001
"1394",25.5555555555556,2009,"KGZ","Kyrgyz Republic",10.6962328,9.20363903,9.88331318,2,35.284,44.4259427038499,69.1024390243903,870.198894546917,6.76872179994208
"1395",25.2173913043478,2009,"LAO","Lao PDR",5.70376587,2.69455552,1.81748676,0,29.475,46.7524683196951,63.023,935.03237283283,6.84058115203993
"1396",22,2009,"LVA","Latvia",8.06970215,8.00768471,8.59303761,8,67.814,49.8008018607514,73.0804878048781,11996.0322729773,9.39233123017683
"1397",3.125,2009,"LBN","Lebanon",8.34239483,10.28593254,12.40328121,6,87.187,25.3909201345165,77.262,7090.85493856621,8.86656119597533
"1398",24.1666666666667,2009,"LSO","Lesotho",7.32304907,7.1979928,8.19887447,8,24.293,46.6879173111019,45.055,878.847950537772,6.77861190267436
"1399",12.5,2009,"LBR","Liberia",5.04660225,5.04660225,5.04660225,7,47.445,47.4109474192678,59.106,448.386367025545,6.10565528713533
"1400",7.69230769230769,2009,"LBY","Libya",4.08903933,4.33412743,6.4195838,0,77.837,34.1174350966104,72.071,9551.05403869755,9.16440679792864
"1401",19.1489361702128,2009,"LTU","Lithuania",11.77774429,11.43047142,10.72846985,10,66.842,50.3115835897773,72.9146341463415,11854.3711053096,9.38045194819397
"1402",20,2009,"LUX","Luxembourg",14.11613178,13.62410641,11.96399975,10,88.178,43.2976441751209,80.6365853658537,109419.746953106,11.602946654995
"1403",20.8333333333333,2009,"MWI","Malawi",5.23243809,5.77464294,6.77999687,6,15.429,49.7753789826995,56.714,625.869729869625,6.43914225019465
"1404",9.90990990990991,2009,"MYS","Malaysia",5.86503458,6.31136417,6.51518965,6,70.075,35.0700729209552,75.269,7191.43287234626,8.88064571769547
"1405",10.2040816326531,2009,"MLI","Mali",2.92606306,3.30154061,2.94121766,7,35.2,42.5896855417573,55.588,815.78868795173,6.70415536058449
"1406",22.1052631578947,2009,"MRT","Mauritania",4.47624159,4.22304821,4.40092897,0,45.686,32.3590539483587,65.485,1435.43010811893,7.26921981019673
"1407",17.1428571428571,2009,"MUS","Mauritius",6.28173685,8.29588032,7.36220407,10,41.666,35.7932506667554,72.8824390243903,7318.12640972422,8.89810961923759
"1408",27.6,2009,"MEX","Mexico",10.29210663,10.41032505,10.5141964,8,77.52,36.9714625011616,73.628,8423.56933214711,9.03878892859278
"1409",23.7623762376238,2009,"MDA","Moldova",12.87592316,13.62691975,13.03699017,9,42.651,53.6605672358785,69.406,1898.43975710988,7.54878764733267
"1410",3.94736842105263,2009,"MNG","Mongolia",8.74871159,7.74286652,5.62042999,10,66.58,46.4261085972453,67.9690243902439,1703.32756790019,7.4403390097295
"1411",10.4615384615385,2009,"MAR","Morocco",6.12304688,6.06429052,5.79278231,0,57.452,25.9265974614015,70.454,3119.58862304688,8.04545642052281
"1412",39.2,2009,"MOZ","Mozambique",4.9652133,4.67241478,4.34422016,5,31.328,53.9209254061464,54.4,547.697144193651,6.30572247759615
"1413",26.9230769230769,2009,"NAM","Namibia",10.81812954,11.91450977,10.63667202,6,40.601,47.7680861980503,55.347,4302.91374148376,8.36704768650329
"1414",33.1649831649832,2009,"NPL","Nepal",4.69078159,4.80506372,4.8736372,6,16.434,30.5653071760454,66.6,473.078751198621,6.15926186765385
"1415",42,2009,"NLD","Netherlands",14.19940567,14.42486954,14.84096527,10,86.288,45.8929665005768,80.5487804878049,53172.0261581418,10.8812877129407
"1416",33.6065573770492,2009,"NZL","New Zealand",18.71948814,17.60284233,17.8483448,10,86.22,46.9669938910686,80.7024390243902,28276.7255416225,10.2497943262353
"1417",20.6521739130435,2009,"NIC","Nicaragua",16.76971817,15.73639107,15.00097656,9,56.721,35.6111341287015,71.499,1467.08288052845,7.29103127315818
"1418",9.73451327433628,2009,"NER","Niger",8.69414043,9.17788696,8.29973888,0,16.225,42.6861354158467,56.487,461.131533961487,6.13368332542662
"1419",6.98324022346369,2009,"NGA","Nigeria",3.69395757,2.70293093,2.77141333,4,42.588,47.2264972992804,51.08,1820.48633854782,7.50685896335653
"1420",32.5,2009,"MKD","North Macedonia",12.19207191,12.50852871,12.73551083,9,57.117,39.8108025845905,74.4463414634146,4799.78722768888,8.47632686834867
"1421",39.6449704142012,2009,"NOR","Norway",16.47738075,16.61421394,16.79300117,10,78.815,47.8522755368597,80.7951219512195,80347.5700665184,11.294117128848
"1422",0,2009,"OMN","Oman",6.01545334,6.69591188,5.30402422,0,74.624,17.4613672033122,76.631,20655.9180249218,9.93575714449421
"1423",22.2222222222222,2009,"PAK","Pakistan",2.96312976,2.88965487,2.54317451,5,34.793,20.2711406087906,64.206,963.788066395225,6.87087142230267
"1424",8.45070422535211,2009,"PAN","Panama",20.5123024,19.39173889,18.09329414,9,64.851,37.1977345943966,76.228,7796.92617035048,8.96148485428317
"1425",0.917431192660551,2009,"PNG","Papua New Guinea",6.31518459,7.0693121,7.60423183,4,13.037,47.5743991468767,62.772,1568.83193368607,7.35808663016073
"1426",12.5,2009,"PRY","Paraguay",14.07027435,14.55998135,15.83436584,9,58.937,39.5298921856577,72.282,3941.84815479271,8.27940496713126
"1427",27.5,2009,"PER","Peru",11.67159462,11.6243124,11.69203568,9,76.241,45.0081867307613,72.631,4181.18755462253,8.33835058914559
"1428",20.9737827715356,2009,"PHL","Philippines",6.64473581,7.18279028,6.16743231,8,45.371,39.5880622135043,68.631,1864.45043406471,7.53072161522943
"1429",20,2009,"POL","Poland",10.49985504,9.97937679,10.0532856,10,61.004,45.0873052224542,75.6951219512195,11556.3026866026,9.35498625426859
"1430",27.3913043478261,2009,"PRT","Portugal",12.87034893,12.85804081,12.54797745,10,59.964,47.7824987002216,78.7268292682927,23151.2154130712,10.0498025597808
"1431",0,2009,"QAT","Qatar",4.64607239,4.149333,4.12907839,0,98.336,11.3031556948798,78.837,60785.7351551657,11.0151104212684
"1432",11.377245508982,2009,"ROU","Romania",10.3975172,11.41027546,8.80635357,9,53.698,43.2128417750136,73.309756097561,8548.4543409242,9.05350576674907
"1433",14,2009,"RUS","Russian Federation",9.07605648,8.59383297,9.03166866,5,73.642,49.1303255159918,68.6846341463415,8562.82421875,9.05518534681712
"1434",56.25,2009,"RWA","Rwanda",8.43024445,8.55642414,8.90067959,0,16.93,47.0206422050805,61.813,564.039095842449,6.33512356796521
"1435",0,2009,"SAU","Saudi Arabia",7.5224123,6.84370041,7.57989597,0,81.867,11.9280528886133,75.447,17718.3911648365,9.78235842798511
"1436",22.6666666666667,2009,"SEN","Senegal",6.66027403,5.35332537,5.62811661,7,43.359,35.4315208020337,63.751,1308.69404336205,7.17678500548238
"1437",21.6,2009,"SRB","Serbia",13.46972656,13.56146622,13.37896156,9,54.772,44.7911194626087,73.9853658536585,6414.0448463847,8.76624537218137
"1438",13.2231404958678,2009,"SLE","Sierra Leone",5.60554171,6.5142417,5.35433006,8,38.466,50.5862590306503,51.312,652.845806767943,6.48134097086941
"1439",23.4042553191489,2009,"SGP","Singapore",7.14675617,10.94287872,11.97459507,2,100,39.8973809839357,81.2414634146342,38926.8054365453,10.5694383780683
"1440",18,2009,"SVK","Slovak Republic",12.82150745,12.91620064,12.72623062,10,54.96,44.2023002759927,74.909756097561,16586.7527805228,9.71635963048325
"1441",14.4444444444444,2009,"SVN","Slovenia",12.46062183,12.35271358,12.13000107,10,52.433,45.614526608689,78.9707317073171,24501.7897290425,10.1065014440298
"1442",0,2009,"SLB","Solomon Islands",7.73368168,7.0789175,7.42500019,9,19.589,48.2836190741687,68.397,1554.70723718073,7.34904253497845
"1443",44.5,2009,"ZAF","South Africa",13.36997318,14.11525917,14.67442226,9,61.687,46.9083592982123,57.413,6374.70560042992,8.76009318863557
"1444",36.5714285714286,2009,"ESP","Spain",14.78956127,14.74672127,14.59655094,10,78.21,43.7319646528669,81.4756097560976,32279.8208476151,10.3821975724185
"1445",5.77777777777778,2009,"LKA","Sri Lanka",7.83871508,7.83482218,7.96512938,6,18.242,33.0928198060183,70.298,2026.65939950702,7.61414410051611
"1446",18.9189189189189,2009,"SDN","Sudan",14.01954556,9.48801804,7.03567696,0,32.993,27.7667352851848,62.676,1178.22180175781,7.07176163320921
"1447",25.4901960784314,2009,"SUR","Suriname",9.52487564,9.46824646,8.51203823,6,66.412,37.7538193282848,69.323,7129.5768626291,8.87200716559247
"1448",46.4183381088825,2009,"SWE","Sweden",13.81417751,13.60485172,17.67425919,10,84.902,47.3844278399637,81.3512195121951,46707.8673215418,10.7516678945977
"1449",29,2009,"CHE","Switzerland",9.97373199,10.32833004,10.57389641,10,73.581,46.2346447765458,82.0439024390244,71568.3123885672,11.1784076905827
"1450",12.4,2009,"SYR","Syrian Arab Republic",5.95036459,5.12483168,3.73561525,0,55.237,15.3773580353365,73.496,2462.20193643202,7.80881132467735
"1451",17.4603174603175,2009,"TJK","Tajikistan",4.59137583,4.56338024,5.37597609,1,26.518,36.3836773567829,68.248,664.795655734657,6.49947970882473
"1452",30.6501547987616,2009,"TZA","Tanzania",7.58396149,7.32137966,6.76211929,2,27.439,50.1512714112727,60.494,693.823547363281,6.54221767365888
"1453",13.3192389006343,2009,"THA","Thailand",12.45869255,11.56414127,12.84227848,5,42.543,45.4015762426191,74.669,4135.43986952819,8.32734897895327
"1454",29.2307692307692,2009,"TLS","Timor-Leste",2.66319609,2.71049976,2.67680979,7,27.389,44.9868682735586,63.265,686.579295832381,6.53172172594088
"1455",11.1111111111111,2009,"TGO","Togo",4.77685833,7.44585991,5.66925287,1,37.058,47.9558946205958,56.927,720.694168794129,6.5802148708669
"1456",26.8292682926829,2009,"TTO","Trinidad and Tobago",7.05066872,8.04406071,8.00888062,10,54.213,41.5521021007695,71.404,14634.0565003912,9.5911067283352
"1457",27.5700934579439,2009,"TUN","Tunisia",12.0754261,13.03182125,12.38613319,1,66.376,26.5249054425216,74.32,4080.0903244878,8.31387440550801
"1458",9.10746812386157,2009,"TUR","Turkiye",11.6733017,10.90076447,11.10035706,8,70.241,27.149508966696,74.679,9012.99945793034,9.10642319841332
"1459",16.8,2009,"TKM","Turkmenistan",8.7062273,8.7116909,8.70032692,0,48.172,52.2192727652848,68.155,3707.97850699617,8.21824213028172
"1460",31.4814814814815,2009,"UGA","Uganda",7.03202295,7.11343718,6.89700985,1,18.878,49.4578645537453,59.157,798.947089938247,6.68329472322098
"1461",8,2009,"UKR","Ukraine",7.91855955,7.50049877,7.49281168,7,68.502,50.3284692982505,69.159,2607.08764648438,7.86598903304017
"1462",22.5,2009,"ARE","United Arab Emirates",8.52688885,8.52679062,8.52676678,0,83.742,15.9916388053778,81.679,37803.0663738777,10.5401454993196
"1463",19.5046439628483,2009,"GBR","United Kingdom",17.23506927,17.01038551,17.56054688,10,81.031,46.3733333896571,80.0512195121951,38744.131693043,10.5647345831337
"1464",16.7816091954023,2009,"USA","United States",18.22518158,18.43406677,18.92724609,10,80.606,45.5353906984188,78.390243902439,47194.9500893872,10.7620421762182
"1465",14.1414141414141,2009,"URY","Uruguay",17.27192497,17.25056648,18.4862957,10,94.209,44.6081592361217,76.67,9881.39573127081,9.19840904911173
"1466",22,2009,"UZB","Uzbekistan",7.26864672,8.03938007,8.83177662,0,50.472,37.0352806439844,69.517,1205.7993547038,7.09489799089493
"1467",25.7606490872211,2009,"VNM","Viet Nam",6.85301065,8.6057291,9.1072073,0,29.762,49.4390523913276,73.525,1226.16976051536,7.11165057388876
"1468",0.332225913621262,2009,"YEM","Yemen, Rep.",3.71630144,3.84780169,3.65991807,1,31.194,13.353182407416,66.905,969.243509864478,6.87651588048991
"1469",14.0127388535032,2009,"ZMB","Zambia",9.36578655,8.63391781,8.0581131,7,38.861,44.7114959320636,55.886,1136.24168316848,7.03548132592121
"1470",27.710843373494,2010,"AFG","Afghanistan",2.2567358,2.18811917,1.37000275,-66,23.737,16.7430582537576,60.702,560.621505463146,6.32904599950604
"1471",16.4285714285714,2010,"ALB","Albania",8.09451294,8.29091167,8.69734573,9,52.163,43.3310063907532,78.414,4149.14469936847,8.33065749544622
"1472",7.7120822622108,2010,"DZA","Algeria",9.18787575,9.03425121,10.06144714,3,67.54,16.144970816751,74.144,4912.78585503672,8.49959644380504
"1473",38.6363636363636,2010,"AGO","Angola",4.24956799,4.58056879,4.20151329,2,59.783,50.2612969215801,57.242,3597.34293216332,8.18795077753412
"1474",38.5214007782101,2010,"ARG","Argentina",16.69264221,16.27754211,16.66110992,8,90.849,40.5900049662423,75.68,10260.1313108254,9.23602091696893
"1475",9.16030534351145,2010,"ARM","Armenia",6.43608856,6.70101976,7.04075432,5,63.44,50.0982314369723,73.1731707317073,3041.34450723339,8.02005496874303
"1476",24.6666666666667,2010,"AUS","Australia",16.11460304,16.32673645,16.19138336,10,85.182,45.3195651762421,81.6951219512195,52144.6654705468,10.861777163165
"1477",27.8688524590164,2010,"AUT","Austria",14.00380135,14.31893921,14.51292896,10,57.399,46.3654803389436,80.5804878048781,46611.1393420232,10.7495948332221
"1478",16,2010,"AZE","Azerbaijan",3.17126107,2.81601381,3.04532456,0,53.406,52.3570243347329,70.309,5843.5337683582,8.67309099014632
"1479",2.5,2010,"BHR","Bahrain",8.23034191,8.0526104,8.29804993,1,88.634,21.2797640252504,78.593,21819.3291098099,9.99055151234288
"1480",18.5507246376812,2010,"BGD","Bangladesh",4.43941641,4.18159103,4.01620436,6,30.462,30.9669645258127,68.009,757.385280361508,6.62987208084725
"1481",31.8181818181818,2010,"BLR","Belarus",8.68532658,7.66490793,8.85453033,0,74.672,49.6676679506522,70.4048780487805,6034.67885177216,8.70527791782774
"1482",39.3333333333333,2010,"BEL","Belgium",14.42987537,14.26799011,14.2156353,8,97.651,45.2789062130221,80.1829268292683,44197.393671162,10.6964210996114
"1483",10.8433734939759,2010,"BEN","Benin",5.34460402,4.4236145,5.24633551,7,43.093,49.0206596882921,58.387,973.244254931526,6.88063508350014
"1484",8.51063829787234,2010,"BTN","Bhutan",5.64934969,6.14636755,6.45828485,3,34.793,42.2652735882043,68.765,2435.5798056672,7.79794012038259
"1485",25.3846153846154,2010,"BOL","Bolivia",9.7059021,8.54341412,8.31437492,7,66.43,41.8926968824523,66.003,1929.78373077158,7.56516321902509
"1486",16.6666666666667,2010,"BIH","Bosnia and Herzegovina",12.60088634,13.38013935,13.88334846,-66,45.558,41.7283382434425,76.827,4506.47828548389,8.41327125949687
"1487",7.93650793650794,2010,"BWA","Botswana",8.06093502,9.63225174,10.68447876,8,62.412,45.5929805756875,59.137,6215.73216077919,8.7348388024414
"1488",8.57699805068226,2010,"BRA","Brazil",8.48346615,8.23860741,8.00187492,8,84.335,42.4400401697802,73.779,11403.2821278747,9.34165649889954
"1489",20.8333333333333,2010,"BGR","Bulgaria",10.84995937,11.41062927,11.17939663,9,72.302,46.2871992608331,73.5121951219512,6853.94805511171,8.83258012363602
"1490",15.3153153153153,2010,"BFA","Burkina Faso",6.03235245,6.58739376,4.69605875,2,24.633,43.629701342852,56.343,624.957252224766,6.43768325095688
"1491",32.0754716981132,2010,"BDI","Burundi",4.86066389,8.22791386,7.11028194,7,10.642,51.5714036951562,57.088,216.727705301976,5.37864175132521
"1492",18.0555555555556,2010,"CPV","Cabo Verde",7.22943211,8.60780239,8.86496925,10,61.821,43.3626586552106,72.507,3579.46006137809,8.18296724717603
"1493",21.1382113821138,2010,"KHM","Cambodia",6.51964235,6.21460676,6.48858452,3,20.294,50.3182711763833,67.311,952.274616324008,6.85885345571927
"1494",13.8888888888889,2010,"CMR","Cameroon",2.67579794,3.21048117,3.73180342,1,51.559,46.6776885548492,56.965,1398.58702025047,7.24321773469651
"1495",22.0779220779221,2010,"CAN","Canada",17.38419342,17.59642792,18.18252754,10,80.937,47.1025209491092,81.3221951219512,47560.6666009406,10.7697613667061
"1496",9.61538461538462,2010,"CAF","Central African Republic",3.3422184,2.93374562,4.22331953,1,38.904,47.049301289427,46.871,476.873786950728,6.16725185828865
"1497",5.16129032258065,2010,"TCD","Chad",3.49792719,3.68802667,3.96469712,1,21.985,42.4598700850444,50.107,1141.80069268412,7.04036185018974
"1498",14.1666666666667,2010,"CHL","Chile",13.68902302,14.01050568,14.57309246,10,87.074,39.3024531542765,79.095,12632.8704724192,9.44405746366414
"1499",21.325744894543,2010,"CHN","China",8.7509222,8.60284996,9.03729343,0,49.226,44.3676802498121,75.668,4629.24551710077,8.44014917853182
"1500",12.6506024096386,2010,"COL","Colombia",16.82773972,16.48455429,16.19955254,7,77.964,41.435482903451,74.876,6398.2958447102,8.76378695962645
"1501",3.03030303030303,2010,"COM","Comoros",2.83923602,7.23844337,5.35224819,9,27.973,38.5681265354035,62.747,1386.57533553376,7.23459219862032
"1502",7.2992700729927,2010,"COG","Congo, Rep.",3.60210204,2.33683133,2.67131019,0,63.256,49.7523990338282,61.731,2946.55798067708,7.98839298189773
"1503",38.5964912280702,2010,"CRI","Costa Rica",32.18240356,33.18463135,31.73282051,10,71.736,37.9888149665179,79.354,8265.78820275899,9.01988037204307
"1504",8.86699507389163,2010,"CIV","Cote d'Ivoire",5.80678844,4.39369249,4.62200308,-77,47.33,44.5004213982073,55.282,1553.54887048143,7.34829718664627
"1505",23.5294117647059,2010,"HRV","Croatia",13.87585354,12.95500469,13.44300842,9,55.155,45.9343192319282,76.4756097560976,13731.2865213989,9.52743219585802
"1506",43.1596091205212,2010,"CUB","Cuba",13.86582184,15.09354115,11.49459648,0,76.597,38.704824212407,77.876,5272.26755824835,8.5702158257004
"1507",12.5,2010,"CYP","Cyprus",7.13188076,7.24581718,7.13066578,10,67.551,44.6800261576682,80.632,31105.02734375,10.3451247360277
"1508",22,2010,"CZE","Czechia",14.69500732,14.7419138,14.38220024,9,73.255,43.3043703343595,77.4243902439025,20160.4355077059,9.91147732451675
"1509",37.9888268156425,2010,"DNK","Denmark",15.7724762,15.4799757,15.31711006,10,86.795,47.0966787688782,79.1,58104.5445594981,10.9699991593937
"1510",13.8461538461538,2010,"DJI","Djibouti",6.97048712,8.47449207,7.13329363,3,76.999,26.349732631132,60.743,1213.23352553429,7.10104440940417
"1511",20.7650273224044,2010,"DOM","Dominican Republic",15.67889881,17.06970024,13.96876812,8,73.753,37.12190267435,72.039,5478.62470398954,8.60860938201945
"1512",32.258064516129,2010,"ECU","Ecuador",8.4362812,7.96525431,8.16057014,5,62.69,38.7059751722778,75.188,4520.30959039763,8.41633576393151
"1513",12.6953125,2010,"EGY","Egypt, Arab Rep.",4.36156321,4.82708216,4.38540936,1,43.019,23.3831568484771,69.078,2455.08194645282,7.80591541908206
"1514",19.047619047619,2010,"SLV","El Salvador",17.08551788,18.98602867,16.2677002,8,65.452,41.5234837052873,70.909,3040.07300952878,8.01963681040424
"1515",10,2010,"GNQ","Equatorial Guinea",1.45523047,1.47296762,1.48931491,0,65.94,41.4988139379563,58.344,13720.1658723222,9.5266219910262
"1516",22,2010,"ERI","Eritrea",2.37287188,2.37287188,2.37287188,0,35.175,47.723383549495,63.665,539.699512069686,6.29101252554727
"1517",22.7722772277228,2010,"EST","Estonia",12.01817799,12.03691864,11.67207146,9,68.094,49.4078195929126,75.4292682926829,14663.7041018705,9.59313061077466
"1518",13.6363636363636,2010,"SWZ","Eswatini",13.75653362,14.27736378,12.65477371,0,22.48,47.3913350567163,48.331,3992.95199562618,8.29228608485877
"1519",27.7879341864717,2010,"ETH","Ethiopia",5.10711384,2.09114432,6.40685463,1,17.319,45.9926450800883,59.709,330.619412798644,5.80096790356208
"1520",40,2010,"FIN","Finland",13.32010746,13.60760593,13.79833984,10,83.77,48.0273746137839,79.8707317073171,46506.2919016566,10.747342892135
"1521",18.8908145580589,2010,"FRA","France",13.90193653,13.94986153,13.90549946,10,78.369,47.4387845749996,81.6634146341463,40694.8211697025,10.6138561193468
"1522",14.6551724137931,2010,"GAB","Gabon",6.81337643,7.18316364,6.19158506,4,85.533,40.2379998033685,64.715,8356.74662013345,9.03082447006512
"1523",7.54716981132075,2010,"GMB","Gambia, The",6.30897522,6.30897522,6.30897522,0,55.662,48.522489411256,61.167,801.033372714536,6.68590261001385
"1524",6.52173913043478,2010,"GEO","Georgia",6.15339756,5.04166079,5.50601006,7,55.535,46.9294986452615,71.732,3281.72930937343,8.0961257909096
"1525",32.7974276527331,2010,"DEU","Germany",17.44530869,17.96772194,18.22804832,10,76.966,45.7755529719498,79.9878048780488,42409.9356994694,10.6551379463031
"1526",8.26086956521739,2010,"GHA","Ghana",11.91557407,12.07416821,8.9727478,8,50.713,48.0341921098255,61.297,1263.89251760539,7.14195153755121
"1527",17.3333333333333,2010,"GRC","Greece",12.48647785,10.95836353,10.00774956,10,76.292,42.0174446240421,80.3878048780488,26653.0488008626,10.1906588245839
"1528",12.0253164556962,2010,"GTM","Guatemala",14.24816608,13.75957489,14.31886292,8,48.403,35.0643080534603,69.885,2805.25960237322,7.93925136354
"1529",10,2010,"GNB","Guinea-Bissau",2.52350521,2.52350521,3.88817143,7,40.111,45.9604452342431,56.999,600.194298540768,6.39725343369552
"1530",30,2010,"GUY","Guyana",7.60515261,8.62060642,8.22607517,6,26.634,35.1366552421127,66.204,4581.76179693492,8.42983887496085
"1531",11.1111111111111,2010,"HTI","Haiti",6.43094063,2.98430157,2.78391457,-77,47.509,46.7847442005628,45.577,1209.72733503094,7.09815027024762
"1532",17.96875,2010,"HND","Honduras",13.96672344,15.02672482,12.83597755,7,51.885,34.454414412617,69.77,1893.32722662035,7.54609099766531
"1533",9.06735751295337,2010,"HUN","Hungary",10.1666851,10.09751129,9.78315544,10,68.911,47.6618045752144,74.2073170731707,13189.8433874768,9.48720237206064
"1534",10.8256880733945,2010,"IND","India",3.11162996,3.38130069,3.43849397,9,30.93,25.2233059518446,67.162,1347.51939071367,7.20602069281963
"1535",18.0357142857143,2010,"IDN","Indonesia",3.91489601,3.96251845,4.07335424,8,49.914,38.4546616270421,68.364,3065.68348377765,8.02802581984887
"1536",2.75862068965517,2010,"IRN","Iran, Islamic Rep.",12.52360535,12.03891277,15.95811844,0,70.626,17.5620370341192,74.39,6291.19443652344,8.74690622618563
"1537",25.2307692307692,2010,"IRQ","Iraq",4.80274534,4.79862404,2.3523643,4,69.103,14.9362701238872,68.092,4461.75196161555,8.40329678438763
"1538",13.9393939393939,2010,"IRL","Ireland",12.35386944,16.17975807,17.92598724,10,61.542,44.7817798905082,80.7439024390244,48679.4026820361,10.7930112767311
"1539",19.1666666666667,2010,"ISR","Israel",10.6493597,10.64506721,10.79832745,7,91.826,46.5281662304641,81.6024390243903,31439.0887027614,10.3558072608419
"1540",21.2698412698413,2010,"ITA","Italy",14.01011372,13.74120235,13.17385483,10,68.327,41.0822400229497,82.0365853658537,35856.8625485539,10.487290251657
"1541",13.3333333333333,2010,"JAM","Jamaica",9.03293228,9.52876663,9.15779209,9,53.743,44.0272818362876,71.979,4809.977380312,8.47844766045091
"1542",11.25,2010,"JPN","Japan",18.93296623,21.69265366,22.22449875,10,90.812,41.7478334369055,82.8426829268293,44968.156234974,10.7137098790348
"1543",10.8333333333333,2010,"JOR","Jordan",17.02058601,15.41755867,13.67097759,2,86.088,17.5247136726493,73.797,3718.46571622945,8.22106642031585
"1544",17.7570093457944,2010,"KAZ","Kazakhstan",8.20522785,8.67686558,9.44636345,0,56.827,49.7889800964796,68.257,8793.07589980782,9.08171986118615
"1545",9.82142857142857,2010,"KEN","Kenya",7.24412632,7.98109102,7.35927916,8,23.571,48.6024662170293,60.915,1091.51873101194,6.9953253366416
"1546",14.7157190635452,2010,"KOR","Korea, Rep.",11.28866768,11.05073261,10.98242855,8,81.936,40.9293897399564,80.1170731707317,23079.2601257735,10.046689663166
"1547",7.69230769230769,2010,"KWT","Kuwait",4.98143959,4.98376083,5.11891651,0,100,28.5540332509349,77.7262195121951,39212.2522190461,10.5767445335512
"1548",23.3333333333333,2010,"KGZ","Kyrgyz Republic",9.20363903,9.88331318,10.40071106,-88,35.306,44.3784770160678,69.3,876.954476440354,6.77645508274708
"1549",25.2173913043478,2010,"LAO","Lao PDR",2.69455552,1.81748676,1.7665906,0,30.064,46.7339598939759,63.69,1125.91610151261,7.02635229572167
"1550",20,2010,"LVA","Latvia",8.00768471,8.59303761,8.41285229,8,67.841,50.3872674435627,73.4829268292683,11188.4191700977,9.32263451966379
"1551",3.125,2010,"LBN","Lebanon",10.28593254,12.40328121,10.07938385,6,87.334,25.8217930051099,77.529,7625.81051551165,8.93929389294276
"1552",24.1666666666667,2010,"LSO","Lesotho",7.1979928,8.19887447,9.67431164,8,24.798,46.513642626711,46.045,1119.47557793042,7.02061562064268
"1553",12.5,2010,"LBR","Liberia",5.04660225,5.04660225,5.04660225,7,47.813,47.4034347045891,59.358,492.252808033724,6.19899242198996
"1554",7.69230769230769,2010,"LBY","Libya",4.33412743,6.4195838,7.41257477,0,78.052,34.1551410133639,72.196,11600.9068649472,9.3588385520514
"1555",19.1489361702128,2010,"LTU","Lithuania",11.43047142,10.72846985,11.55478382,10,66.757,50.5991033553809,73.2682926829268,11829.122609457,9.37831978765028
"1556",20,2010,"LUX","Luxembourg",13.62410641,11.96399975,10.58925629,10,88.547,43.3540330944253,80.6317073170732,110885.991378721,11.6162578477648
"1557",12.5,2010,"MDG","Madagascar",15.20980263,13.9367857,12.93699551,3,31.938,48.6495521781133,62.597,450.009391645726,6.10926845287042
"1558",20.8333333333333,2010,"MWI","Malawi",5.77464294,6.77999687,5.09623861,6,15.544,49.4480848694331,57.787,683.1246947168,6.52667741203855
"1559",9.90990990990991,2010,"MYS","Malaysia",6.31136417,6.51518965,6.54217672,6,70.912,35.0722486162694,75.376,8899.34505544675,9.09373296373676
"1560",10.2040816326531,2010,"MLI","Mali",3.30154061,2.94121766,2.66254425,7,35.999,42.5251144978323,55.993,827.617660082715,6.71855128455468
"1561",22.1052631578947,2010,"MRT","Mauritania",4.22304821,4.40092897,4.16698551,0,46.588,32.4877828411214,65.661,1659.96369705455,7.4145510118672
"1562",18.8405797101449,2010,"MUS","Mauritius",8.29588032,7.36220407,8.31904316,10,41.555,36.6760426421419,72.9673170731707,8000.37643182154,8.98724387353266
"1563",26.2,2010,"MEX","Mexico",10.41032505,10.5141964,10.65864182,8,77.815,36.9480877267498,73.718,9728.80078237782,9.18284591808552
"1564",18.8118811881188,2010,"MDA","Moldova",13.62691975,13.03699017,13.17397022,9,42.62,53.7164017741761,69.876,2436.79935102421,7.7984407158179
"1565",3.94736842105263,2010,"MNG","Mongolia",7.74286652,5.62042999,6.50338697,10,67.567,45.9876769255558,68.5056097560976,2625.21881402433,7.87291952927522
"1566",10.4615384615385,2010,"MAR","Morocco",6.06429052,5.79278231,5.69545412,0,58.018,25.7909544246679,70.821,3067.9853515625,8.02877638788725
"1567",39.2,2010,"MOZ","Mozambique",4.67241478,4.34422016,4.3945961,5,31.83,53.7944709843116,55.04,496.185839392659,6.20695053274621
"1568",4.29447852760736,2010,"MMR","Myanmar",1.35219908,1.64683104,2.31626892,0,28.885,40.0228761057603,63.479,1010.53417343401,6.91823435461328
"1569",24.3589743589744,2010,"NAM","Namibia",11.91450977,10.63667202,11.04577351,6,41.616,47.9883744358744,56.093,5418.21633365814,8.59752195054081
"1570",33.1649831649832,2010,"NPL","Nepal",4.80506372,4.8736372,4.69186115,6,16.768,31.4168426792591,66.772,585.278491984574,6.37208778862827
"1571",40.6666666666667,2010,"NLD","Netherlands",14.42486954,14.84096527,15.34410477,10,87.134,46.2012523342748,80.7024390243902,51305.7338533973,10.8455577959343
"1572",33.6065573770492,2010,"NZL","New Zealand",17.60284233,17.8483448,19.1836071,10,86.16,47.0144526679318,80.9048780487805,33761.9009639947,10.4270882552998
"1573",20.6521739130435,2010,"NIC","Nicaragua",15.73639107,15.00097656,15.56665039,9,56.917,36.1171278981552,71.761,1526.56706951408,7.33077674800246
"1574",6.98324022346369,2010,"NGA","Nigeria",2.70293093,2.77141333,3.66798377,4,43.48,47.2675057860978,51.315,2202.25672957344,7.69723789975703
"1575",32.5,2010,"MKD","North Macedonia",12.50852871,12.73551083,12.43339729,9,57.089,39.4721871919884,74.9975609756098,4833.36586759968,8.48329837094542
"1576",39.6449704142012,2010,"NOR","Norway",16.61421394,16.79300117,17.17745781,10,79.102,47.8791170337849,80.9975609756098,88163.2085931423,11.3869450188372
"1577",0,2010,"OMN","Oman",6.69591188,5.30402422,4.8770771,0,75.161,17.3648587733422,77.184,23570.1798147325,10.0677376248672
"1578",22.2222222222222,2010,"PAK","Pakistan",2.88965487,2.54317451,3.17061043,6,34.997,21.1139934455322,64.378,987.304571124485,6.89497857453121
"1579",8.45070422535211,2010,"PAN","Panama",19.39173889,18.09329414,17.16231537,9,65.14,37.4757566940919,76.417,8331.46421351868,9.02779449564672
"1580",0.917431192660551,2010,"PNG","Papua New Guinea",7.0693121,7.60423183,8.12861252,4,13.019,47.6160997422775,63.056,1866.86889851208,7.53201792067555
"1581",12.5,2010,"PRY","Paraguay",14.55998135,15.83436584,16.47047997,9,59.261,39.1000633167286,72.551,4750.96273669322,8.46610255790068
"1582",27.5,2010,"PER","Peru",11.6243124,11.69203568,12.24156475,9,76.43,45.6092871900535,72.886,5072.11494019615,8.53151315757089
"1583",22.1428571428571,2010,"PHL","Philippines",7.18279028,6.16743231,6.20142746,8,45.332,39.7635612232849,68.883,2162.91375885614,7.67921155407919
"1584",20,2010,"POL","Poland",9.97937679,10.0532856,10.07312584,10,60.892,45.2492967449974,76.2463414634146,12567.7317676382,9.43888783722188
"1585",27.3913043478261,2010,"PRT","Portugal",12.85804081,12.54797745,12.10071278,10,60.567,48.139102998375,79.0268292682927,22551.935098809,10.0235761549435
"1586",0,2010,"QAT","Qatar",4.149333,4.12907839,4.46552658,0,98.501,12.1137718240649,79.444,77387.3267885308,11.2565783095892
"1587",11.377245508982,2010,"ROU","Romania",11.41027546,8.80635357,9.58470821,9,53.829,43.6741591787101,73.4585365853659,8399.5374234284,9.0359319146756
"1588",14,2010,"RUS","Russian Federation",8.59383297,9.03166866,9.24172211,5,73.687,48.8779876159377,68.8412195121951,10674.990234375,9.27565892328376
"1589",56.25,2010,"RWA","Rwanda",8.55642414,8.90067959,8.36301804,0,16.934,47.0227971600591,62.804,593.624927744346,6.38624768514992
"1590",0,2010,"SAU","Saudi Arabia",6.84370041,7.57989597,8.25906754,0,82.084,12.1773954000458,75.616,22028.3901426586,10.0000873614412
"1591",22.6666666666667,2010,"SEN","Senegal",5.35332537,5.62811661,5.30755901,7,43.773,35.8666061771252,64.221,1275.88357492357,7.151394217519
"1592",21.6,2010,"SRB","Serbia",13.56146622,13.37896156,12.83907032,9,54.993,44.502330904104,74.3365853658537,5970.92660940072,8.69465740529757
"1593",13.2231404958678,2010,"SLE","Sierra Leone",6.5142417,5.35433006,4.75321102,8,38.856,50.5102085994675,51.927,685.039673490948,6.52947675409011
"1594",23.4042553191489,2010,"SGP","Singapore",10.94287872,11.97459507,13.21419811,2,100,40.5729770001519,81.5414634146342,47236.683084953,10.7629260537258
"1595",15.3333333333333,2010,"SVK","Slovak Republic",12.91620064,12.72623062,13.03783798,10,54.685,44.5268289554106,75.1121951219512,16899.448680529,9.73503627792513
"1596",14.4444444444444,2010,"SVN","Slovenia",12.35271358,12.13000107,12.51105213,10,52.658,45.473281770157,79.4219512195122,23329.8417691156,10.0574885827
"1597",0,2010,"SLB","Solomon Islands",7.0789175,7.42500019,7.86222982,9,20.048,48.2751738007185,68.669,1685.15499035363,7.42961282096205
"1598",44.5,2010,"ZAF","South Africa",14.11525917,14.67442226,14.46731377,9,62.218,46.029649815975,58.886,7973.47195771517,8.98387530524639
"1599",36.5714285714286,2010,"ESP","Spain",14.74672127,14.59655094,13.3467474,10,78.442,44.3012746850849,81.6268292682927,30658.7422282912,10.3306731283714
"1600",5.33333333333333,2010,"LKA","Sri Lanka",7.83482218,7.96512938,8.06339073,4,18.226,33.1146068152253,74.463,2808.36779237408,7.94035873675875
"1601",25.5605381165919,2010,"SDN","Sudan",9.48801804,7.03567696,9.06086254,1,33.089,28.6928761469171,62.979,1305.63598632813,7.17444554688769
"1602",9.80392156862745,2010,"SUR","Suriname",9.46824646,8.51203823,6.59049845,6,66.344,38.0992634336843,69.626,7943.60482816915,8.980122459796
"1603",44.9856733524355,2010,"SWE","Sweden",13.60485172,17.67425919,17.72868156,10,85.056,47.1475032574387,81.4512195121951,52542.8274141037,10.8693838762968
"1604",29,2010,"CHE","Switzerland",10.32833004,10.57389641,10.93145657,10,73.607,45.8072442486759,82.2463414634147,76531.3728182297,11.2454560379448
"1605",12.4,2010,"SYR","Syrian Arab Republic",5.12483168,3.73561525,4.47145319,0,55.6,15.191318426322,73.542,2730.61477118949,7.91228205373924
"1606",19.047619047619,2010,"TJK","Tajikistan",4.56338024,5.37597609,6.50301933,1,26.52,37.0231805583544,68.37,737.338883219356,6.60304760091598
"1607",13.3192389006343,2010,"THA","Thailand",11.56414127,12.84227848,12.64099789,5,43.856,45.4705491707916,75.012,4973.86288823778,8.51195205828936
"1608",29.2307692307692,2010,"TLS","Timor-Leste",2.71049976,2.67680979,3.20640516,7,27.732,45.0522669981216,63.66,813.060177250597,6.70080512556698
"1609",11.1111111111111,2010,"TGO","Togo",7.44585991,5.66925287,6.10906744,1,37.533,47.9038708958696,57.227,704.987164181378,6.5581795958116
"1610",28.5714285714286,2010,"TTO","Trinidad and Tobago",8.04406071,8.00888062,7.65985489,10,54.025,41.6624137858995,71.809,16815.424737361,9.73005188328806
"1611",27.5700934579439,2010,"TUN","Tunisia",13.03182125,12.38613319,12.63853073,1,66.657,26.4321886916174,74.438,4291.86120891575,8.36447576606924
"1612",9.10746812386157,2010,"TUR","Turkiye",10.90076447,11.10035706,10.30692196,8,70.825,28.2350452827293,74.964,10622.7020439723,9.27074869218674
"1613",16.8,2010,"TKM","Turkmenistan",8.7116909,8.70032692,8.70549202,0,48.491,52.2996820296272,68.608,4058.53937000739,8.30857842678431
"1614",31.2883435582822,2010,"UGA","Uganda",7.11343718,6.89700985,7.05044317,1,19.383,49.4788005914858,59.959,823.488144282,6.71354915277089
"1615",8,2010,"UKR","Ukraine",7.50049877,7.49281168,7.64040852,6,68.596,50.0349609291125,70.188,3039.63232421875,8.01949184110504
"1616",22.5,2010,"ARE","United Arab Emirates",8.52679062,8.52676678,8.52671432,0,84.087,16.8351040265115,81.886,43696.6712590463,10.6850272056205
"1617",22,2010,"GBR","United Kingdom",17.01038551,17.56054688,17.61323357,10,81.302,46.4107696309139,80.4024390243902,39598.957119545,10.5865580615308
"1618",16.7816091954023,2010,"USA","United States",18.43406677,18.92724609,19.64052773,10,80.772,45.5454244196848,78.5414634146342,48642.6312088213,10.792255610753
"1619",15.1515151515152,2010,"URY","Uruguay",17.25056648,18.4862957,18.63942528,10,94.414,44.7176176726236,76.691,12641.0576849008,9.44470534180298
"1620",22,2010,"UZB","Uzbekistan",8.03938007,8.83177662,9.76258659,0,50.956,36.8223799020562,69.836,1753.20730243278,7.46920213373834
"1621",25.7606490872211,2010,"VNM","Viet Nam",8.6057291,9.1072073,9.5150404,0,30.417,49.1487376515222,73.611,1683.16182443979,7.4284293419391
"1622",0.332225913621262,2010,"YEM","Yemen, Rep.",3.84780169,3.65991807,3.42734075,1,31.776,12.5013892487559,67.223,1155.20305261418,7.05203141063349
"1623",14.0127388535032,2010,"ZMB","Zambia",8.63391781,8.0581131,7.05769587,7,39.355,44.6803609414424,56.896,1451.10616017155,7.28008141366173
"1624",14.9532710280374,2010,"ZWE","Zimbabwe",15.22310734,9.12156105,9.79644012,3,33.196,50.3383255178505,51.925,901.55051752819,6.8041160782649
"1625",27.710843373494,2011,"AFG","Afghanistan",2.18811917,1.37000275,1.77506959,-66,23.948,17.0434262738665,61.25,606.694676337726,6.4080256601244
"1626",15.7142857142857,2011,"ALB","Albania",8.29091167,8.69734573,8.83006287,9,53.247,44.7612864054754,78.303,4465.70914328865,8.40418330338464
"1627",7.96915167095116,2011,"DZA","Algeria",9.03425121,10.06144714,11.70106602,3,68.236,16.4348045898723,74.383,5916.31364364343,8.68546883859229
"1628",38.1818181818182,2011,"AGO","Angola",4.58056879,4.20151329,4.57540083,2,60.528,49.6928851831463,58.093,4615.91059831778,8.43726444021827
"1629",37.3540856031128,2011,"ARG","Argentina",16.27754211,16.66110992,16.54238701,8,90.99,40.4758223030244,76.1,12704.2831819684,9.44969447401055
"1630",8.3969465648855,2011,"ARM","Armenia",6.70101976,7.04075432,5.78087997,5,63.34,50.2150556231092,73.8170731707317,3349.55309771906,8.1165822122541
"1631",24.6666666666667,2011,"AUS","Australia",16.32673645,16.19138336,15.4061203,10,85.3,45.5026695981224,81.8951219512195,62605.600458306,11.0446100172767
"1632",27.8688524590164,2011,"AUT","Austria",14.31893921,14.51292896,14.37263107,10,57.115,46.5636724260198,80.9829268292683,51116.8953522042,10.8418703546603
"1633",16,2011,"AZE","Azerbaijan",2.81601381,3.04532456,2.82228613,0,53.637,51.7387566537209,70.565,7189.81869211976,8.88042123372396
"1634",10,2011,"BHR","Bahrain",8.0526104,8.29804993,8.45688343,0,88.695,20.8355970237392,79.141,25032.7867743333,10.1279417155968
"1635",19.7142857142857,2011,"BGD","Bangladesh",4.18159103,4.01620436,3.61745524,6,31.225,30.695132191597,68.499,837.336944695647,6.73022655184338
"1636",31.8181818181818,2011,"BLR","Belarus",7.66490793,8.85453033,8.74394131,0,75.188,49.6896246748727,70.5536585365854,6527.6593428786,8.783803711287
"1637",38,2011,"BEL","Belgium",14.26799011,14.2156353,14.31455326,8,97.698,45.3366249933716,80.5853658536585,47760.8298776546,10.7739611239133
"1638",8.43373493975904,2011,"BEN","Benin",4.4236145,5.24633551,5.1338048,7,43.608,49.2854119533364,58.462,1059.41358852588,6.96547081565256
"1639",8.51063829787234,2011,"BTN","Bhutan",6.14636755,6.45828485,7.09804106,3,35.585,42.0657094927096,69.28,2787.97967608562,7.93307248207107
"1640",25.3846153846154,2011,"BOL","Bolivia",8.54341412,8.31437492,8.48752594,7,66.874,41.9300523725704,66.282,2315.52121930607,7.74739008990649
"1641",21.4285714285714,2011,"BIH","Bosnia and Herzegovina",13.38013935,13.88334846,14.79470253,-66,45.878,41.6972204116299,76.963,4982.69375768263,8.51372593897412
"1642",7.93650793650794,2011,"BWA","Botswana",9.63225174,10.68447876,11.93448162,8,63.865,45.7371535324693,59.715,7287.38295334919,8.89389976923977
"1643",8.57699805068226,2011,"BRA","Brazil",8.23860741,8.00187492,8.34620094,8,84.631,42.085094445273,74.047,13396.6243562986,9.50275804049435
"1644",20.8333333333333,2011,"BGR","Bulgaria",11.41062927,11.17939663,10.69857979,9,72.638,46.5115053506191,74.1634146341463,7849.58061302818,8.96821538425733
"1645",15.3153153153153,2011,"BFA","Burkina Faso",6.58739376,4.69605875,6.38293219,2,25.196,43.938626984086,57.001,725.024767725475,6.58620581665112
"1646",30.4761904761905,2011,"BDI","Burundi",8.22791386,7.11028194,4.43170166,7,10.915,51.687168615649,57.804,230.070577369084,5.43838611997832
"1647",20.8333333333333,2011,"CPV","Cabo Verde",8.60780239,8.86496925,9.02955627,10,62.322,43.3963262674762,72.913,4002.01386888785,8.29455298062689
"1648",20.3252032520325,2011,"KHM","Cambodia",6.21460676,6.48858452,6.64391565,3,20.663,50.1843089687886,67.869,1088.98152823081,6.99299816065027
"1649",13.8888888888889,2011,"CMR","Cameroon",3.21048117,3.73180342,2.50095606,1,52.164,46.7068076568228,57.482,1513.96056994878,7.32248439003129
"1650",24.7557003257329,2011,"CAN","Canada",17.59642792,18.18252754,18.53983879,10,81.096,47.0131623248758,81.4826829268293,52223.8588398531,10.8632947353455
"1651",12.5,2011,"CAF","Central African Republic",2.93374562,4.22331953,7.33578825,1,39.135,46.9836342752022,50.107,534.057281471636,6.2805031018808
"1652",12.7659574468085,2011,"TCD","Chad",3.68802667,3.96469712,5.03679276,1,22.054,42.2372073906178,50.426,1308.1421872538,7.17636323196062
"1653",14.1666666666667,2011,"CHL","Chile",14.01050568,14.57309246,15.41127777,10,87.132,40.135654470323,79.236,14487.3927832032,9.58103408697891
"1654",21.3230355943586,2011,"CHN","China",8.60284996,9.03729343,9.41684246,0,50.511,44.4145571875523,75.889,5703.76027973346,8.64888093451629
"1655",12.1212121212121,2011,"COL","Colombia",16.48455429,16.19955254,16.34110641,7,78.335,41.5731033896751,75.18,7400.9940695669,8.90936960389555
"1656",3.03030303030303,2011,"COM","Comoros",7.23844337,5.35224819,4.449965,9,28.04,38.2151790243305,63.105,1531.43969320468,7.33396354789691
"1657",7.2992700729927,2011,"COG","Congo, Rep.",2.33683133,2.67131019,2.20951629,0,63.712,49.6479530359533,62.286,3396.16505817952,8.13040214995433
"1658",38.5964912280702,2011,"CRI","Costa Rica",33.18463135,31.73282051,29.45259285,10,72.868,39.0936515023668,79.624,9276.39107510528,9.13522785737301
"1659",11.0236220472441,2011,"CIV","Cote d'Ivoire",4.39369249,4.62200308,4.58988285,5,47.751,44.9950891850402,55.972,1596.62826565998,7.37564935071275
"1660",23.841059602649,2011,"HRV","Croatia",12.95500469,13.44300842,11.39267445,9,55.322,45.0532219321593,76.7756097560976,14694.9993201417,9.59526253258841
"1661",45.221843003413,2011,"CUB","Cuba",15.09354115,11.49459648,14.14057541,0,76.689,38.9859365808478,78.051,6104.46105236166,8.71677510293648
"1662",10.7142857142857,2011,"CYP","Cyprus",7.24581718,7.13066578,7.36570358,10,67.406,44.6943113708664,80.855,32485.796875,10.3885582535663
"1663",22,2011,"CZE","Czechia",14.7419138,14.38220024,14.84314823,9,73.185,43.5513024559219,77.8731707317073,22049.1080788682,10.0010274301189
"1664",39.1061452513966,2011,"DNK","Denmark",15.4799757,15.31711006,15.62900543,10,86.957,47.1982752660935,79.8,61809.737898222,11.0318162022014
"1665",13.8461538461538,2011,"DJI","Djibouti",8.47449207,7.13329363,6.73504782,3,77.064,26.5983010788841,61.337,1306.34552844977,7.17498884486669
"1666",20.7650273224044,2011,"DOM","Dominican Republic",17.06970024,13.96876812,15.03563976,8,74.827,37.9393419030758,72.496,5826.51014109195,8.67017349652359
"1667",32.258064516129,2011,"ECU","Ecuador",7.96525431,8.16057014,8.25374889,5,62.851,38.4969116203714,75.179,5153.6916424375,8.5474685606366
"1668",1.96850393700787,2011,"EGY","Egypt, Arab Rep.",4.82708216,4.38540936,4.1566329,0,43,23.0048465211576,69.232,2590.64384891965,7.8596617141166
"1669",19.047619047619,2011,"SLV","El Salvador",18.98602867,16.2677002,16.71699905,8,66.325,41.3192185154489,71.192,3330.60049486653,8.11090789550595
"1670",10,2011,"GNQ","Equatorial Guinea",1.47296762,1.48931491,1.45938587,0,67.488,41.1935975743342,58.827,17198.2136668275,9.75256080082828
"1671",22,2011,"ERI","Eritrea",2.37287188,2.37287188,2.37287188,0,35.771,47.7457138353949,64.231,688.68165957684,6.53477913169923
"1672",19.8019801980198,2011,"EST","Estonia",12.03691864,11.67207146,12.16880417,9,67.965,49.261890392432,76.2292682926829,17555.5455239426,9.77312516325173
"1673",13.6363636363636,2011,"SWZ","Eswatini",14.27736378,12.65477371,11.66008472,0,22.7,47.4740974322672,49.057,4312.34243414155,8.36923652366147
"1674",27.7879341864717,2011,"ETH","Ethiopia",2.09114432,6.40685463,6.19330263,1,17.735,46.0067776900355,60.595,343.024942351887,5.83780316274917
"1675",42.5,2011,"FIN","Finland",13.60760593,13.79833984,13.7117548,10,84.313,47.7990827886346,80.4707317073171,51060.3242589767,10.8407630413232
"1676",18.8908145580589,2011,"FRA","France",13.94986153,13.90549946,13.98373413,10,78.622,47.5241441976669,82.1146341463415,43929.7840873812,10.6903478220336
"1677",14.1666666666667,2011,"GAB","Gabon",7.18316364,6.19158506,5.25754023,4,86.092,40.150168917389,65.102,10219.1139339454,9.23201516077653
"1678",7.54716981132075,2011,"GMB","Gambia, The",6.30897522,6.30897522,6.30897522,0,56.384,47.5726401818168,61.561,710.608411468152,6.5661215206519
"1679",6.56934306569343,2011,"GEO","Georgia",5.04166079,5.50601006,6.85161304,7,55.919,46.5925948620839,72.485,4119.66818307193,8.32352790101087
"1680",32.9032258064516,2011,"DEU","Germany",17.96772194,18.22804832,18.70073318,10,77.16,46.3331907686789,80.4365853658537,47646.582043143,10.7715661760404
"1681",8.26086956521739,2011,"GHA","Ghana",12.07416821,8.9727478,8.61669731,8,51.394,47.8975863642221,61.617,1507.43573198753,7.31816529551182
"1682",18.6666666666667,2011,"GRC","Greece",10.95836353,10.00774956,8.25187302,10,76.649,42.5669355497782,80.7317073170732,25504.7866510124,10.1466214253353
"1683",13.2911392405063,2011,"GTM","Guatemala",13.75957489,14.31886292,15.82706833,8,48.701,33.2766637874061,70.321,3168.98370607705,8.06116621801694
"1684",10,2011,"GNB","Guinea-Bissau",2.52350521,3.88817143,4.44277668,7,40.508,45.9627959103692,57.663,719.539573498937,6.57861152620328
"1685",31.3432835820896,2011,"GUY","Guyana",8.62060642,8.22607517,8.81889057,6,26.4,35.7254284702674,66.469,4947.22170589917,8.50658142645538
"1686",4.21052631578947,2011,"HTI","Haiti",2.98430157,2.78391457,2.99849725,-77,48.492,47.0438290590445,61.581,1312.03953552013,7.17933810283061
"1687",19.53125,2011,"HND","Honduras",15.02672482,12.83597755,11.81287098,7,52.543,33.217181053098,70.116,2073.66121088074,7.63707102485843
"1688",8.80829015544041,2011,"HUN","Hungary",10.09751129,9.78315544,9.5679369,10,69.358,47.6096529216177,74.8585365853659,14211.460557822,9.56180399961094
"1689",11.0091743119266,2011,"IND","India",3.38130069,3.43849397,3.23883247,9,31.276,24.7641376803459,67.623,1445.46127486037,7.27618377096289
"1690",18.2142857142857,2011,"IDN","Indonesia",3.96251845,4.07335424,4.28101349,8,50.595,38.2643652741731,68.629,3579.46442466152,8.18296846615339
"1691",2.75862068965517,2011,"IRN","Iran, Islamic Rep.",12.03891277,15.95811844,16.04602051,0,71.2,16.4419887221238,74.721,8025.68743364356,8.9904026058427
"1692",25.2307692307692,2011,"IRQ","Iraq",4.79862404,2.3523643,2.37589312,4,69.268,14.8649288391166,68.435,5775.54229080293,8.66138743415071
"1693",15.0602409638554,2011,"IRL","Ireland",16.17975807,17.92598724,17.91931343,10,61.742,45.0887109211088,80.7463414634146,52692.7813135606,10.872233748175
"1694",20,2011,"ISR","Israel",10.64506721,10.79832745,10.90837765,7,91.892,46.3972783822504,81.6560975609756,34522.5215979073,10.4493671899776
"1695",21.5873015873016,2011,"ITA","Italy",13.74120235,13.17385483,13.04798126,10,68.444,41.3915710485199,82.1878048780488,38432.3742820019,10.5566554636437
"1696",12.6984126984127,2011,"JAM","Jamaica",9.52876663,9.15779209,10.76929092,9,53.93,44.0305305325496,72.245,5232.63644918132,8.56267053122455
"1697",10.8333333333333,2011,"JPN","Japan",21.69265366,22.22449875,22.21854019,10,91.069,41.7767904751961,82.5912195121951,48760.0789494211,10.7946672027371
"1698",10.8333333333333,2011,"JOR","Jordan",15.41755867,13.67097759,13.12652111,2,87.172,17.7260984659218,73.929,3946.85503855524,8.28067434799454
"1699",17.7570093457944,2011,"KAZ","Kazakhstan",8.67686558,9.44636345,9.324193,0,56.9,49.8912167890221,69.108,11287.1464926039,9.3314198787501
"1700",9.82142857142857,2011,"KEN","Kenya",7.98109102,7.35927916,7.14972067,8,23.969,48.5732969603647,61.283,1096.14499807675,6.9995547562727
"1701",14.7157190635452,2011,"KOR","Korea, Rep.",11.05073261,10.98242855,11.52522469,8,81.923,40.9543830370949,80.5682926829269,25097.595426845,10.1305273208035
"1702",7.69230769230769,2011,"KWT","Kuwait",4.98376083,5.11891651,5.44841051,0,100,28.6642399668249,78.052243902439,49169.6063983139,10.8030309554586
"1703",23.3333333333333,2011,"KGZ","Kyrgyz Republic",9.88331318,10.40071106,10.34640503,7,35.352,43.9449170003714,69.6024390243903,1117.40174350185,7.01876139734408
"1704",25,2011,"LAO","Lao PDR",1.81748676,1.7665906,2.94007111,0,30.66,46.7287031803373,64.505,1361.54704394913,7.21637686454598
"1705",23,2011,"LVA","Latvia",8.59303761,8.41285229,8.42394924,8,67.869,49.936367991406,73.5756097560976,12902.574053337,9.46518210946287
"1706",3.125,2011,"LBN","Lebanon",12.40328121,10.07938385,10.79288769,6,87.484,26.253719724454,77.768,7834.96257108993,8.96635137763639
"1707",24.1666666666667,2011,"LSO","Lesotho",8.19887447,9.67431164,10.48774624,8,25.31,46.3352891494026,46.93,1280.73390931581,7.15518855925478
"1708",9.58904109589041,2011,"LBR","Liberia",5.04660225,5.04660225,1.24849629,7,48.193,47.4791092477183,59.486,568.087865520004,6.34227609957436
"1709",19.1489361702128,2011,"LTU","Lithuania",10.72846985,11.55478382,11.29926682,10,66.741,50.3392978972041,73.5634146341464,14261.8433787325,9.56534295480957
"1710",25,2011,"LUX","Luxembourg",11.96399975,10.58925629,10.64737415,10,88.906,43.9468986601555,80.9878048780488,119025.057203467,11.687089314663
"1711",12.5,2011,"MDG","Madagascar",13.9367857,12.93699551,10.26806545,4,32.58,48.6252585867911,62.86,506.163691559309,6.22686011807762
"1712",22.279792746114,2011,"MWI","Malawi",6.77999687,5.09623861,7.15567255,6,15.672,49.0999049055685,58.859,763.061000394572,6.63733797618127
"1713",10.4072398190045,2011,"MYS","Malaysia",6.51518965,6.54217672,6.81631851,6,71.609,35.0518708454621,75.488,10217.1068585031,9.23181873742907
"1714",10.2040816326531,2011,"MLI","Mali",2.94121766,2.66254425,4.12891102,7,36.799,42.4545640889962,56.367,941.574944706639,6.84755394631701
"1715",22.1052631578947,2011,"MRT","Mauritania",4.40092897,4.16698551,5.38500309,0,47.493,32.6408812011811,65.754,1931.19975525465,7.565896723611
"1716",18.8405797101449,2011,"MUS","Mauritius",7.36220407,8.31904316,8.00718403,10,41.444,36.4724301075269,73.2668292682927,9197.04299089459,9.12663729733937
"1717",26.2,2011,"MEX","Mexico",10.5141964,10.65864182,11.24126339,8,78.111,37.2604396494448,73.921,10664.4944046282,9.27467522280826
"1718",19.8019801980198,2011,"MDA","Moldova",13.03699017,13.17397022,12.49917507,9,42.589,54.2337822374791,70.173,2941.36224066021,7.98662810018391
"1719",3.94736842105263,2011,"MNG","Mongolia",5.62042999,6.50338697,7.10638714,10,67.963,45.8323051785655,69.109268292683,3736.04201455077,8.22578204515027
"1720",12.3456790123457,2011,"MNE","Montenegro",10.73071766,11.60591507,10.68526936,9,64.472,45.2538522119552,76.0829268292683,7325.64689244715,8.89913674294798
"1721",16.9620253164557,2011,"MAR","Morocco",5.79278231,5.69545412,6.00545788,1,58.581,25.5692108830763,71.263,3301.98876953125,8.10228022336322
"1722",39.2,2011,"MOZ","Mozambique",4.34422016,4.3945961,4.72615862,5,32.336,53.6291562073854,55.733,618.17649286789,6.42677400385031
"1723",3.54430379746835,2011,"MMR","Myanmar",1.64683104,2.31626892,2.70770669,0,29.075,39.9673158548379,63.859,1213.62898703376,7.10137031291203
"1724",24.3589743589744,2011,"NAM","Namibia",10.63667202,11.04577351,10.91460514,6,42.637,48.2075451085832,56.647,5834.7917675794,8.67159385729371
"1725",33.1649831649832,2011,"NPL","Nepal",4.8736372,4.69186115,4.88382769,6,17.108,32.329739970453,67.123,785.518656222132,6.66634420817382
"1726",40.6666666666667,2011,"NLD","Netherlands",14.84096527,15.34410477,15.59178734,10,87.879,46.4561255379693,81.2048780487805,54701.7728030611,10.9096513974473
"1727",32.2314049586777,2011,"NZL","New Zealand",17.8483448,19.1836071,19.19954872,10,86.1,47.1398780668237,81.1560975609756,38431.7766788499,10.5566399140502
"1728",40.2173913043478,2011,"NIC","Nicaragua",15.00097656,15.56665039,15.98526001,9,57.113,36.6179173659394,72.033,1679.71192084633,7.42637758200696
"1729",13.2743362831858,2011,"NER","Niger",8.29973888,6.24912119,6.55533648,7,16.216,42.5870755874025,57.6,510.75956176268,6.23589895454585
"1730",6.81818181818182,2011,"NGA","Nigeria",2.77141333,3.66798377,3.45903826,4,44.366,47.2693415413127,51.49,2418.41316975875,7.79086688909992
"1731",30.8943089430894,2011,"MKD","North Macedonia",12.73551083,12.43339729,13.9270525,9,57.092,40.4671280883741,75.1,5416.86672931659,8.59727283305077
"1732",39.6449704142012,2011,"NOR","Norway",16.79300117,17.17745781,17.09642601,10,79.455,47.918640331557,81.2951219512195,101221.813476644,11.5250695607965
"1733",1.19047619047619,2011,"OMN","Oman",5.30402422,4.8770771,5.58196163,0,76.183,15.5292971315506,77.74,25188.0074151885,10.1341232640023
"1734",22.5146198830409,2011,"PAK","Pakistan",2.54317451,3.17061043,3.24930596,6,35.202,21.40594698638,64.659,1131.73513834324,7.03150725465771
"1735",8.45070422535211,2011,"PAN","Panama",18.09329414,17.16231537,17.5814743,9,65.437,36.844361515076,76.659,9662.29592216607,9.17598657206886
"1736",0.917431192660551,2011,"PNG","Papua New Guinea",7.60423183,8.12861252,7.1877017,4,13,47.6138960460538,63.382,2288.37591141234,7.73559763595037
"1737",12.5,2011,"PRY","Paraguay",15.83436584,16.47047997,15.29556465,9,59.584,40.0486751305367,72.787,5805.40154543044,8.66654406407913
"1738",21.5384615384615,2011,"PER","Peru",11.69203568,12.24156475,12.31632423,9,76.617,45.4898259509378,73.327,5861.35793645245,8.6761365854959
"1739",22.887323943662,2011,"PHL","Philippines",6.16743231,6.20142746,6.46710253,8,45.522,39.8846891975409,69.096,2383.91892522087,7.77650101972981
"1740",23.695652173913,2011,"POL","Poland",10.0532856,10.07312584,10.49234486,10,60.78,44.8952044269412,76.6951219512195,13867.6669408192,9.53731529013486
"1741",28.695652173913,2011,"PRT","Portugal",12.54797745,12.10071278,11.73484898,10,61.167,47.7192168924289,80.4707317073171,23246.5425416481,10.0539116920713
"1742",0,2011,"QAT","Qatar",4.12907839,4.46552658,6.17656279,0,98.602,12.9016473117352,79.994,103261.506539346,11.5450199480943
"1743",11.2121212121212,2011,"ROU","Romania",8.80635357,9.58470821,11.46755409,9,53.96,43.9611061960552,74.409756097561,9560.6755277458,9.16541366544711
"1744",13.5555555555556,2011,"RUS","Russian Federation",9.03166866,9.24172211,9.14695454,5,73.732,48.9155411709252,69.6839024390244,14305.33203125,9.56838761606769
"1745",56.25,2011,"RWA","Rwanda",8.90067959,8.36301804,8.30411816,0,16.938,47.044220708187,63.476,651.133677964662,6.47871496362432
"1746",0,2011,"SAU","Saudi Arabia",7.57989597,8.25906754,8.74786663,0,82.302,12.4577136035665,75.808,27126.7498747702,10.2082756002742
"1747",22.6666666666667,2011,"SEN","Senegal",5.62811661,5.30755901,5.299932,7,44.188,36.3192624779774,64.799,1374.67591873844,7.22597328685718
"1748",22,2011,"SRB","Serbia",13.37896156,12.83907032,13.17477703,9,55.215,44.2336047681538,74.5365853658537,7082.2861666075,8.86535203945327
"1749",12.9032258064516,2011,"SLE","Sierra Leone",5.35433006,4.75321102,5.15012884,8,39.248,50.4337710341607,52.594,761.146365577281,6.6348256725839
"1750",22.2222222222222,2011,"SGP","Singapore",11.97459507,13.21419811,13.96146393,2,100,41.0878875816525,81.7439024390244,53891.4570264372,10.8947272476086
"1751",16,2011,"SVK","Slovak Republic",12.72623062,13.03783798,12.93723488,10,54.42,44.1770390802371,75.9585365853659,18469.4354316836,9.82387250595208
"1752",32.2222222222222,2011,"SVN","Slovenia",12.13000107,12.51105213,10.19582081,10,52.883,45.7644391897834,79.9707317073171,24940.6284841605,10.1242534187626
"1753",0,2011,"SLB","Solomon Islands",7.42500019,7.86222982,7.63713312,9,20.508,48.2026570363602,68.824,1924.05277323978,7.56218905976829
"1754",42.25,2011,"ZAF","South Africa",14.67442226,14.46731377,14.33791637,9,62.746,46.8711717566607,60.602,8646.05571071635,9.06485850873172
"1755",36,2011,"ESP","Spain",14.59655094,13.3467474,13.87859726,10,78.673,44.8425808730637,82.4756097560976,31824.6219134777,10.3679955431815
"1756",5.77777777777778,2011,"LKA","Sri Lanka",7.96512938,8.06339073,10.10018063,4,18.211,33.4496480120762,74.74,3224.95736331928,8.07867500846629
"1757",24.5762711864407,2011,"SDN","Sudan",7.03567696,9.06086254,7.5176096,1,33.207,29.6459366268666,63.181,1332.6572265625,7.19493014274721
"1758",11.7647058823529,2011,"SUR","Suriname",8.51203823,6.59049845,7.03142166,6,66.276,38.4450815525092,69.82,7949.88867218383,8.98091320405144
"1759",44.6991404011461,2011,"SWE","Sweden",17.67425919,17.72868156,17.73602486,10,85.297,47.294695509605,81.8024390243903,60379.7748160321,11.0084094738076
"1760",28.5,2011,"CHE","Switzerland",10.57389641,10.93145657,10.62408447,10,73.631,45.8483419570709,82.6951219512195,90476.7589651577,11.4128482896926
"1761",12.4,2011,"SYR","Syrian Arab Republic",3.73561525,4.47145319,5.93319607,0,54.58,17.198002980687,72.259,2952.14349372257,7.9902867935236
"1762",19.047619047619,2011,"TJK","Tajikistan",5.37597609,6.50301933,6.86730862,1,26.521,37.6621462123957,68.698,833.601978202852,6.72575604408032
"1763",36,2011,"TZA","Tanzania",6.76211929,6.00571394,6.30686235,2,28.798,49.8639832102461,61.618,775.392761230469,6.65336968966381
"1764",15.8,2011,"THA","Thailand",12.84227848,12.64099789,12.16349411,7,44.698,46.0053145562825,75.302,5373.6232832898,8.58925768684668
"1765",32.3076923076923,2011,"TLS","Timor-Leste",2.67680979,3.20640516,4.62444115,7,28.079,45.1289180244457,64.022,939.045241112693,6.84486365814635
"1766",11.1111111111111,2011,"TGO","Togo",5.66925287,6.10906744,4.68965626,1,38.032,47.8534500509675,57.612,783.989380490906,6.66439547496646
"1767",28.5714285714286,2011,"TTO","Trinidad and Tobago",8.00888062,7.65985489,7.89306974,10,53.836,41.472819330078,72.232,19151.0870229722,9.86011475659948
"1768",26.7281105990783,2011,"TUN","Tunisia",12.38613319,12.63853073,12.49827194,-88,66.938,26.3261676815408,74.471,4420.64772206537,8.394041507789
"1769",14.1818181818182,2011,"TUR","Turkiye",11.10035706,10.30692196,10.16432953,9,71.402,28.8312848014521,74.823,11300.7852215681,9.33262749092055
"1770",16.8,2011,"TKM","Turkmenistan",8.70032692,8.70549202,8.70965767,0,48.825,52.4243634003444,68.87,5143.61929334647,8.54551225333148
"1771",34.9740932642487,2011,"UGA","Uganda",6.89700985,7.05044317,7.32427549,1,19.898,49.8787088216634,60.791,835.620060555838,6.72817403676121
"1772",8,2011,"UKR","Ukraine",7.49281168,7.64040852,6.94465542,6,68.689,49.7421698941622,70.711,3656.69799804688,8.2043158328544
"1773",17.5,2011,"ARE","United Arab Emirates",8.52676678,8.52671432,8.52679825,0,84.423,17.6656671307893,81.898,50789.050540755,10.8354360697981
"1774",22.3076923076923,2011,"GBR","United Kingdom",17.56054688,17.61323357,18.13915825,10,81.57,46.4952128833771,80.9512195121951,42109.6418795749,10.6480320167165
"1775",16.8202764976959,2011,"USA","United States",18.92724609,19.64052773,20.36042213,10,80.944,45.4504366957524,78.6414634146341,50024.8812320773,10.8202757852777
"1776",12.1212121212121,2011,"URY","Uruguay",18.4862957,18.63942528,18.63327599,10,94.612,45.0699003891723,76.614,15132.2675725587,9.6245846681606
"1777",22,2011,"UZB","Uzbekistan",8.83177662,9.76258659,9.51825428,0,51.15,36.6121428584639,70.143,2087.86386135694,7.64389674637734
"1778",24.4,2011,"VNM","Viet Nam",9.1072073,9.5150404,8.16121387,0,31.08,49.0530907564137,73.713,1950.92504174913,7.57605891945916
"1779",0.332225913621262,2011,"YEM","Yemen, Rep.",3.65991807,3.42734075,3.18082356,1,32.364,11.2169054644643,67.412,1186.47500580876,7.0787420101746
"1780",11.4649681528662,2011,"ZMB","Zambia",8.0581131,7.05769587,5.45231676,7,39.851,44.6883243488113,57.843,1624.86817763443,7.39318197001758
"1781",14.9532710280374,2011,"ZWE","Zimbabwe",9.12156105,9.79644012,9.64621449,3,33.015,50.263764885926,53.911,1037.24613741902,6.94432453533911
"1782",27.710843373494,2012,"AFG","Afghanistan",1.37000275,1.77506959,1.86067402,-66,24.16,17.3341342003836,61.735,651.417134470046,6.47915019656442
"1783",15.7142857142857,2012,"ALB","Albania",8.69734573,8.83006287,8.17427826,9,54.33,43.8492969996312,78.084,4222.3470988913,8.34814643698815
"1784",31.6017316017316,2012,"DZA","Algeria",10.06144714,11.70106602,11.41803741,3,68.915,16.7506235283397,74.609,6033.64884689543,8.70510722228401
"1785",34.0909090909091,2012,"AGO","Angola",4.20151329,4.57540083,3.61568022,2,61.268,49.6935864846165,58.916,5086.02740086376,8.53425233347517
"1786",37.3540856031128,2012,"ARG","Argentina",16.66110992,16.54238701,16.28527832,8,91.121,40.7365007792398,75.802,12949.717486654,9.46882925118733
"1787",10.6870229007634,2012,"ARM","Armenia",7.04075432,5.78087997,6.27526045,5,63.24,50.2480981586908,74.119512195122,3511.56399687426,8.16381680037228
"1788",24.6666666666667,2012,"AUS","Australia",16.19138336,15.4061203,17.64245605,10,85.402,45.6261911162689,82.0463414634146,68072.8732340801,11.1283340755421
"1789",27.8688524590164,2012,"AUT","Austria",14.51292896,14.37263107,14.34008408,10,57.147,46.7200859353453,80.9365853658537,48250.4059142637,10.7841595194626
"1790",16,2012,"AZE","Azerbaijan",3.04532456,2.82228613,3.10700679,0,53.883,51.2032131828047,71.08,7495.865276581,8.92210685104877
"1791",10,2012,"BHR","Bahrain",8.29804993,8.45688343,10.09125328,0,88.762,20.5884982551265,79.622,26438.6733230428,10.1825831158173
"1792",19.7142857142857,2012,"BGD","Bangladesh",4.01620436,3.61745524,3.59245324,6,31.993,30.3991525342479,68.989,859.680536375497,6.75656085090491
"1793",26.605504587156,2012,"BLR","Belarus",8.85453033,8.74394131,8.68483829,0,75.697,49.7118860969683,71.9658536585366,6953.215916831,8.84695955338229
"1794",38,2012,"BEL","Belgium",14.2156353,14.31455326,14.52102089,8,97.744,45.3434839727816,80.3853658536585,44874.1709182123,10.7116176502597
"1795",8.43373493975904,2012,"BEN","Benin",5.24633551,5.1338048,4.04459238,7,44.125,49.3633163599824,58.559,1071.5258366283,6.97683892720183
"1796",8.51063829787234,2012,"BTN","Bhutan",6.45828485,7.09804106,7.77876854,3,36.371,44.5518965480802,69.759,2751.2128864294,7.91979714303752
"1797",25.3846153846154,2012,"BOL","Bolivia",8.31437492,8.48752594,8.53603649,7,67.315,41.96722720824,66.586,2575.59857098084,7.85383724083426
"1798",21.4285714285714,2012,"BIH","Bosnia and Herzegovina",13.88334846,14.79470253,14.43189335,-66,46.199,41.6271012527945,77.037,4693.78899115381,8.4539954225147
"1799",7.93650793650794,2012,"BWA","Botswana",10.68447876,11.93448162,10.95858192,8,64.768,45.8436720913006,60.384,6595.53845015424,8.79414870702776
"1800",8.57699805068226,2012,"BRA","Brazil",8.00187492,8.34620094,8.37448597,8,84.923,41.8908934119707,74.335,12521.7213519966,9.4352201233821
"1801",22.9166666666667,2012,"BGR","Bulgaria",11.17939663,10.69857979,10.36410141,9,72.975,46.6934596989298,74.3146341463415,7431.9578950887,8.91354461512358
"1802",15.748031496063,2012,"BFA","Burkina Faso",4.69605875,6.38293219,7.77367115,2,25.767,44.262444964443,57.457,731.470138867833,6.59505639784681
"1803",30.4761904761905,2012,"BDI","Burundi",7.11028194,4.43170166,9.79248333,7,11.194,51.7793527720361,58.501,231.688496393569,5.44539378149439
"1804",20.8333333333333,2012,"CPV","Cabo Verde",8.86496925,9.02955627,9.98307133,10,62.821,43.4591622066987,73.315,3736.81517011087,8.22598896883254
"1805",20.3252032520325,2012,"KHM","Cambodia",6.48858452,6.64391565,5.70839739,3,21.037,49.4021950538502,68.371,1192.80263041673,7.08406096869351
"1806",13.8888888888889,2012,"CMR","Cameroon",3.73180342,2.50095606,2.9397316,1,52.769,46.753605969058,58.17,1449.09874362279,7.27869708604632
"1807",24.6753246753247,2012,"CAN","Canada",18.18252754,18.53983879,18.97963524,10,81.137,47.0744841260768,81.6636585365854,52670.3447335415,10.8718078576153
"1808",12.5,2012,"CAF","Central African Republic",4.22331953,7.33578825,3.94678593,1,39.388,46.8356574078162,51.336,544.395849142785,6.29967664610237
"1809",14.8936170212766,2012,"TCD","Chad",3.96469712,5.03679276,5.54861546,1,22.142,42.014498800337,50.765,1354.34344701937,7.21107207494079
"1810",14.1666666666667,2012,"CHL","Chile",14.57309246,15.41127777,15.69308376,10,87.189,40.3457599361802,79.221,15241.9069981119,9.6318039525221
"1811",21.3230355943586,2012,"CHN","China",9.03729343,9.41684246,9.66088581,0,51.765,44.4619314433437,76.2,6405.0574241349,8.76484317980741
"1812",12.1212121212121,2012,"COL","Colombia",16.19955254,16.34110641,16.18276405,7,78.701,42.033579553643,75.611,8108.59838244229,9.00068030633393
"1813",3.03030303030303,2012,"COM","Comoros",5.35224819,4.449965,3.81965494,9,28.123,37.87972512456,63.463,1490.31425650871,7.30674228710956
"1814",7.35294117647059,2012,"COG","Congo, Rep.",2.67131019,2.20951629,1.9499675,0,64.169,49.5041800094562,62.662,3732.32737320389,8.22478727869983
"1815",38.5964912280702,2012,"CRI","Costa Rica",31.73282051,29.45259285,29.58094978,10,73.946,40.7583882596548,79.925,10126.999102414,9.22296031469932
"1816",10.4417670682731,2012,"CIV","Cote d'Ivoire",4.62200308,4.58988285,5.11125422,5,48.172,45.4783712006638,56.57,1546.9460184731,7.34403795563529
"1817",23.841059602649,2012,"HRV","Croatia",13.44300842,11.39267445,11.39274597,9,55.506,45.3855341081387,77.1682926829268,13508.6836989693,9.51108799459899
"1818",45.221843003413,2012,"CUB","Cuba",11.49459648,14.14057541,18.02447128,0,76.781,39.2688797151172,78.162,6470.83673392653,8.77506070431501
"1819",10.7142857142857,2012,"CYP","Cyprus",7.13066578,7.36570358,5.98328972,10,67.261,44.3281883605007,81.128,28991.935546875,10.2747729857054
"1820",22,2012,"CZE","Czechia",14.38220024,14.84314823,14.96242809,9,73.197,43.7520817829007,78.0756097560976,20014.0354015165,9.90418907648647
"1821",39.1061452513966,2012,"DNK","Denmark",15.31711006,15.62900543,15.76567173,10,87.142,47.3959401342538,80.0512195121951,58443.7747103968,10.9758204549902
"1822",13.8461538461538,2012,"DJI","Djibouti",7.13329363,6.73504782,6.07299089,3,77.138,26.8514126973372,61.719,1400.19357858954,7.24436577646597
"1823",20.7650273224044,2012,"DOM","Dominican Republic",13.96876812,15.03563976,14.47596073,8,75.802,38.4557889318776,72.817,6013.81965002603,8.70181537474265
"1824",32.258064516129,2012,"ECU","Ecuador",8.16057014,8.25374889,9.03727245,5,62.988,38.9002370308939,75.486,5634.08393191094,8.63658984571814
"1825",1.96850393700787,2012,"EGY","Egypt, Arab Rep.",4.38540936,4.1566329,4.16148472,-88,42.946,23.1124426506186,69.464,2996.0677072015,8.00505594358119
"1826",26.1904761904762,2012,"SLV","El Salvador",16.2677002,16.71699905,16.9780407,8,67.187,41.6866537929609,71.42,3497.91256915509,8.15992166074219
"1827",10,2012,"GNQ","Equatorial Guinea",1.48931491,1.45938587,1.49042463,0,69,40.9197780494686,59.301,17308.5723924575,9.75895717177422
"1828",20.7920792079208,2012,"EST","Estonia",11.67207146,12.16880417,12.55367756,9,67.974,49.022305729597,76.3268292682927,17568.2137969714,9.77384651391709
"1829",13.6363636363636,2012,"SWZ","Eswatini",12.65477371,11.66008472,8.53680229,0,22.849,47.5145951492796,50.714,4347.99569336631,8.37747025775448
"1830",27.7879341864717,2012,"ETH","Ethiopia",6.40685463,6.19330263,4.08834219,1,18.16,46.0251304946169,61.443,452.101031885754,6.11390567672608
"1831",42.5,2012,"FIN","Finland",13.79833984,13.7117548,13.58576775,10,84.841,48.0583374263808,80.6268292682927,47551.6740841369,10.7695722741706
"1832",26.8630849220104,2012,"FRA","France",13.90549946,13.98373413,14.15071583,10,78.878,47.5365927297345,81.9682926829268,40863.5814412333,10.6179945160535
"1833",15.7894736842105,2012,"GAB","Gabon",6.19158506,5.25754023,6.38458252,4,86.634,40.0439954375102,65.438,9296.96587941088,9.13744337638468
"1834",7.54716981132075,2012,"GMB","Gambia, The",6.30897522,6.30897522,5.75401974,0,57.105,47.7000246240276,61.9,692.579361628102,6.54042283312426
"1835",12,2012,"GEO","Georgia",5.50601006,6.85161304,7.77956009,7,56.303,46.4839387503864,72.672,4530.69533409431,8.41863070208293
"1836",32.9032258064516,2012,"DEU","Germany",18.22804832,18.70073318,19.16842651,10,77.17,46.1102625156838,80.5390243902439,44735.5882319701,10.7085246211513
"1837",21,2012,"GRC","Greece",10.00774956,8.25187302,8.84689617,10,77.004,43.2303153108023,80.6341463414634,21624.346052551,9.98157509099837
"1838",13.2911392405063,2012,"GTM","Guatemala",14.31886292,15.82706833,16.46030045,8,49,35.1992044478597,70.722,3286.61959336267,8.09761483631972
"1839",14,2012,"GNB","Guinea-Bissau",3.88817143,4.44277668,2.59810638,2,40.908,45.9686957102766,58.27,635.46165330388,6.45435174782368
"1840",31.3432835820896,2012,"GUY","Guyana",8.22607517,8.81889057,9.41685009,6,26.4,36.4356594668957,66.443,5444.39751913913,8.60234238078577
"1841",4.21052631578947,2012,"HTI","Haiti",2.78391457,2.99849725,3.20148706,-77,49.477,47.0699975465086,62.273,1361.39396587374,7.21626442870914
"1842",19.53125,2012,"HND","Honduras",12.83597755,11.81287098,11.55319595,7,53.202,32.7872323819788,70.46,2126.03474686503,7.66201390254304
"1843",8.80829015544041,2012,"HUN","Hungary",9.78315544,9.5679369,9.39469337,10,69.678,47.6203436284563,75.0634146341463,12950.1594488143,9.46886337970164
"1844",11.0091743119266,2012,"IND","India",3.43849397,3.23883247,3.25070548,9,31.634,24.3085528948494,68.076,1429.32199520032,7.2649554815886
"1845",18.5714285714286,2012,"IDN","Indonesia",4.07335424,4.28101349,5.40550184,8,51.276,38.3402240532941,68.862,3632.27254030331,8.19761377553569
"1846",3.10344827586207,2012,"IRN","Iran, Islamic Rep.",15.95811844,16.04602051,22.59905243,0,71.755,17.5226126891494,75.039,8114.08099831877,9.00135622625524
"1847",25.2307692307692,2012,"IRQ","Iraq",2.3523643,2.37589312,2.36959839,4,69.432,14.7954080451903,68.827,6477.59618450955,8.77610476134332
"1848",15.0602409638554,2012,"IRL","Ireland",17.92598724,17.91931343,18.02405739,10,61.942,45.2128262265362,80.8463414634146,49411.7387476787,10.8079433014185
"1849",20,2012,"ISR","Israel",10.79832745,10.90837765,11.39859104,7,91.96,46.5253446432644,81.7048780487805,33321.4300881602,10.4139560151725
"1850",21.4285714285714,2012,"ITA","Italy",13.17385483,13.04798126,13.1522131,10,68.684,41.9743394164792,82.2390243902439,34854.3949441965,10.4589345185444
"1851",12.6984126984127,2012,"JAM","Jamaica",9.15779209,10.76929092,11.25196075,9,54.132,44.3954293904527,72.405,5340.83333232158,8.58313697452084
"1852",7.91666666666667,2012,"JPN","Japan",22.22449875,22.21854019,22.57162476,10,91.148,41.8975673625217,83.0960975609756,49145.2804308193,10.8025360971767
"1853",10.8333333333333,2012,"JOR","Jordan",13.67097759,13.12652111,13.06403065,2,88.185,17.5104814720052,74.087,4169.50470054618,8.33555253089088
"1854",24.2990654205607,2012,"KAZ","Kazakhstan",9.44636345,9.324193,10.03429031,0,56.973,49.9415083041273,69.939,12018.7966527993,9.39422709099772
"1855",9.82142857142857,2012,"KEN","Kenya",7.35927916,7.14972067,7.8450079,8,24.376,48.5491493186421,61.537,1285.00536171512,7.15851816986156
"1856",15.6666666666667,2012,"KOR","Korea, Rep.",10.98242855,11.52522469,11.73864269,8,81.851,41.0814980870757,80.819512195122,25459.1689000965,10.1448312282202
"1857",6.15384615384615,2012,"KWT","Kuwait",5.11891651,5.44841051,5.49223089,0,100,28.450009322917,78.3950243902439,52155.2225460479,10.8619796001137
"1858",23.3333333333333,2012,"KGZ","Kyrgyz Republic",10.40071106,10.34640503,7.13890553,7,35.423,43.1894067144409,70.0024390243902,1168.62244675446,7.0635809381803
"1859",25,2012,"LAO","Lao PDR",1.7665906,2.94007111,2.7363534,0,31.264,46.7306360553059,65.126,1563.5650771337,7.35472379875872
"1860",23,2012,"LVA","Latvia",8.41285229,8.42394924,8.36928844,8,67.897,50.0097148452454,73.7780487804878,13329.3499931271,9.49772364927767
"1861",3.125,2012,"LBN","Lebanon",10.07938385,10.79288769,12.38764,6,87.636,26.68741851185,77.941,8406.98405608118,9.03681807462834
"1862",26.6666666666667,2012,"LSO","Lesotho",9.67431164,10.48774624,11.59240246,9,25.704,46.1517105730614,48.235,1217.93071228944,7.10490856018988
"1863",10.958904109589,2012,"LBR","Liberia",5.04660225,1.24849629,2.46118927,7,48.583,47.5271067344752,59.785,638.368751462083,6.45891609672657
"1864",16.5,2012,"LBY","Libya",7.41257477,4.97124195,5.71347761,-77,78.512,33.6952682046015,72.188,14975.8902795144,9.61419687226922
"1865",24.4604316546763,2012,"LTU","Lithuania",11.55478382,11.29926682,11.86656666,10,66.864,50.5346667047164,73.8634146341464,14288.1853493139,9.56718827540853
"1866",21.6666666666667,2012,"LUX","Luxembourg",10.58925629,10.64737415,10.8537426,10,89.249,44.2846384660707,81.3926829268293,112584.676270958,11.6314608954707
"1867",17.4863387978142,2012,"MDG","Madagascar",12.93699551,10.26806545,13.92414951,4,33.227,48.5999729675146,63.007,493.511162904211,6.2015454784844
"1868",22.279792746114,2012,"MWI","Malawi",5.09623861,7.15567255,8.58090496,6,15.812,49.0526839466886,59.87,558.46208832772,6.32518673496569
"1869",10.4072398190045,2012,"MYS","Malaysia",6.54217672,6.81631851,7.82402515,6,72.275,35.7413494645998,75.552,10600.5744240026,9.26866346957552
"1870",10.2040816326531,2012,"MLI","Mali",2.66254425,4.12891102,4.45473289,-77,37.599,42.3565939605381,56.696,878.217175344858,6.77789391537757
"1871",22.1052631578947,2012,"MRT","Mauritania",4.16698551,5.38500309,5.24069929,0,48.4,32.8148444703531,65.808,1859.11733247641,7.52785710163957
"1872",18.8405797101449,2012,"MUS","Mauritius",8.31904316,8.00718403,10.52838707,10,41.332,36.6690045291132,73.8634146341464,9291.23627601053,9.13682689895089
"1873",36.8,2012,"MEX","Mexico",10.65864182,11.24126339,10.34577084,8,78.405,37.7433126109087,74.128,10744.1335229686,9.2821151658035
"1874",19.8019801980198,2012,"MDA","Moldova",13.17397022,12.49917507,12.75728226,9,42.558,54.6359100828164,70.344,3044.8084324815,8.0211932660078
"1875",14.8648648648649,2012,"MNG","Mongolia",6.50338697,7.10638714,7.48502493,10,68.03,45.9070175856509,69.500243902439,4328.89001905655,8.37306644149591
"1876",17.2839506172839,2012,"MNE","Montenegro",11.60591507,10.68526936,10.98364925,9,64.804,45.4642060856872,76.3,6577.74033229273,8.79144655079391
"1877",16.9620253164557,2012,"MAR","Morocco",5.69545412,6.00545788,6.83858538,1,59.142,25.1598439547864,71.674,3164.17724609375,8.05964834694358
"1878",39.2,2012,"MOZ","Mozambique",4.3945961,4.72615862,4.31728172,5,32.846,53.4270834162776,56.46,685.685748199513,6.5304194297656
"1879",6.03248259860789,2012,"MMR","Myanmar",2.31626892,2.70770669,4.46881723,0,29.266,39.8958355138117,64.251,1202.6658960055,7.09229595172055
"1880",24.3589743589744,2012,"NAM","Namibia",11.04577351,10.91460514,9.29264355,6,43.693,48.3909272948629,57.733,5942.64680978673,8.68990990398374
"1881",33.1649831649832,2012,"NPL","Nepal",4.69186115,4.88382769,5.26823664,6,17.458,33.2446237806759,67.364,788.202937148377,6.66975559115383
"1882",38.6666666666667,2012,"NLD","Netherlands",15.34410477,15.59178734,15.55338001,10,88.588,46.5907275457712,81.1048780487805,50473.9442002689,10.8292125256818
"1883",32.2314049586777,2012,"NZL","New Zealand",19.1836071,19.19954872,19.46041298,10,86.161,47.4358161835663,81.4073170731707,40053.6991536369,10.597976311618
"1884",40.2173913043478,2012,"NIC","Nicaragua",15.56665039,15.98526001,16.91161156,9,57.309,37.1130066764775,72.435,1784.69836017555,7.48700469403796
"1885",13.2743362831858,2012,"NER","Niger",6.24912119,6.55533648,5.40269423,7,16.212,42.2424744324812,57.987,528.510104469655,6.2700619242754
"1886",6.66666666666667,2012,"NGA","Nigeria",3.66798377,3.45903826,3.33638,4,45.246,47.2568022320843,51.688,2633.19734671361,7.87595410796509
"1887",32.520325203252,2012,"MKD","North Macedonia",12.43339729,13.9270525,12.67158699,9,57.125,40.2444415183778,74.9024390243903,5049.8265386157,8.5271091728905
"1888",39.6449704142012,2012,"NOR","Norway",17.17745781,17.09642601,17.23254013,10,79.874,47.6978127890581,81.4512195121951,102175.919298374,11.5344513056846
"1889",1.19047619047619,2012,"OMN","Oman",4.8770771,5.58196163,6.81304836,0,77.564,13.6307662219924,78.187,24642.2978768596,10.1122196712886
"1890",22.5146198830409,2012,"PAK","Pakistan",3.17061043,3.24930596,3.34264088,6,35.408,21.5435291022375,64.883,1204.36475491585,7.09370753257581
"1891",8.45070422535211,2012,"PAN","Panama",17.16231537,17.5814743,18.86981583,9,65.741,37.6929521193368,76.877,11064.8063606203,9.31152475216214
"1892",2.7027027027027,2012,"PNG","Papua New Guinea",8.12861252,7.1877017,7.47008181,5,12.982,47.5798501182223,63.639,2635.0873631547,7.87667161532327
"1893",12.5,2012,"PRY","Paraguay",16.47047997,15.29556465,17.92904282,9,59.907,41.9607840416113,73.105,5642.1699167298,8.63802400750863
"1894",21.5384615384615,2012,"PER","Peru",12.24156475,12.31632423,13.09590244,9,76.804,45.4622495971236,73.979,6519.37852981527,8.7825343328647
"1895",22.887323943662,2012,"PHL","Philippines",6.20142746,6.46710253,7.50540447,8,45.712,39.7726246077929,69.237,2614.61644401308,7.86887269041154
"1896",23.695652173913,2012,"POL","Poland",10.07312584,10.49234486,10.47513771,10,60.654,44.9154724467845,76.7463414634146,13087.420943321,9.4794068145356
"1897",28.695652173913,2012,"PRT","Portugal",12.10071278,11.73484898,11.14972019,10,61.763,48.1421007671765,80.3731707317073,20593.4274224109,9.93272724670359
"1898",0,2012,"QAT","Qatar",4.46552658,6.17656279,6.50387287,0,98.697,13.3907201475886,80.499,108470.378825036,11.5942324084688
"1899",13.3495145631068,2012,"ROU","Romania",9.58470821,11.46755409,11.19048691,9,53.974,43.7099388411484,74.4121951219512,8929.95366231474,9.09716648486657
"1900",13.5555555555556,2012,"RUS","Russian Federation",9.24172211,9.14695454,9.16428947,5,73.791,48.8414968795119,70.0721951219512,15401.8515625,9.64224301250568
"1901",56.25,2012,"RWA","Rwanda",8.36301804,8.30411816,7.98190641,0,16.943,47.0817065834772,64.189,706.8172686891,6.56077217236143
"1902",0,2012,"SAU","Saudi Arabia",8.25906754,8.74786663,9.27807522,0,82.52,12.3672291152002,76.09,28733.4375513452,10.2658167950541
"1903",42.6666666666667,2012,"SEN","Senegal",5.30755901,5.299932,4.67551136,7,44.603,36.7871244994489,65.229,1326.83798848379,7.19055393832098
"1904",33.2,2012,"SRB","Serbia",12.83907032,13.17477703,12.02126503,9,55.356,44.2306169959433,74.8365853658537,6263.04086072815,8.74242110665041
"1905",12.396694214876,2012,"SLE","Sierra Leone",4.75321102,5.15012884,7.57988453,8,39.642,50.3476311604137,53.159,937.504428180231,6.84322148122566
"1906",24.2424242424242,2012,"SGP","Singapore",13.21419811,13.96146393,13.65520763,2,100,41.1623016582692,81.9951219512195,55547.5553077786,10.9249947852385
"1907",18.6666666666667,2012,"SVK","Slovak Republic",13.03783798,12.93723488,12.62564278,10,54.28,44.3016888302636,76.109756097561,17516.9691054078,9.77092535325812
"1908",32.2222222222222,2012,"SVN","Slovenia",12.51105213,10.19582081,11.79327965,10,53.108,45.9948000616842,80.1243902439024,22442.1417859955,10.0186958000908
"1909",2,2012,"SLB","Solomon Islands",7.86222982,7.63713312,8.34682465,9,20.97,48.1437751423646,68.961,2066.25352289833,7.63349235410575
"1910",42.25,2012,"ZAF","South Africa",14.46731377,14.33791637,14.9161272,9,63.272,46.5313800149782,61.737,8076.97678479741,8.99677292120236
"1911",36,2012,"ESP","Spain",13.3467474,13.87859726,14.08523941,10,78.902,45.4070552008946,82.4268292682927,28456.4438151477,10.2561299100469
"1912",5.77777777777778,2012,"LKA","Sri Lanka",8.06339073,10.10018063,9.03347492,4,18.196,32.3969076467325,75.187,3327.77612404326,8.11005952925865
"1913",11.7647058823529,2012,"SUR","Suriname",6.59049845,7.03142166,6.89829826,6,66.208,38.7899019207384,69.957,8851.24050668908,9.0883128984264
"1914",44.6991404011461,2012,"SWE","Sweden",17.72868156,17.73602486,18.14381027,10,85.62,47.4222469749494,81.7048780487805,57749.8251328664,10.9638756003771
"1915",29,2012,"CHE","Switzerland",10.93145657,10.62408447,10.87016106,10,73.653,45.9742729659421,82.6975609756098,85836.2076767359,11.3601961973531
"1916",12,2012,"SYR","Syrian Arab Republic",4.47145319,5.93319607,7.40168428,0,53.555,17.2306921848018,66.206,1897.66115018696,7.5483774332984
"1917",19.047619047619,2012,"TJK","Tajikistan",6.50301933,6.86730862,7.56245518,1,26.545,38.209938865731,69.13,952.452819695469,6.85904057264593
"1918",36,2012,"TZA","Tanzania",6.00571394,6.30686235,6.93784666,2,29.493,49.6326428539024,62.286,861.969909667969,6.75922036247665
"1919",15.8,2012,"THA","Thailand",12.64099789,12.16349411,12.66283321,7,45.445,45.7716350108206,75.59,5725.52802835463,8.65269005619634
"1920",38.4615384615385,2012,"TLS","Timor-Leste",3.20640516,4.62444115,3.71855545,9,28.428,45.2076475757663,64.384,1022.61903188429,6.93012229374231
"1921",11.1111111111111,2012,"TGO","Togo",6.10906744,4.68965626,4.55810213,1,38.546,47.8206631881271,57.94,762.392047587088,6.63646092152364
"1922",28.5714285714286,2012,"TTO","Trinidad and Tobago",7.65985489,7.89306974,7.47479582,10,53.671,42.3592130464587,72.513,20332.1389531925,9.91995811275515
"1923",26.7281105990783,2012,"TUN","Tunisia",12.63853073,12.49827194,13.54343796,-88,67.218,26.8784688729038,74.599,4297.26782454273,8.36573471009488
"1924",14.1818181818182,2012,"TUR","Turkiye",10.30692196,10.16432953,10.22958183,9,71.974,29.5140154007141,75.552,11713.2849831139,9.36847894527111
"1925",16.8,2012,"TKM","Turkmenistan",8.70549202,8.70965767,8.71374321,0,49.175,52.5292234151941,68.961,6053.8748468749,8.70845381656899
"1926",34.9740932642487,2012,"UGA","Uganda",7.05044317,7.32427549,7.00898075,1,20.424,49.8014794625862,61.579,795.222867553127,6.6786224119122
"1927",9.43820224719101,2012,"UKR","Ukraine",7.64040852,6.94465542,7.71915102,6,68.782,49.4396784695123,71.09,3951.34228515625,8.28181061919666
"1928",17.5,2012,"ARE","United Arab Emirates",8.52671432,8.52679825,7.77782202,0,84.749,18.4287569934559,81.913,52034.4762476071,10.8596617826347
"1929",22.4615384615385,2012,"GBR","United Kingdom",17.61323357,18.13915825,18.42700768,10,81.837,46.5171305314229,80.9048780487805,42490.1465463521,10.6570274820639
"1930",17.9723502304147,2012,"USA","United States",19.64052773,20.36042213,21.47761154,10,81.119,45.2997300215634,78.7414634146342,51708.3940614082,10.8533754082731
"1931",12.1212121212121,2012,"URY","Uruguay",18.63942528,18.63327599,18.82110596,10,94.739,45.3249627860365,76.691,16259.5940814256,9.69643841854822
"1932",22,2012,"UZB","Uzbekistan",9.76258659,9.51825428,9.30243683,0,51.05,36.378692719699,70.411,2307.34649117185,7.74385343812802
"1933",24.4,2012,"VNM","Viet Nam",9.5150404,8.16121387,9.12324142,0,31.752,49.2537761340152,73.762,2185.11767654291,7.68942496262086
"1934",0.332225913621262,2012,"YEM","Yemen, Rep.",3.42734075,3.18082356,2.82031083,3,32.958,10.0505317590942,67.569,1245.05068271586,7.12693151707894
"1935",11.4649681528662,2012,"ZMB","Zambia",7.05769587,5.45231676,7.78466225,7,40.354,44.7260817718207,58.704,1710.05061343728,7.44427824756001
"1936",14.9532710280374,2012,"ZWE","Zimbabwe",9.79644012,9.64621449,13.35706425,3,32.834,50.2718944292664,55.386,1238.59479481433,7.12173278602002
"1937",27.710843373494,2013,"AFG","Afghanistan",1.77506959,1.86067402,2.01440597,-66,24.373,18.2833912859109,62.188,637.087099117099,6.45690637953286
"1938",17.8571428571429,2013,"ALB","Albania",8.83006287,8.17427826,8.80356598,9,55.387,42.6721811293968,77.995,4420.23461988353,8.39394805508459
"1939",31.6017316017316,2013,"DZA","Algeria",11.70106602,11.41803741,10.60481071,3,69.576,17.0939234373742,74.809,5979.60138960585,8.69610918746644
"1940",34.0909090909091,2013,"AGO","Angola",4.57540083,3.61568022,4.56262541,2,62.002,49.7012146797074,59.705,5057.74787833163,8.52867657986885
"1941",36.5758754863813,2013,"ARG","Argentina",16.54238701,16.28527832,16.49740791,8,91.249,40.6222954901307,75.829,12963.675773326,9.46990655417748
"1942",10.6870229007634,2013,"ARM","Armenia",5.78087997,6.27526045,6.11530304,5,63.164,50.2561266332289,74.6219512195122,3680.16692158886,8.21071338926169
"1943",26,2013,"AUS","Australia",15.4061203,17.64245605,18.31171608,10,85.502,45.7333917448342,82.1487804878049,68190.7010035651,11.1300634856139
"1944",33.3333333333333,2013,"AUT","Austria",14.37263107,14.34008408,14.69124889,10,57.336,46.7740746833511,81.1365853658537,50305.3545774973,10.8258668032551
"1945",15.5737704918033,2013,"AZE","Azerbaijan",2.82228613,3.10700679,3.37282634,0,54.145,51.0410432481809,71.485,7875.3453666155,8.97149231881034
"1946",10,2013,"BHR","Bahrain",8.45688343,10.09125328,8.8659935,0,88.835,20.826105810928,79.998,26989.7601148469,10.2032128180454
"1947",19.7142857142857,2013,"BGD","Bangladesh",3.61745524,3.59245324,3.37688875,5,32.762,30.0967735039524,69.487,958.262989798283,6.86512225991967
"1948",26.605504587156,2013,"BLR","Belarus",8.74394131,8.68483829,8.82638741,0,76.199,49.7088347148919,72.4707317073171,7998.0802045456,8.9869568174317
"1949",38,2013,"BEL","Belgium",14.31455326,14.52102089,15.34844685,8,97.789,45.7118564694219,80.5878048780488,46964.5946777056,10.7571492920859
"1950",8.43373493975904,2013,"BEN","Benin",5.1338048,4.04459238,3.25478005,7,44.642,49.4363355231745,58.863,1168.92699279226,7.06384150682058
"1951",6.38297872340426,2013,"BTN","Bhutan",7.09804106,7.77876854,9.3686533,6,37.149,40.5293408407178,70.161,2679.95217201538,7.89355422708274
"1952",25.3846153846154,2013,"BOL","Bolivia",8.48752594,8.53603649,9.65893555,7,67.699,42.0057594754997,66.777,2870.02377000756,7.96207559095197
"1953",21.4285714285714,2013,"BIH","Bosnia and Herzegovina",14.79470253,14.43189335,14.9841013,-66,46.519,41.6178594171831,77.129,5034.56616016469,8.52408263662689
"1954",7.93650793650794,2013,"BWA","Botswana",11.93448162,10.95858192,10.41588783,8,65.572,45.8771153441746,61.217,6666.91219583487,8.80491209256506
"1955",8.57699805068226,2013,"BRA","Brazil",8.34620094,8.37448597,7.8409934,8,85.209,41.9291063161246,74.609,12458.8912138813,9.43018980073183
"1956",24.5833333333333,2013,"BGR","Bulgaria",10.69857979,10.36410141,10.23375225,9,73.313,46.5891595402842,74.8609756097561,7795.98092108928,8.96136361335525
"1957",15.748031496063,2013,"BFA","Burkina Faso",6.38293219,7.77367115,7.15264177,2,26.346,44.6210629690752,57.903,759.762065168498,6.63300531211635
"1958",30.4761904761905,2013,"BDI","Burundi",4.43170166,9.79248333,10.44351768,7,11.482,51.8492046615644,59.179,234.843045388828,5.45891739904253
"1959",20.8333333333333,2013,"CPV","Cabo Verde",9.02955627,9.98307133,10.09395409,10,63.317,43.5059442695362,73.481,3960.97596791345,8.2842457304269
"1960",20.3252032520325,2013,"KHM","Cambodia",6.64391565,5.70839739,6.63314915,3,21.415,48.4777127527595,68.755,1305.6600972686,7.1744640135339
"1961",31.1111111111111,2013,"CMR","Cameroon",2.50095606,2.9397316,1.81293964,1,53.373,46.8168536059013,58.73,1575.92882118897,7.36260010517769
"1962",24.6753246753247,2013,"CAN","Canada",18.53983879,18.97963524,19.07842636,10,81.178,47.119866490403,81.7448780487805,52638.1187235237,10.8711958268257
"1963",14.8936170212766,2013,"TCD","Chad",5.03679276,5.54861546,5.24520254,1,22.248,41.7924364665369,51.051,1304.88742971475,7.17387205528114
"1964",15.8333333333333,2013,"CHL","Chile",15.41127777,15.69308376,16.02235031,10,87.246,40.6445194170047,79.551,15683.5486369155,9.66036758442858
"1965",23.40140609307,2013,"CHN","China",9.41684246,9.66088581,9.41902351,0,53.013,44.5179668103247,76.452,7147.03518622344,8.87445289042368
"1966",12.1212121212121,2013,"COL","Colombia",16.34110641,16.18276405,17.03754425,7,79.061,41.9972049073602,75.834,8279.10255642981,9.02148985460041
"1967",3.03030303030303,2013,"COM","Comoros",4.449965,3.81965494,2.44571519,9,28.223,37.5538778460819,63.839,1603.32653496691,7.37983583427733
"1968",7.35294117647059,2013,"COG","Congo, Rep.",2.20951629,1.9499675,2.70981026,0,64.627,49.3358809128746,62.969,3697.4170588425,8.21538976264776
"1969",38.5964912280702,2013,"CRI","Costa Rica",29.45259285,29.58094978,29.42484665,10,74.97,41.0273808156832,80.189,10803.2401961972,9.28760138628227
"1970",10.4417670682731,2013,"CIV","Cote d'Ivoire",4.58988285,5.11125422,4.8747077,5,48.593,44.5862341474429,57.057,1786.15862031324,7.4878225706581
"1971",23.841059602649,2013,"HRV","Croatia",11.39267445,11.39274597,11.68794823,9,55.706,45.8909394121202,77.5707317073171,14136.3967669505,9.5565080814431
"1972",48.8562091503268,2013,"CUB","Cuba",14.14057541,18.02447128,18.2455864,0,76.827,39.5173788041359,78.028,6828.36428245396,8.82884043375863
"1973",10.7142857142857,2013,"CYP","Cyprus",7.36570358,5.98328972,7.06502438,10,67.137,44.4804975006888,81.317,27797.45703125,10.2326998217987
"1974",19.5,2013,"CZE","Czechia",14.84314823,14.96242809,14.75444698,9,73.29,44.0090123149563,78.1756097560976,20260.4954999375,9.91642823455876
"1975",39.1061452513966,2013,"DNK","Denmark",15.62900543,15.76567173,15.98359871,10,87.292,47.5861148394054,80.3,61377.5940590412,11.0248001299314
"1976",12.7272727272727,2013,"DJI","Djibouti",6.73504782,6.07299089,4.06950951,3,77.222,27.1238810143259,62.116,2075.94498424748,7.63817174309044
"1977",20.7650273224044,2013,"DOM","Dominican Republic",15.03563976,14.47596073,14.19551849,8,76.749,38.4761714245814,73.038,6136.59429329301,8.72202519189246
"1978",38.6861313868613,2013,"ECU","Ecuador",8.25374889,9.03727245,10.16171741,6,63.125,39.0523863890293,75.832,6109.29031510341,8.71756589404531
"1979",26.1904761904762,2013,"SLV","El Salvador",16.71699905,16.9780407,17.73853302,8,68.036,42.2827726274874,71.225,3582.26694005169,8.18375110247148
"1980",12.1212121212121,2013,"GNQ","Equatorial Guinea",1.45938587,1.49042463,1.33363295,0,69.544,40.673734378056,59.784,16304.0713196418,9.69917012981762
"1981",20.7920792079208,2013,"EST","Estonia",12.16880417,12.55367756,12.50648499,9,68.122,48.931242404069,77.1414634146341,19310.3874900757,9.86839844202991
"1982",6.15384615384615,2013,"SWZ","Eswatini",11.66008472,8.53680229,8.58170605,0,22.999,47.5417048176041,52.11,3951.12008139006,8.28175438260711
"1983",27.7879341864717,2013,"ETH","Ethiopia",6.19330263,4.08834219,5.57211685,1,18.575,46.049278944655,62.161,484.039833104062,6.18216720313197
"1984",42.5,2013,"FIN","Finland",13.7117548,13.58576775,13.41370487,10,85.125,48.1573043910601,80.9756097560976,49691.0145200739,10.8135794013747
"1985",26.8630849220104,2013,"FRA","France",13.98373413,14.15071583,14.51256371,10,79.135,47.6019487308338,82.219512195122,42669.1795111893,10.6612321472929
"1986",15.7894736842105,2013,"GAB","Gabon",5.25754023,6.38458252,7.03487396,4,87.156,39.9512534472081,65.751,9197.70106323947,9.12670884738032
"1987",7.54716981132075,2013,"GMB","Gambia, The",6.30897522,5.75401974,5.0990448,0,57.82,47.6514475926433,62.252,653.862713272743,6.48289741087801
"1988",12,2013,"GEO","Georgia",6.85161304,7.77956009,9.60857868,8,56.685,45.9847309726363,73.025,4712.00229382665,8.45786821213662
"1989",36.4500792393027,2013,"DEU","Germany",18.70073318,19.16842651,19.51303673,10,77.18,46.1824165824575,80.490243902439,47220.0102098851,10.762573026859
"1990",10.9090909090909,2013,"GHA","Ghana",8.61669731,6.71953726,8.55785751,8,52.748,47.6261872518991,62.397,2294.79584693743,7.73839916295505
"1991",21,2013,"GRC","Greece",8.25187302,8.84689617,8.76884937,10,77.355,43.4562184954234,81.2853658536585,21573.3449762805,9.97921380275574
"1992",13.2911392405063,2013,"GTM","Guatemala",15.82706833,16.46030045,18.10749817,8,49.311,33.5739541688194,70.878,3444.15971264862,8.14443523864444
"1993",14,2013,"GNB","Guinea-Bissau",4.44277668,2.59810638,2.50101542,2,41.31,45.981298702985,58.879,654.304534409417,6.48357289202044
"1994",31.3432835820896,2013,"GUY","Guyana",8.81889057,9.41685009,10.84070492,6,26.4,37.2640772587314,66.71,5556.91231156932,8.62279789334065
"1995",4.21052631578947,2013,"HTI","Haiti",2.99849725,3.20148706,4.40003729,-77,50.46,47.2972629697073,62.624,1457.83221179626,7.28470582487375
"1996",8.80829015544041,2013,"HUN","Hungary",9.5679369,9.39469337,9.22200394,10,69.953,47.294720063414,75.5658536585366,13739.4620151401,9.52802741036204
"1997",11.0091743119266,2013,"IND","India",3.23883247,3.25070548,3.37624002,9,32.003,24.2898081996864,68.499,1432.84397512195,7.26741654201334
"1998",18.5714285714286,2013,"IDN","Indonesia",4.28101349,5.40550184,6.57872438,8,51.955,38.1245112058003,69.064,3566.60284506078,8.1793688377136
"1999",3.10344827586207,2013,"IRN","Iran, Islamic Rep.",16.04602051,22.59905243,22.59942055,0,72.295,15.9420742685652,75.349,6222.74194840326,8.7359659163148
"2000",25.2307692307692,2013,"IRQ","Iraq",2.37589312,2.36959839,1.68126464,4,69.595,15.5220306316645,69.047,6650.35282247395,8.8024251882536
"2001",15.6626506024096,2013,"IRL","Ireland",17.91931343,18.02405739,18.12460518,10,62.141,45.4187550791705,80.9487804878049,52619.2123745817,10.8708365863063
"2002",22.5,2013,"ISR","Israel",10.90837765,11.39859104,11.64510727,7,92.031,46.4936708860759,82.0560975609756,37034.3161080785,10.5196002241794
"2003",31.4285714285714,2013,"ITA","Italy",13.04798126,13.1522131,13.10222912,10,68.979,42.1674136471022,82.690243902439,35701.6746002376,10.4829528742373
"2004",12.6984126984127,2013,"JAM","Jamaica",10.76929092,11.25196075,12.82021999,9,54.35,44.3348602447943,72.435,5124.21301411137,8.54173223399317
"2005",8.125,2013,"JPN","Japan",22.21854019,22.57162476,23.15028763,10,91.226,42.3561062248985,83.3319512195122,40898.6478964744,10.6188522827185
"2006",12.1621621621622,2013,"JOR","Jordan",13.12652111,13.06403065,12.21973801,2,89.125,16.6881907067929,74.282,4311.21916713038,8.36897601250159
"2007",24.2990654205607,2013,"KAZ","Kazakhstan",9.324193,10.03429031,8.39476204,0,57.046,49.9970120574479,70.719,13478.459627612,9.50884810698821
"2008",18.5714285714286,2013,"KEN","Kenya",7.14972067,7.8450079,8.07448006,9,24.794,48.527574038497,61.729,1370.87885214659,7.22320731106756
"2009",15.6666666666667,2013,"KOR","Korea, Rep.",11.52522469,11.73864269,12.11640739,8,81.779,41.26357779471,81.2707317073171,27179.5170146052,10.2102189176652
"2010",6.15384615384615,2013,"KWT","Kuwait",5.44841051,5.49223089,6.47667837,0,100,28.2398320814755,78.7418048780488,49651.0439709448,10.8127746958574
"2011",23.3333333333333,2013,"KGZ","Kyrgyz Republic",10.34640503,7.13890553,7.12018585,7,35.517,42.3817865406172,70.2024390243902,1269.66303464348,7.14650681719481
"2012",25,2013,"LAO","Lao PDR",2.94007111,2.7363534,3.35080194,0,31.872,46.7361226145828,65.723,1812.51774424651,7.50247217661002
"2013",23,2013,"LVA","Latvia",8.42394924,8.36928844,8.57290077,8,67.925,49.9883306104758,73.9829268292683,14484.4715282132,9.58083242546563
"2014",3.125,2013,"LBN","Lebanon",10.79288769,12.38764,12.66004276,6,87.79,27.1235558021729,78.037,8162.37929361396,9.00729098555669
"2015",26.6666666666667,2013,"LSO","Lesotho",10.48774624,11.59240246,10.86027813,9,26.101,45.9554363412374,49.547,1151.03735837227,7.0484188655125
"2016",10.958904109589,2013,"LBR","Liberia",1.24849629,2.46118927,3.24339032,7,48.985,47.4890821974407,59.992,710.744570927863,6.56631311199031
"2017",16.5,2013,"LBY","Libya",4.97124195,5.71347761,7.51431656,-77,78.756,33.7463111930014,72.339,11951.7134126011,9.38862992888909
"2018",24.113475177305,2013,"LTU","Lithuania",11.29926682,11.86656666,12.1975174,10,66.986,50.0470422725477,73.9146341463415,15636.5252586048,9.65736481924992
"2019",28.3333333333333,2013,"LUX","Luxembourg",10.64737415,10.8537426,10.63425922,10,89.574,44.1890301362812,81.8,120000.140729859,11.6952481945123
"2020",17.4863387978142,2013,"MDG","Madagascar",10.26806545,13.92414951,15.27427959,4,33.878,48.5730879656226,63.161,515.301589361832,6.2447523396722
"2021",22.279792746114,2013,"MWI","Malawi",7.15567255,8.58090496,9.72891998,6,15.966,49.0085268277163,60.816,496.947368267313,6.20848412163042
"2022",10.3603603603604,2013,"MYS","Malaysia",6.81631851,7.82402515,8.22995281,6,72.93,36.3974029113762,75.464,10713.6407638899,9.27927304628104
"2023",18.8405797101449,2013,"MUS","Mauritius",8.00718403,10.52838707,9.45841885,10,41.222,37.6320452447136,74.0170731707317,9764.64413060045,9.18652339928781
"2024",36.8,2013,"MEX","Mexico",11.24126339,10.34577084,10.86458778,8,78.699,37.8674721118,74.289,11216.800851866,9.32516800935247
"2025",19.8019801980198,2013,"MDA","Moldova",12.49917507,12.75728226,12.21473503,9,42.527,54.4760569414422,70.291,3321.04397795719,8.10803446367305
"2026",14.8648648648649,2013,"MNG","Mongolia",7.10638714,7.48502493,7.72666168,10,68.097,45.9496469974322,70.0980487804878,4340.14310544449,8.37566260015556
"2027",16.0493827160494,2013,"MNE","Montenegro",10.68526936,10.98364925,11.63480854,9,65.137,45.5480300982752,76.490243902439,7172.92908521143,8.87806936972756
"2028",16.9620253164557,2013,"MAR","Morocco",6.00545788,6.83858538,6.97614002,1,59.7,25.5650006564494,72.117,3379.7431640625,8.12555499862615
"2029",39.2,2013,"MOZ","Mozambique",4.72615862,4.31728172,5.55443764,6,33.36,53.2100530114127,57.189,686.505672517351,6.53161448812706
"2030",6.03248259860789,2013,"MMR","Myanmar",2.70770669,4.46881723,4.97641897,0,29.457,39.8181511781622,64.617,1199.09561597055,7.08932289827875
"2031",24.3589743589744,2013,"NAM","Namibia",10.91460514,9.29264355,9.64580059,6,44.756,49.7164208072331,58.468,5346.62131149967,8.58422010982982
"2032",38.6666666666667,2013,"NLD","Netherlands",15.59178734,15.55338001,15.20495033,10,89.187,46.5910336924529,81.3048780487805,52602.2860520766,10.8705148588475
"2033",32.2314049586777,2013,"NZL","New Zealand",19.19954872,19.46041298,18.89048386,10,86.221,47.4677968563033,81.4048780487805,43000.4646849189,10.6689662012433
"2034",40.2173913043478,2013,"NIC","Nicaragua",15.98526001,16.91161156,17.62554932,9,57.505,37.6052550606101,72.551,1835.43996363715,7.51503949395039
"2035",13.2743362831858,2013,"NER","Niger",6.55533648,5.40269423,4.58634472,7,16.208,41.9227737043039,58.364,552.103334363117,6.31373522869056
"2036",6.66666666666667,2013,"NGA","Nigeria",3.45903826,3.33638,5.33124638,4,46.118,47.2848186019237,51.827,2872.79083379398,7.96303925221964
"2037",34.1463414634146,2013,"MKD","North Macedonia",13.9270525,12.67158699,12.78399658,9,57.189,41.010794128611,75.4,5626.26115664893,8.63520040756877
"2038",39.6449704142012,2013,"NOR","Norway",17.09642601,17.23254013,17.58081436,10,80.286,47.7564373099245,81.7512195121951,103553.840134417,11.5478469509687
"2039",1.19047619047619,2013,"OMN","Oman",5.58196163,6.81304836,8.26050186,0,78.882,13.1496814312455,78.633,23458.0233840053,10.0629678639266
"2040",20.7430340557276,2013,"PAK","Pakistan",3.24930596,3.34264088,3.85042071,7,35.613,21.6785809798099,65.129,1225.4340119198,7.11105035567575
"2041",8.45070422535211,2013,"PAN","Panama",17.5814743,18.86981583,19.75140762,9,66.052,38.425974023088,77.129,12273.3225037637,9.41518328375277
"2042",2.7027027027027,2013,"PNG","Papua New Guinea",7.1877017,7.47008181,6.0310936,5,12.978,47.5602515451341,63.927,2560.77458976327,7.84806506583357
"2043",17.5,2013,"PRY","Paraguay",15.29556465,17.92904282,15.69235611,9,60.197,41.2574185672379,73.292,6435.68342733182,8.76961331910448
"2044",21.5384615384615,2013,"PER","Peru",12.31632423,13.09590244,13.54340839,9,76.989,45.3986344350704,74.591,6746.80025696601,8.81682363547095
"2045",27.3356401384083,2013,"PHL","Philippines",6.46710253,7.50540447,8.25687599,8,45.903,39.8188196432412,69.283,2781.27957677397,7.9306663802037
"2046",23.695652173913,2013,"POL","Poland",10.49234486,10.47513771,10.6386261,10,60.529,44.8783963074725,77,13621.9023794031,9.51943424538321
"2047",31.304347826087,2013,"PRT","Portugal",11.73484898,11.14972019,11.90821075,10,62.352,48.445693695713,80.7219512195122,21676.4859642714,9.9839833558973
"2048",0,2013,"QAT","Qatar",6.17656279,6.50387287,8.28593731,0,98.785,13.5818299676598,80.974,103697.008372373,11.5492285449333
"2049",13.3495145631068,2013,"ROU","Romania",11.46755409,11.19048691,10.69948864,9,53.937,43.5927776130407,75.0634146341463,9497.67411615237,9.15880221773421
"2050",13.5555555555556,2013,"RUS","Russian Federation",9.14695454,9.16428947,8.81614971,5,73.863,48.6662669396764,70.5787804878049,15941.4482421875,9.6766778040632
"2051",63.75,2013,"RWA","Rwanda",8.30411816,7.98190641,7.9149456,0,16.947,47.137144348257,64.651,704.92421796616,6.55809030478798
"2052",19.8675496688742,2013,"SAU","Saudi Arabia",8.74786663,9.27807522,10.06429672,0,82.74,11.8952245755358,76.517,27865.465604962,10.2351434091754
"2053",42.6666666666667,2013,"SEN","Senegal",5.299932,4.67551136,4.69870329,7,45.019,37.2131759169461,65.638,1379.83196553924,7.2297170066354
"2054",33.2,2013,"SRB","Serbia",13.17477703,12.02126503,11.91801167,9,55.469,44.4656090651919,75.1853658536585,7040.41812068781,8.8594228395316
"2055",12.396694214876,2013,"SLE","Sierra Leone",5.15012884,7.57988453,6.20521784,8,40.036,50.2566703175067,54.051,1117.47183075115,7.01882411878849
"2056",24.2424242424242,2013,"SGP","Singapore",13.96146393,13.65520763,13.53679276,2,100,41.1329063061731,82.2463414634147,56967.4257940383,10.9502349061637
"2057",18.6666666666667,2013,"SVK","Slovak Republic",12.93723488,12.62564278,11.68604279,10,54.14,44.531145840776,76.4121951219512,18312.7805149823,9.81535448386639
"2058",32.2222222222222,2013,"SVN","Slovenia",10.19582081,11.79327965,12.44879627,10,53.332,45.7799238002083,80.3219512195122,23236.9655321695,10.0534996315358
"2059",2,2013,"SLB","Solomon Islands",7.63713312,8.34682465,8.34106731,9,21.433,48.0953226146741,69.007,2161.39573596215,7.6785094660542
"2060",13.8181818181818,2013,"SOM","Somalia",5.53152275,3.88025784,5.01057673,5,42.117,30.8896830866868,54.016,393.398703952979,5.97482361147312
"2061",42.25,2013,"ZAF","South Africa",14.33791637,14.9161272,15.23773575,9,63.793,46.6801480012041,62.388,7331.65467384919,8.89995650935741
"2062",36,2013,"ESP","Spain",13.87859726,14.08523941,14.77293682,10,79.133,45.6356340180562,83.0780487804878,29228.846559842,10.2829113964934
"2063",5.77777777777778,2013,"LKA","Sri Lanka",10.10018063,9.03347492,8.40127754,4,18.198,33.9553207703497,75.546,3740.61589348326,8.22700555425268
"2064",11.7647058823529,2013,"SUR","Suriname",7.03142166,6.89829826,10.85628891,6,66.14,39.1291820073635,70.11,9043.19281529222,9.10976757856251
"2065",44.9856733524355,2013,"SWE","Sweden",17.73602486,18.14381027,18.3855648,10,85.936,47.4674108067144,81.9560975609756,60844.2767113975,11.0160730383044
"2066",31,2013,"CHE","Switzerland",10.62408447,10.87016106,11.00124073,10,73.674,46.1393316920199,82.7975609756098,87304.3305813557,11.3771553463403
"2067",12,2013,"SYR","Syrian Arab Republic",5.93319607,7.40168428,7.52296495,0,52.529,17.2992330933831,65.146,985.892669227054,6.89354749393823
"2068",19.047619047619,2013,"TJK","Tajikistan",6.86730862,7.56245518,6.40937662,1,26.589,38.6701621193862,69.579,1028.19704279396,6.93556210351725
"2069",36,2013,"TZA","Tanzania",6.30686235,6.93784666,7.33062935,2,30.196,49.3614214374876,62.788,963.05712890625,6.87011273392872
"2070",15.8,2013,"THA","Thailand",12.16349411,12.66283321,12.53229141,7,46.193,45.2610438548394,75.96,6018.08244729255,8.70252395721123
"2071",38.4615384615385,2013,"TLS","Timor-Leste",4.62444115,3.71855545,4.50545216,9,28.779,45.2948902909067,64.719,1204.56841532931,7.09387662021715
"2072",15.3846153846154,2013,"TGO","Togo",4.68965626,4.55810213,4.03825331,1,39.061,47.8101836073094,58.345,826.543259457126,6.71725225643235
"2073",28.5714285714286,2013,"TTO","Trinidad and Tobago",7.89306974,7.47479582,8.30910397,10,53.53,42.3965619312825,72.785,21304.9776454565,9.96669601667068
"2074",26.7281105990783,2013,"TUN","Tunisia",12.49827194,13.54343796,12.1791687,-88,67.495,27.0484771230661,74.674,4369.79345826358,8.38247102341743
"2075",14.4160583941606,2013,"TUR","Turkiye",10.16432953,10.22958183,9.78749466,9,72.531,30.278014096127,76.171,12578.1878632,9.43971947084817
"2076",16.8,2013,"TKM","Turkmenistan",8.70965767,8.71374321,8.71145439,0,49.541,52.6339610760179,68.968,6599.64529055481,8.79477118271493
"2077",34.9740932642487,2013,"UGA","Uganda",7.32427549,7.00898075,5.08453417,1,20.958,49.7047782410359,62.353,818.285427416713,6.70721120901196
"2078",9.43820224719101,2013,"UKR","Ukraine",6.94465542,7.71915102,8.5692358,6,68.875,49.1392765880137,71.474,4129.89697265625,8.32600773955584
"2079",17.5,2013,"ARE","United Arab Emirates",8.52679825,7.77782202,9.06668758,0,85.066,18.98220841593,81.95,52023.5170959441,10.8594511471736
"2080",22.4615384615385,2013,"GBR","United Kingdom",18.13915825,18.42700768,18.66418648,10,82.102,46.747062886451,81.0048780487805,43419.0352598932,10.6786532243898
"2081",17.8240740740741,2013,"USA","United States",20.36042213,21.47761154,22.3137188,10,81.299,45.1784570377838,78.7414634146342,53297.3862901595,10.8836425712435
"2082",12.1212121212121,2013,"URY","Uruguay",18.63327599,18.82110596,19.92226028,10,94.843,44.6387650887807,76.953,18335.2594772322,9.81658123242232
"2083",22,2013,"UZB","Uzbekistan",9.51825428,9.30243683,9.59653759,0,50.95,36.1493991744402,70.692,2461.97947403595,7.80872096959996
"2084",24.4,2013,"VNM","Viet Nam",8.16121387,9.12324142,8.49385166,0,32.429,49.28715903733,73.821,2359.51736472828,7.76621237063429
"2085",0.332225913621262,2013,"YEM","Yemen, Rep.",3.18082356,2.82031083,2.2286694,3,33.559,9.00404745830296,67.961,1378.75002954611,7.22893259199734
"2086",11.4649681528662,2013,"ZMB","Zambia",5.45231676,7.78466225,7.56145144,7,40.865,44.7840194649687,59.445,1820.7185482739,7.50698650889907
"2087",31.4814814814815,2013,"ZWE","Zimbabwe",9.64621449,13.35706425,7.55918026,5,32.654,50.2668692898238,56.842,1362.29952932396,7.21692938127093
"2088",27.710843373494,2014,"AFG","Afghanistan",1.86067402,2.01440597,2.14110541,1,24.587,19.2702186833505,62.26,625.054941813938,6.43783955277512
"2089",20,2014,"ALB","Albania",8.17427826,8.80356598,9.88866711,9,56.423,42.04858554715,78.029,4602.23051443229,8.43429635939567
"2090",31.6017316017316,2014,"DZA","Algeria",11.41803741,10.60481071,10.60594082,3,70.221,17.4657441262716,74.992,6094.69392314956,8.71517382295952
"2091",36.8181818181818,2014,"AGO","Angola",3.61568022,4.56262541,5.43269682,2,62.731,49.7127962856803,60.396,5005.9997412707,8.51839242030788
"2092",36.5758754863813,2014,"ARG","Argentina",16.28527832,16.49740791,15.52159119,8,91.377,40.7548590472828,76.268,12233.1444119186,9.41190430208789
"2093",10.6870229007634,2014,"ARM","Armenia",6.27526045,6.11530304,6.05354738,5,63.112,50.2671910808466,74.8731707317073,3852.11800610384,8.25637840747054
"2094",26,2014,"AUS","Australia",17.64245605,18.31171608,18.48745346,10,85.602,45.919060822246,82.3,62544.0873773726,11.0436269850862
"2095",32.2404371584699,2014,"AUT","Austria",14.34008408,14.69124889,14.9603796,10,57.526,46.8933490383762,81.490243902439,51314.9722616322,10.8457378455288
"2096",15.5737704918033,2014,"AZE","Azerbaijan",3.10700679,3.37282634,3.28987098,0,54.422,51.049894340349,71.93,7890.84028062087,8.97345790761423
"2097",7.5,2014,"BHR","Bahrain",10.09125328,8.8659935,8.52599049,0,88.915,21.4551167495801,80.214,26451.7965647453,10.1830793580325
"2098",19.8275862068966,2014,"BGD","Bangladesh",3.59245324,3.37688875,4.09935808,3,33.535,30.3222496341607,70.016,1094.46199702838,6.99801819459526
"2099",26.605504587156,2014,"BLR","Belarus",8.68483829,8.82638741,10.30651379,0,76.693,49.6941035021431,72.9707317073171,8341.31809294883,9.02897652758313
"2100",39.3333333333333,2014,"BEL","Belgium",14.52102089,15.34844685,15.59716988,8,97.833,46.0456189929539,81.2878048780488,47995.7786961339,10.7788683421922
"2101",8.43373493975904,2014,"BEN","Benin",4.04459238,3.25478005,3.05096745,7,45.166,49.5082043463542,59.008,1204.39918670094,7.09373612133414
"2102",8.51063829787234,2014,"BTN","Bhutan",7.77876854,9.3686533,8.10247707,6,37.918,39.1749885189954,70.504,2849.49998647303,7.95489881452792
"2103",53.0769230769231,2014,"BOL","Bolivia",8.53603649,9.65893555,11.0932703,7,68.047,42.0447875237077,66.97,3041.43503162408,8.02008473289612
"2104",21.4285714285714,2014,"BIH","Bosnia and Herzegovina",14.43189335,14.9841013,15.62966251,-66,46.84,41.5763780551222,77.089,5206.06558252,8.55757968296268
"2105",9.52380952380952,2014,"BWA","Botswana",10.95858192,10.41588783,11.21129513,8,66.368,45.9032729828698,62.167,7122.36423421503,8.87099500465512
"2106",9.94152046783626,2014,"BRA","Brazil",8.37448597,7.8409934,8.12482357,8,85.492,42.0324409270386,74.823,12274.9939689363,9.41531946133358
"2107",20,2014,"BGR","Bulgaria",10.36410141,10.23375225,11.82779217,9,73.651,46.4511742802299,74.4658536585366,8069.60005667684,8.99585920076413
"2108",30.4761904761905,2014,"BDI","Burundi",9.79248333,10.44351768,9.90449238,7,11.776,51.9098892613542,59.764,250.540481111877,5.52362050871386
"2109",20.8333333333333,2014,"CPV","Cabo Verde",9.98307133,10.09395409,10.39242458,10,63.81,43.5494168029712,73.788,3985.60706548134,8.29044491725859
"2110",20.3252032520325,2014,"KHM","Cambodia",5.70839739,6.63314915,6.55302095,3,21.799,48.383608862486,69.117,1431.56396469993,7.26652280722828
"2111",31.1111111111111,2014,"CMR","Cameroon",2.9397316,1.81293964,1.81293964,1,53.976,46.8978201852656,59.13,1649.4433905949,7.40819317094962
"2112",25.0814332247557,2014,"CAN","Canada",18.97963524,19.07842636,18.9714241,10,81.218,46.997935322841,81.7843902439025,50960.8431174662,10.8388128348004
"2113",14.8936170212766,2014,"TCD","Chad",5.54861546,5.24520254,5.72502089,1,22.372,41.5743467870654,51.141,1278.78981422494,7.15366945204991
"2114",15.8333333333333,2014,"CHL","Chile",15.69308376,16.02235031,16.75084496,10,87.303,40.9735103545737,79.714,14529.6767206336,9.58394850722071
"2115",23.40140609307,2014,"CHN","China",9.66088581,9.41902351,8.95276546,0,54.259,44.5790200876779,76.714,7781.06597484974,8.95944862254895
"2116",19.8795180722892,2014,"COL","Colombia",16.18276405,17.03754425,17.65917969,7,79.415,41.9471386711427,75.95,8187.20824890084,9.01032824558658
"2117",3.03030303030303,2014,"COM","Comoros",3.81965494,2.44571519,3.03607512,9,28.338,37.2337905072788,64.143,1615.71718460209,7.38753421423668
"2118",7.35294117647059,2014,"COG","Congo, Rep.",1.9499675,2.70981026,2.88502312,0,65.085,49.1974670274405,63.349,3601.2365808718,8.18903256015002
"2119",33.3333333333333,2014,"CRI","Costa Rica",29.58094978,29.42484665,28.60595512,10,75.941,40.7534060615933,80.231,10911.4978783227,9.29757236347489
"2120",9.44881889763779,2014,"CIV","Cote d'Ivoire",5.11125422,4.8747077,4.85199261,5,49.014,43.7778371207481,57.772,1991.36539423404,7.5965758101963
"2121",23.841059602649,2014,"HRV","Croatia",11.39274597,11.68794823,12.14272308,9,55.923,46.3981019618651,77.7243902439024,14187.9694531493,9.56014966288509
"2122",48.8562091503268,2014,"CUB","Cuba",18.02447128,18.2455864,17.30282402,0,76.861,39.6407054879473,77.825,7146.70459051328,8.87440663301094
"2123",12.5,2014,"CYP","Cyprus",5.98328972,7.06502438,7.49849081,10,67.031,45.2995359895693,81.337,27244.3515625,10.2126014964954
"2124",19.5,2014,"CZE","Czechia",14.96242809,14.75444698,15.71675396,9,73.384,43.9036657660262,78.8243902439024,20038.4163180257,9.90540652602946
"2125",39.1061452513966,2014,"DNK","Denmark",15.76567173,15.98359871,16.44475365,10,87.41,47.1826094290704,80.7,62520.4509747011,11.0432489977964
"2126",12.7272727272727,2014,"DJI","Djibouti",6.07299089,4.06950951,5.13736486,3,77.314,27.4311841433412,62.427,2214.62084142432,7.70283649014013
"2127",20.7650273224044,2014,"DOM","Dominican Republic",14.47596073,14.19551849,15.69811821,8,77.67,38.5591379461748,73.145,6496.45166971142,8.77901140986026
"2128",41.6058394160584,2014,"ECU","Ecuador",9.03727245,10.16171741,10.42785549,6,63.261,38.4625097814526,76.141,6405.79979300441,8.76495907663738
"2129",27.3809523809524,2014,"SLV","El Salvador",16.9780407,17.73853302,17.65205383,8,68.874,41.8349207255687,71.144,3666.01248913873,8.206859835142
"2130",24,2014,"GNQ","Equatorial Guinea",1.49042463,1.33363295,2.49651527,0,70.083,40.4537193995205,60.228,15548.6624656619,9.6517298988379
"2131",19,2014,"EST","Estonia",12.55367756,12.50648499,12.658885,9,68.269,48.3211499423282,77.0341463414634,20581.7898991695,9.93216197835489
"2132",6.15384615384615,2014,"SWZ","Eswatini",8.53680229,8.58170605,8.21678448,0,23.149,47.5879469552684,53.491,3771.90796458406,8.2353362438226
"2133",27.7879341864717,2014,"ETH","Ethiopia",4.08834219,5.57211685,5.02445269,1,18.998,45.693583831253,62.927,549.986577082588,6.30989387262432
"2134",14,2014,"FJI","Fiji",7.10427618,7.04417515,6.66789913,3,54.216,35.3905809288324,66.581,5293.35676680464,8.57420787310143
"2135",42.5,2014,"FIN","Finland",13.58576775,13.41370487,13.11674309,10,85.175,48.1974127940363,81.1804878048781,50073.7760815871,10.8212527185296
"2136",26.1698440207972,2014,"FRA","France",14.15071583,14.51256371,15.17230511,10,79.394,47.747763113742,82.719512195122,43148.0459288416,10.6723924099437
"2137",15,2014,"GAB","Gabon",6.38458252,7.03487396,9.20255756,4,87.651,39.8711521274715,66.07,9201.36276648105,9.12710687885886
"2138",9.43396226415094,2014,"GMB","Gambia, The",5.75401974,5.0990448,6.65770149,0,58.528,47.2771741446163,62.576,568.00453558864,6.34212940388054
"2139",12,2014,"GEO","Georgia",7.77956009,9.60857868,10.32651424,8,57.067,46.2999038464839,73.105,4830.33486170249,8.48267107378846
"2140",36.4500792393027,2014,"DEU","Germany",19.16842651,19.51303673,19.59465599,10,77.19,46.2597352645934,81.090243902439,48971.0824722599,10.7989852492562
"2141",10.9090909090909,2014,"GHA","Ghana",6.71953726,8.55785751,6.53767872,8,53.419,47.4910442672481,62.832,1949.90832923846,7.57553763980581
"2142",21,2014,"GRC","Greece",8.84689617,8.76884937,8.69437981,10,77.702,44.2286674861897,81.3853658536585,21474.7257123892,9.97463197435595
"2143",13.2911392405063,2014,"GTM","Guatemala",16.46030045,18.10749817,18.20531464,8,49.634,33.5305952125626,70.942,3689.14471813777,8.21314992646608
"2144",21.9298245614035,2014,"GIN","Guinea",3.02618742,1.97823358,4.11337852,4,34.836,44.8356084841579,57.581,765.146999389279,6.64006797143134
"2145",13.7254901960784,2014,"GNB","Guinea-Bissau",2.59810638,2.50101542,2.36231256,7,41.715,46.005728634339,59.476,652.022501029449,6.48007907211253
"2146",31.3432835820896,2014,"GUY","Guyana",9.41685009,10.84070492,10.0542078,6,26.414,38.0907675793586,67.334,5472.68820452237,8.60752521976452
"2147",4.21052631578947,2014,"HTI","Haiti",3.20148706,4.40003729,5.02242136,-77,51.444,47.4563871277878,62.969,1460.18898613914,7.28632114888647
"2148",25.78125,2014,"HND","Honduras",11.55319595,11.32879734,11.29591942,7,54.514,35.8528215309078,71.032,2179.88171977271,7.68702589732617
"2149",10.0502512562814,2014,"HUN","Hungary",9.39469337,9.22200394,10.1105566,10,70.227,47.0990921438149,75.7634146341463,14352.501883174,9.57167955325056
"2150",11.4180478821363,2014,"IND","India",3.25070548,3.37624002,3.39333463,9,32.384,24.3084533862227,68.932,1553.88396075118,7.34851285680826
"2151",16.9369369369369,2014,"IDN","Indonesia",5.40550184,6.57872438,8.12968636,9,52.635,38.1356228773566,69.292,3441.06808464008,8.14353719189644
"2152",3.10344827586207,2014,"IRN","Iran, Islamic Rep.",22.59905243,22.59942055,21.07504082,0,72.83,15.6258393129144,75.635,5672.06372896319,8.64330830386168
"2153",25.3048780487805,2014,"IRQ","Iraq",2.36959839,1.68126464,5.98492527,6,69.758,16.2720680181851,69.679,6249.39226978969,8.74023950116899
"2154",15.6626506024096,2014,"IRL","Ireland",18.02405739,18.12460518,19.27320862,10,62.34,45.3251827287254,81.3487804878049,57278.2590911107,10.9556764082102
"2155",22.5,2014,"ISR","Israel",11.39859104,11.64510727,11.64842319,7,92.104,46.8652261606505,82.1536585365854,38343.3046626235,10.5543352064852
"2156",31.4285714285714,2014,"ITA","Italy",13.1522131,13.10222912,13.22727776,10,69.272,42.3877782673441,83.090243902439,36028.3494022349,10.4920613909313
"2157",12.6984126984127,2014,"JAM","Jamaica",11.25196075,12.82021999,12.68386555,9,54.584,44.2536898659915,72.357,4975.11325459872,8.51220341407704
"2158",8.125,2014,"JPN","Japan",22.57162476,23.15028763,23.17672729,10,91.304,42.5981258911194,83.5878048780488,38475.3952461838,10.5577742314596
"2159",12,2014,"JOR","Jordan",13.06403065,12.21973801,11.23799038,2,90,16.0205966199064,74.606,4191.18050084986,8.3407377156805
"2160",25.2173913043478,2014,"KAZ","Kazakhstan",10.03429031,8.39476204,9.48439407,0,57.118,50.0056107708966,71.415,12427.7094576939,9.42768389219765
"2161",19.1428571428571,2014,"KEN","Kenya",7.8450079,8.07448006,8.02543449,9,25.221,48.5100936784017,61.99,1482.81566253497,7.301698034031
"2162",16.3333333333333,2014,"KOR","Korea, Rep.",11.73864269,12.11640739,12.69044113,8,81.707,41.6052858324449,81.7219512195122,29252.9312377352,10.2837350608949
"2163",1.53846153846154,2014,"KWT","Kuwait",5.49223089,6.47667837,7.47804165,0,100,27.8229297380376,79.0803414634146,44368.781373043,10.7002913788852
"2164",23.3333333333333,2014,"KGZ","Kyrgyz Republic",7.13890553,7.12018585,6.41580772,7,35.635,42.8744204951133,70.4024390243902,1264.52668823891,7.14245317165156
"2165",25,2014,"LAO","Lao PDR",2.7363534,3.35080194,3.62799406,0,32.487,46.7410253600273,66.35,1981.03910900473,7.59137678855553
"2166",18,2014,"LVA","Latvia",8.36928844,8.57290077,9.12441349,8,67.952,49.5851488870018,74.1243902439024,15185.814581236,9.62811701984983
"2167",3.125,2014,"LBN","Lebanon",12.38764,12.66004276,13.16996193,6,87.947,27.5620485575877,78.148,7577.6413302369,8.9329572600595
"2168",26.6666666666667,2014,"LSO","Lesotho",11.59240246,10.86027813,10.33607674,9,26.502,45.7130913513405,50.786,1173.5377928819,7.06777822004042
"2169",10.958904109589,2014,"LBR","Liberia",2.46118927,3.24339032,3.89701653,7,49.397,47.4694920579162,59.21,706.714490064507,6.56062675132771
"2170",15.9574468085106,2014,"LBY","Libya",5.71347761,7.51431656,9.90810204,-77,79.009,33.7940911129838,71.3,8926.42074591474,9.09677078119624
"2171",24.113475177305,2014,"LTU","Lithuania",11.86656666,12.1975174,12.74764538,10,67.108,50.1002303539714,74.5170731707317,16446.1647181663,9.7078475811785
"2172",28.3333333333333,2014,"LUX","Luxembourg",10.8537426,10.63425922,10.69193459,10,89.884,44.4343566726949,82.2292682926829,123678.702143275,11.7254423700993
"2173",20.5298013245033,2014,"MDG","Madagascar",13.92414951,15.27427959,17.51086807,6,34.534,48.5440064113567,63.261,505.684922503435,6.22591379254048
"2174",16.6666666666667,2014,"MWI","Malawi",8.58090496,9.72891998,9.67796707,6,16.132,48.9729375244687,61.651,529.5133440206,6.27195836589597
"2175",10.3603603603604,2014,"MYS","Malaysia",7.82402515,8.22995281,8.26288128,6,73.577,37.0220788830177,75.345,11013.3107334403,9.3068598869163
"2176",9.52380952380952,2014,"MLI","Mali",4.45473289,4.39033413,5.43063307,6,39.196,42.2493431531578,57.482,940.243260037952,6.84613862905882
"2177",25.1700680272109,2014,"MRT","Mauritania",5.24069929,5.53021097,5.75632954,0,50.203,33.1232987361806,66.207,1713.00865264234,7.44600654947443
"2178",18.8405797101449,2014,"MUS","Mauritius",10.52838707,9.45841885,10.2022686,10,41.111,37.6521682126586,74.1943902439024,10366.3550754936,9.24632075202116
"2179",37.4,2014,"MEX","Mexico",10.34577084,10.86458778,10.41155815,8,78.993,37.4301595043344,74.404,11391.3773510244,9.34061197547126
"2180",17.8217821782178,2014,"MDA","Moldova",12.75728226,12.21473503,12.20803356,9,42.496,54.2083445173805,70.241,3289.95758568777,8.0986299517881
"2181",14.8648648648649,2014,"MNG","Mongolia",7.48502493,7.72666168,6.46197653,10,68.163,45.7587592010924,70.5831707317073,4126.23975800524,8.32512180100867
"2182",17.2839506172839,2014,"MNE","Montenegro",10.98364925,11.63480854,10.92123508,9,65.471,45.7741936714996,76.3390243902439,7364.96590101549,8.9044896990171
"2183",16.9620253164557,2014,"MAR","Morocco",6.83858538,6.97614002,7.02311468,1,60.256,25.7413333928232,72.522,3435.40698242188,8.14189067869253
"2184",5.59440559440559,2014,"MMR","Myanmar",4.46881723,4.97641897,3.05185008,0,29.65,39.7535669284651,64.994,1293.00042298688,7.16472070590783
"2185",29.4807370184255,2014,"NPL","Nepal",5.26823664,5.1459527,5.31455946,6,18.182,34.9465531796166,67.812,821.455224911731,6.7110774319283
"2186",38.6666666666667,2014,"NLD","Netherlands",15.55338001,15.20495033,15.2196064,10,89.69,46.3834544823856,81.7073170731707,53457.2234864322,10.8866370520634
"2187",29.7520661157025,2014,"NZL","New Zealand",19.46041298,18.89048386,19.2286396,10,86.281,47.365542677015,81.4568292682927,44618.266973847,10.7058986275605
"2188",42.3913043478261,2014,"NIC","Nicaragua",16.91161156,17.62554932,17.3873806,9,57.7,38.0928267692867,72.792,1958.37047579547,7.57986801652804
"2189",13.2743362831858,2014,"NER","Niger",5.40269423,4.58634472,5.68580914,7,16.219,41.6350599157904,58.693,565.30989731175,6.33737407159759
"2190",6.66666666666667,2014,"NGA","Nigeria",3.33638,5.33124638,4.8661375,4,46.982,47.3121037568865,51.94,3088.72131316169,8.03551246973616
"2191",33.3333333333333,2014,"MKD","North Macedonia",12.67158699,12.78399658,13.05398178,9,57.284,40.5227137994619,75.4512195121951,5925.38592218015,8.68700109842734
"2192",39.6449704142012,2014,"NOR","Norway",17.23254013,17.58081436,17.5472908,10,80.692,47.6656312501973,82.1,97666.6951838749,11.4893158913161
"2193",1.19047619047619,2014,"OMN","Oman",6.81304836,8.26050186,8.41111374,0,80.145,13.3104284578335,79.03,23160.6502252547,10.0502100066492
"2194",20.7430340557276,2014,"PAK","Pakistan",3.34264088,3.85042071,3.96031761,7,35.819,22.0688155339062,65.374,1266.61340849959,7.14410201024104
"2195",19.2982456140351,2014,"PAN","Panama",18.86981583,19.75140762,20.32551575,9,66.371,38.8075889021616,77.365,13213.1989637473,9.48897153048198
"2196",2.7027027027027,2014,"PNG","Papua New Guinea",7.47008181,6.0310936,8.04091835,5,12.988,47.4619158545211,64.198,2723.17529825196,7.90955386748449
"2197",15,2014,"PRY","Paraguay",17.92904282,15.69235611,16.44894409,9,60.474,40.0141918544756,73.415,6652.25478942291,8.80271114225862
"2198",22.3076923076923,2014,"PER","Peru",13.09590244,13.54340839,14.63433075,9,77.173,45.3211833676445,75.26,6667.1341036086,8.80494537695133
"2199",27.3356401384083,2014,"PHL","Philippines",7.50540447,8.25687599,7.75196695,8,46.093,39.9798670258095,69.311,2866.83803761407,7.96096497234975
"2200",24.3478260869565,2014,"POL","Poland",10.47513771,10.6386261,10.94753551,10,60.403,44.9520022161106,77.6024390243903,14262.2841914116,9.56537386286648
"2201",31.304347826087,2014,"PRT","Portugal",11.14972019,11.90821075,12.90125465,10,62.936,48.5995193801447,81.1219512195122,22120.6850127107,10.0042684231817
"2202",0,2014,"QAT","Qatar",6.50387287,8.28593731,7.58855581,0,98.868,13.4844625254264,81.395,95840.6310094498,11.470441997316
"2203",13.5135135135135,2014,"ROU","Romania",11.19048691,10.69948864,11.34897995,9,53.9,43.5417117071127,74.909756097561,10031.7710755404,9.21351244318853
"2204",13.5555555555556,2014,"RUS","Russian Federation",9.16428947,8.81614971,8.23394489,5,73.95,48.5677593957814,70.7436585365854,14055.47265625,9.55076711182179
"2205",63.75,2014,"RWA","Rwanda",7.98190641,7.9149456,8.88277149,0,16.967,47.2057432181166,65.088,724.957526109262,6.58611306846165
"2206",19.8675496688742,2014,"SAU","Saudi Arabia",9.27807522,10.06429672,12.60635757,0,82.96,11.7928137950101,77.116,27805.4850319422,10.2329885835243
"2207",43.3333333333333,2014,"SEN","Senegal",4.67551136,4.69870329,4.45693302,7,45.436,37.6023503525743,66.001,1398.89137601382,7.24343532762945
"2208",34,2014,"SRB","Serbia",12.02126503,11.91801167,11.64864445,9,55.583,44.7250369390286,75.3365853658537,6886.67809068704,8.8373441128648
"2209",12.0967741935484,2014,"SLE","Sierra Leone",7.57988453,6.20521784,4.44511318,8,40.432,50.1622612748942,54.281,1117.7586465721,7.01908075077829
"2210",25.2525252525253,2014,"SGP","Singapore",13.65520763,13.53679276,13.29581738,2,100,41.4358429352802,82.4951219512195,57564.8023114977,10.9606665889231
"2211",18.6666666666667,2014,"SVK","Slovak Republic",12.62564278,11.68604279,13.32912636,10,54,44.9969395615352,76.8121951219512,18770.9289896545,9.84006462167783
"2212",35.5555555555556,2014,"SVN","Slovenia",11.79327965,12.44879627,13.28496838,10,53.557,46.0988697788698,81.0780487804878,24013.0682060959,10.0863534697264
"2213",2,2014,"SLB","Solomon Islands",8.34682465,8.34106731,8.14615917,9,21.896,48.0646198360392,68.984,2164.9442392168,7.68014988454685
"2214",13.8181818181818,2014,"SOM","Somalia",3.88025784,5.01057673,5.38206244,5,42.679,30.9329024441538,54.442,429.431656725102,6.06246260588772
"2215",41.5,2014,"ZAF","South Africa",14.9161272,15.23773575,15.28983974,9,64.312,46.420950327258,63.184,6856.73137092522,8.8329861306274
"2216",39.7142857142857,2014,"ESP","Spain",14.08523941,14.77293682,15.08096981,10,79.366,45.8244507647723,83.2292682926829,29707.765509467,10.29916375558
"2217",5.77777777777778,2014,"LKA","Sri Lanka",9.03347492,8.40127754,8.56482697,4,18.218,33.6015228013606,75.757,3971.91913148166,8.28700466531069
"2218",11.7647058823529,2014,"SUR","Suriname",6.89829826,10.85628891,13.70886993,6,66.089,39.4626644927343,70.33,9108.18905406764,9.11692918389263
"2219",44.6991404011461,2014,"SWE","Sweden",18.14381027,18.3855648,18.3949585,10,86.247,47.4947355297684,82.2536585365854,59583.7140001673,10.9951375606817
"2220",31,2014,"CHE","Switzerland",10.87016106,11.00124073,11.25683117,10,73.696,46.4099575368145,83.1975609756098,88724.9910735609,11.3932968769068
"2221",12,2014,"SYR","Syrian Arab Republic",7.40168428,7.52296495,8.31573296,0,51.5,17.0559481622563,65.492,1060.59105886854,6.96658163440966
"2222",16.9491525423729,2014,"TJK","Tajikistan",7.56245518,6.40937662,6.09424782,1,26.655,39.1398835816944,69.697,1081.54402932039,6.98614495591014
"2223",36,2014,"TZA","Tanzania",6.93784666,7.33062935,9.52143383,2,30.904,49.0698732536141,63.364,1022.74841308594,6.93024880519348
"2224",6.09137055837564,2014,"THA","Thailand",12.66283321,12.53229141,13.58405399,0,46.943,45.1633466406612,76.279,5801.1978916205,8.66581970824752
"2225",38.4615384615385,2014,"TLS","Timor-Leste",3.71855545,4.50545216,3.0717392,9,29.133,45.3911990175492,65.027,1224.74957758801,7.11049167562212
"2226",17.5824175824176,2014,"TGO","Togo",4.55810213,4.03825331,4.25863695,1,39.579,47.8192974821947,58.766,855.585284856656,6.75178577843559
"2227",28.5714285714286,2014,"TTO","Trinidad and Tobago",7.47479582,8.30910397,10.17098999,10,53.413,42.5999962324355,72.898,21908.3017802988,9.99462092069913
"2228",31.3364055299539,2014,"TUN","Tunisia",13.54343796,12.1791687,12.51434994,7,67.772,27.4798300432546,74.784,4458.97895464547,8.40267508486874
"2229",14.4160583941606,2014,"TUR","Turkiye",10.22958183,9.78749466,9.85571289,4,73.077,30.0098503078391,76.452,12165.220135038,9.40633635082356
"2230",26.4,2014,"TKM","Turkmenistan",8.71374321,8.71145439,8.7136755,0,49.921,52.7464098727412,69.001,7164.14536184006,8.87684405357219
"2231",34.9740932642487,2014,"UGA","Uganda",7.00898075,5.08453417,5.17819309,1,21.504,50.1905863434012,63.057,896.054795546394,6.79800156684874
"2232",11.6666666666667,2014,"UKR","Ukraine",7.71915102,8.5692358,8.93868732,5,68.968,48.8590694383834,71.803,3054.908203125,8.02450482307732
"2233",17.5,2014,"ARE","United Arab Emirates",7.77782202,9.06668758,9.06668758,0,85.375,19.4189880832349,81.99,51381.4069901746,10.8470316542939
"2234",22.6153846153846,2014,"GBR","United Kingdom",18.42700768,18.66418648,19.02472878,10,82.365,46.8334608741746,81.3048780487805,47426.6209829995,10.7669389741453
"2235",19.3103448275862,2014,"USA","United States",21.47761154,22.3137188,22.46884346,10,81.483,45.1985755443416,78.8414634146341,55153.3940182967,10.9178735643709
"2236",13.1313131313131,2014,"URY","Uruguay",18.82110596,19.92226028,20.24422646,10,94.945,45.1665810105581,77.194,18322.4276767157,9.81588114455334
"2237",22,2014,"UZB","Uzbekistan",9.30243683,9.59653759,8.82013798,0,50.85,35.9434678162851,70.973,2674.9628382103,7.89169076697578
"2238",24.2971887550201,2014,"VNM","Viet Nam",9.12324142,8.49385166,9.59658623,0,33.115,49.3392699407741,73.886,2546.38464459903,7.84242984571055
"2239",0.332225913621262,2014,"YEM","Yemen, Rep.",2.82031083,2.2286694,2.5847981,-77,34.165,8.06493386751449,68.003,1430.1642096418,7.26554454857861
"2240",10.7594936708861,2014,"ZMB","Zambia",7.78466225,7.56145144,7.16456938,7,41.382,44.8656245315226,60.109,1707.48573136694,7.44277723496314
"2241",31.4814814814815,2014,"ZWE","Zimbabwe",13.35706425,7.55918026,6.68645287,5,32.504,50.2207309977034,58.106,1372.21474610373,7.22418131652154
"2242",27.710843373494,2015,"AFG","Afghanistan",2.01440597,2.14110541,2.31911564,1,24.803,20.2941507106953,62.27,565.569730408751,6.33783359548537
"2243",20.7142857142857,2015,"ALB","Albania",8.80356598,9.88866711,9.51418209,9,57.434,43.3882963772883,78.358,3981.72662261867,8.28947082898228
"2244",31.6017316017316,2015,"DZA","Algeria",10.60481071,10.60594082,10.60604,3,70.848,17.545082639305,75.159,4685.05902729002,8.45213379380127
"2245",36.8181818181818,2015,"AGO","Angola",4.56262541,5.43269682,5.36431932,2,63.446,49.7293671462917,61.042,3213.90261080059,8.07524124428285
"2246",10.6870229007634,2015,"ARM","Armenia",6.11530304,6.05354738,5.27347183,5,63.085,50.2761850712628,74.8707317073171,3512.39350276709,8.16405299368544
"2247",26.6666666666667,2015,"AUS","Australia",18.31171608,18.48745346,18.54751778,10,85.701,46.1133826979131,82.4,56739.0265346593,10.9462175516182
"2248",30.6010928961749,2015,"AUT","Austria",14.69124889,14.9603796,15.5459528,10,57.715,46.7735524316646,81.190243902439,43915.228020857,10.6900164186606
"2249",16.9354838709677,2015,"AZE","Azerbaijan",3.37282634,3.28987098,2.82377267,0,54.714,51.0883170048493,72.349,5500.50364628486,8.61259493907989
"2250",7.5,2015,"BHR","Bahrain",8.8659935,8.52599049,7.97665834,0,88.999,21.5127176918139,80.338,23734.0551143019,10.074666220389
"2251",20,2015,"BGD","Bangladesh",3.37688875,4.09935808,4.10705233,3,34.308,30.5528198510496,70.543,1224.38647668165,7.11019516215699
"2252",27.2727272727273,2015,"BLR","Belarus",8.82638741,10.30651379,10.1955843,0,77.181,49.669591119501,73.6243902439025,5967.05595058778,8.69400894414777
"2253",39.3333333333333,2015,"BEL","Belgium",15.34844685,15.59716988,15.92723083,8,97.876,46.0942477395928,80.9926829268293,40893.804537772,10.6187338522628
"2254",7.2289156626506,2015,"BEN","Benin",3.25478005,3.05096745,2.56150651,7,45.695,49.5798356655819,59.123,1002.41886879614,6.91017122702415
"2255",8.51063829787234,2015,"BTN","Bhutan",9.3686533,8.10247707,7.58420563,6,38.678,39.6084068399989,70.797,2954.04081911097,7.99092928124601
"2256",53.0769230769231,2015,"BOL","Bolivia",9.65893555,11.0932703,11.5229702,7,68.393,42.0832807135463,67.205,2996.01289811344,8.00503764973914
"2257",21.4285714285714,2015,"BIH","Bosnia and Herzegovina",14.9841013,15.62966251,15.4665451,-66,47.173,41.6156041375646,77.073,4662.25883724069,8.44725533869814
"2258",9.52380952380952,2015,"BWA","Botswana",10.41588783,11.21129513,14.31547451,8,67.155,45.9246051111825,63.215,6141.20394726616,8.72277608453614
"2259",9.94152046783626,2015,"BRA","Brazil",7.8409934,8.12482357,8.18641567,8,85.77,42.3754441598679,75.106,8936.19661712113,9.09786534331821
"2260",20.4166666666667,2015,"BGR","Bulgaria",10.23375225,11.82779217,11.83658028,9,73.99,46.5956811030772,74.6146341463415,7268.65445473873,8.89132647151867
"2261",9.44881889763779,2015,"BFA","Burkina Faso",7.15264177,11.03399467,9.99147034,7,27.53,44.9328122952652,58.778,630.124750752312,6.44591781684995
"2262",36.3636363636364,2015,"BDI","Burundi",10.44351768,9.90449238,8.35758591,2,12.078,51.7596133674041,60.107,280.966831311923,5.63823662433085
"2263",20.8333333333333,2015,"CPV","Cabo Verde",10.09395409,10.39242458,10.39242458,10,64.3,43.5803269578104,74.096,3415.06266730931,8.13595112243954
"2264",20.3252032520325,2015,"KHM","Cambodia",6.63314915,6.55302095,6.70265007,3,22.188,48.1314308623749,69.398,1547.32010444393,7.3442797486536
"2265",31.1111111111111,2015,"CMR","Cameroon",1.81293964,1.81293964,0.73440903,1,54.578,46.5388417786813,59.687,1415.00009710569,7.25488487870326
"2266",26.0355029585799,2015,"CAN","Canada",19.07842636,18.9714241,18.8314476,10,81.259,46.9006106075801,81.8258536585366,43594.1941045394,10.6826792577303
"2267",14.8936170212766,2015,"TCD","Chad",5.24520254,5.72502089,4.67839575,1,22.515,41.3634267936935,51.32,993.990730610869,6.90172788127192
"2268",15.8333333333333,2015,"CHL","Chile",16.02235031,16.75084496,17.97215843,10,87.36,40.9027061581934,80.008,13433.9202987032,9.50553815300463
"2269",23.6228455559311,2015,"CHN","China",9.41902351,8.95276546,8.79734421,0,55.5,44.6442298239507,76.975,8175.33285077393,9.00887671062759
"2270",19.8795180722892,2015,"COL","Colombia",17.03754425,17.65917969,18.60467529,7,79.764,42.1211337953078,76.067,6248.51490534512,8.74009909935072
"2271",3.03030303030303,2015,"COM","Comoros",2.44571519,3.03607512,3.58549595,9,28.47,37.7575351235816,64.473,1329.3704808998,7.19246078653155
"2272",7.35294117647059,2015,"COG","Congo, Rep.",2.70981026,2.88502312,3.41114736,0,65.543,49.0920665746835,63.662,2439.35189403696,7.79948766580678
"2273",33.3333333333333,2015,"CRI","Costa Rica",29.42484665,28.60595512,27.0343132,10,76.862,40.6048023832761,80.407,11714.7105980803,9.36860064710115
"2274",9.16334661354582,2015,"CIV","Cote d'Ivoire",4.8747077,4.85199261,5.15028763,5,49.444,43.0696592039633,58.281,1814.71855088017,7.50368566628902
"2275",15.2317880794702,2015,"HRV","Croatia",11.68794823,12.14272308,12.48068047,9,56.155,46.4742521490033,77.2756097560976,12285.3032582105,9.41615896989363
"2276",48.8562091503268,2015,"CUB","Cuba",18.2455864,17.30282402,15.51221848,0,76.896,39.961841037562,77.745,7727.91997207998,8.95259502025902
"2277",12.5,2015,"CYP","Cyprus",7.06502438,7.49849081,7.54293633,10,66.946,45.7734063282917,81.464,23487.228515625,10.0642120849801
"2278",20,2015,"CZE","Czechia",14.75444698,15.71675396,15.91351414,9,73.477,44.1357917642464,78.5780487804878,17931.5987670768,9.79431972977833
"2279",37.4301675977654,2015,"DNK","Denmark",15.98359871,16.44475365,16.77198982,10,87.526,46.8511420110263,80.7024390243902,53094.0133607574,10.8798194581388
"2280",12.7272727272727,2015,"DJI","Djibouti",4.06950951,5.13736486,4.8029952,3,77.417,27.7775503427446,62.833,2376.12554719873,7.77322651881667
"2281",20.7650273224044,2015,"DOM","Dominican Republic",14.19551849,15.69811821,15.71837234,8,78.566,39.3031238118353,72.982,6800.95309395474,8.82481804221828
"2282",41.6058394160584,2015,"ECU","Ecuador",10.16171741,10.42785549,11.44241047,6,63.398,39.9135175908973,76.222,5976.1596805651,8.69553344676442
"2283",32.1428571428571,2015,"SLV","El Salvador",17.73853302,17.65205383,16.50709915,8,69.7,41.4348104537844,70.952,3790.34089108162,8.24021123890809
"2284",24,2015,"GNQ","Equatorial Guinea",1.33363295,2.49651527,2.94384766,0,70.616,40.2693098728655,60.635,9068.91003238645,9.11260736305284
"2285",23.7623762376238,2015,"EST","Estonia",12.50648499,12.658885,12.35713005,9,68.416,48.7308269575722,77.590243902439,17722.1557669523,9.78257087403664
"2286",6.15384615384615,2015,"SWZ","Eswatini",8.58170605,8.21678448,9.96829319,0,23.3,47.6528235481459,54.941,3420.75357067279,8.13761614808684
"2287",38.7568555758684,2015,"ETH","Ethiopia",5.57211685,5.02445269,4.78836012,1,19.428,45.3239238232061,63.592,621.845673808133,6.43269194910543
"2288",16,2015,"FJI","Fiji",7.04417515,6.66789913,7.72321415,3,54.726,34.5324429001769,66.48,5097.53106864695,8.53651159730928
"2289",41.5,2015,"FIN","Finland",13.41370487,13.11674309,13.27501774,10,85.225,48.237231017605,81.4804878048781,42560.3456767103,10.6586782460857
"2290",26.1698440207972,2015,"FRA","France",14.51256371,15.17230511,15.21225166,10,79.655,47.8373758107503,82.3219512195122,36702.4323733379,10.5105983090491
"2291",14.1666666666667,2015,"GAB","Gabon",7.03487396,9.20255756,9.7150774,4,88.118,39.8091316733731,66.336,7047.12654634355,8.86037523064323
"2292",9.43396226415094,2015,"GMB","Gambia, The",5.0990448,6.65770149,4.49147081,0,59.228,47.3324797268459,62.971,619.53636429646,6.42897139877577
"2293",11.3333333333333,2015,"GEO","Georgia",9.60857868,10.32651424,9.5190258,8,57.448,46.9160151387607,73.241,4086.6223465965,8.31547407572165
"2294",36.4500792393027,2015,"DEU","Germany",19.51303673,19.59465599,19.91369629,10,77.2,46.1974522433232,80.6414634146341,41911.0109851054,10.6433038633937
"2295",10.9090909090909,2015,"GHA","Ghana",8.55785751,6.53767872,9.27400303,8,54.086,47.3549165376976,63.175,1722.77282833606,7.45169038125158
"2296",19.6666666666667,2015,"GRC","Greece",8.76884937,8.69437981,8.74206638,10,78.046,44.8819489280815,81.0365853658537,17980.7298238137,9.79705589807022
"2297",13.9240506329114,2015,"GTM","Guatemala",18.10749817,18.20531464,17.21218491,9,49.971,32.3067736075318,70.915,3893.50522093509,8.26706511595234
"2298",21.9298245614035,2015,"GIN","Guinea",1.97823358,4.11337852,3.46282434,4,35.141,44.1803953727353,57.899,747.356966759448,6.61654293813853
"2299",13.7254901960784,2015,"GNB","Guinea-Bissau",2.50101542,2.36231256,2.75228286,7,42.123,46.0462535143902,60.071,645.066837207039,6.46935393500403
"2300",30.4347826086957,2015,"GUY","Guyana",10.84070492,10.0542078,10.61353874,8,26.441,38.9126853377265,67.719,5640.41560569466,8.63771303073016
"2301",4.21052631578947,2015,"HTI","Haiti",4.40003729,5.02242136,4.54371977,-77,52.427,47.5405420238631,63.224,1411.12684746796,7.25214384679723
"2302",25.78125,2015,"HND","Honduras",11.32879734,11.29591942,10.62630653,7,55.165,36.3113904104683,71.323,2271.20265980349,7.72806477625859
"2303",10.1010101010101,2015,"HUN","Hungary",9.22200394,10.1105566,9.88259697,10,70.5,47.0137988361015,75.5682926829269,12782.9412577973,9.45586684681969
"2304",11.9705340699816,2015,"IND","India",3.37624002,3.39333463,3.66080451,9,32.777,24.366850772594,69.326,1583.99815907985,7.36770741017663
"2305",17.1171171171171,2015,"IDN","Indonesia",6.57872438,8.12968636,8.2089262,9,53.313,38.252327494345,69.52,3288.22269725538,8.09810248419129
"2306",3.10344827586207,2015,"IRN","Iran, Islamic Rep.",22.59942055,21.07504082,21.07489967,0,73.358,16.840402677669,75.907,4952.73355532178,8.50769493653632
"2307",26.5243902439024,2015,"IRQ","Iraq",1.68126464,5.98492527,4.7902565,6,69.921,16.7494313333385,69.977,4440.14189252367,8.39844161269123
"2308",16.2650602409639,2015,"IRL","Ireland",18.12460518,19.27320862,19.88340378,10,62.538,45.2196013866107,81.4536585365854,64311.8234684058,11.0714987730794
"2309",26.6666666666667,2015,"ISR","Israel",11.64510727,11.64842319,11.76198578,7,92.179,46.8726239768751,82.0512195121951,36213.1041481958,10.4971763253543
"2310",30.952380952381,2015,"ITA","Italy",13.10222912,13.22727776,13.12166309,10,69.565,42.0693157991689,82.5439024390244,30639.8829751432,10.3300578044981
"2311",12.6984126984127,2015,"JAM","Jamaica",12.82021999,12.68386555,13.9547863,9,54.833,45.3997910305296,72.214,5062.8955502426,8.5296938417438
"2312",9.47368421052632,2015,"JPN","Japan",23.15028763,23.17672729,24.46199036,10,91.381,42.7600285740469,83.7939024390244,34960.6393843385,10.4619781186279
"2313",12,2015,"JOR","Jordan",12.21973801,11.23799038,11.0992403,2,90.256,17.1056084948719,75.06,4042.75678097555,8.3046821097742
"2314",26.1682242990654,2015,"KAZ","Kazakhstan",8.39476204,9.48439407,7.85734415,0,57.191,49.9485850173805,72.024,10196.1226255982,9.22976279225756
"2315",19.7142857142857,2015,"KEN","Kenya",8.07448006,8.02543449,6.79240465,9,25.658,48.4954063138548,62.279,1489.11959777284,7.30594035032672
"2316",16.3333333333333,2015,"KOR","Korea, Rep.",12.11640739,12.69044113,13.183465,8,81.634,41.9267780338606,82.0243902439024,28737.4391706499,10.2659560523454
"2317",1.53846153846154,2015,"KWT","Kuwait",6.47667837,7.47804165,7.7408123,0,100,27.1805619923128,79.3765609756098,29882.2126867068,10.3050186889383
"2318",19.1666666666667,2015,"KGZ","Kyrgyz Republic",7.12018585,6.41580772,6.34161329,7,35.777,42.7239408268292,70.6512195121951,1105.65193844261,7.00819042951727
"2319",25,2015,"LAO","Lao PDR",3.35080194,3.62799406,4.07695913,0,33.108,46.7595895236771,66.688,2121.01339097363,7.65964926806367
"2320",18,2015,"LVA","Latvia",8.57290077,9.12441349,8.9280405,8,67.98,49.5643277668238,74.480487804878,13321.9753140616,9.49717022995096
"2321",3.125,2015,"LBN","Lebanon",12.66004276,13.16996193,12.02719212,6,88.106,28.1506969639444,78.275,7714.1099998804,8.9508063984384
"2322",25,2015,"LSO","Lesotho",10.86027813,10.33607674,11.97283363,9,26.908,45.4633836393256,51.83,1121.19851342518,7.02215349341139
"2323",10.958904109589,2015,"LBR","Liberia",3.24339032,3.89701653,3.95514584,7,49.82,47.4702153325446,59.248,692.590082351257,6.54043831241916
"2324",15.9574468085106,2015,"LBY","Libya",7.51431656,9.90810204,8.86267757,-77,79.27,33.8398085282178,71.644,7458.48917756374,8.91710814957245
"2325",23.4042553191489,2015,"LTU","Lithuania",12.1975174,12.74764538,12.6964941,10,67.23,50.4559650898327,74.3219512195122,14269.8039878287,9.56590097441499
"2326",28.3333333333333,2015,"LUX","Luxembourg",10.63425922,10.69193459,10.54775524,10,90.179,45.4034259044486,82.2926829268293,105462.012584423,11.5661060967676
"2327",20.5298013245033,2015,"MDG","Madagascar",15.27427959,17.51086807,15.03208733,6,35.193,48.5142378629393,63.362,445.320069480568,6.0987932808844
"2328",16.6666666666667,2015,"MWI","Malawi",9.72891998,9.67796707,8.18961334,6,16.313,48.9455692647172,62.324,539.605363240686,6.29083806357384
"2329",10.3603603603604,2015,"MYS","Malaysia",8.22995281,8.26288128,8.72014713,6,74.213,37.078135882462,75.288,9648.6797937523,9.17457637603625
"2330",8.84353741496599,2015,"MLI","Mali",4.39033413,5.43063307,5.13726282,6,39.991,43.0349055288912,57.852,838.11986940103,6.73116113249718
"2331",25.1700680272109,2015,"MRT","Mauritania",5.53021097,5.75632954,6.06559992,0,51.089,33.2363374467902,66.498,1554.94897871782,7.3491980129611
"2332",11.5942028985507,2015,"MUS","Mauritius",9.45841885,10.2022686,10.20433331,10,41,38.3453660934932,74.3531707317073,9507.87133656424,9.15987529626444
"2333",42.3694779116466,2015,"MEX","Mexico",10.86458778,10.41155815,10.7295351,8,79.285,37.7320062356707,74.431,10021.2386124039,9.21246198101164
"2334",21.7821782178218,2015,"MDA","Moldova",12.21473503,12.20803356,11.64592075,9,42.49,53.7787566160638,70.118,2749.55137054338,7.91919303936794
"2335",14.4736842105263,2015,"MNG","Mongolia",7.72666168,6.46197653,7.02317142,10,68.23,45.6452157790121,70.810243902439,3838.92126989984,8.25294668681964
"2336",17.2839506172839,2015,"MNE","Montenegro",11.63480854,10.92123508,9.72641945,9,65.806,46.2625526705173,76.6024390243903,6491.19280618646,8.77820158421064
"2337",16.9620253164557,2015,"MAR","Morocco",6.97614002,7.02311468,7.12353611,1,60.809,25.601328697301,72.894,3146.24780273438,8.05396584807324
"2338",39.6,2015,"MOZ","Mozambique",5.55443764,5.99889708,5.99591827,6,34.4,52.7270106249241,58.711,610.563774706589,6.41438275116873
"2339",12.6934984520124,2015,"MMR","Myanmar",4.97641897,3.05185008,3.6196053,-88,29.858,39.7070473414357,65.288,1166.73305546337,7.06196286187327
"2340",41.3461538461538,2015,"NAM","Namibia",9.64580059,10.46828175,10.65234089,6,46.9,48.5378850283496,60.008,4774.10650865775,8.47096211680025
"2341",29.5492487479132,2015,"NPL","Nepal",5.1459527,5.31455946,4.50787783,6,18.557,35.7071064174947,67.374,875.543635474862,6.77484499111767
"2342",37.3333333333333,2015,"NLD","Netherlands",15.20495033,15.2196064,15.31348705,10,90.173,46.509798187103,81.509756097561,45793.8135434697,10.7319042855087
"2343",31.404958677686,2015,"NZL","New Zealand",18.89048386,19.2286396,19.28339005,10,86.341,47.1189729780872,81.6124390243903,38665.3723018158,10.5626997059071
"2344",41.304347826087,2015,"NIC","Nicaragua",17.62554932,17.3873806,17.81918526,9,57.895,38.3338753319665,72.899,2074.45620634731,7.63745432908844
"2345",13.2743362831858,2015,"NER","Niger",4.58634472,5.68580914,9.66281414,7,16.247,41.4866457702499,58.85,485.662574175279,6.1855140909479
"2346",5.55555555555556,2015,"NGA","Nigeria",5.33124638,4.8661375,4.44235229,8,47.838,47.2833674811657,51.939,2585.73360671797,7.85776454038206
"2347",33.3333333333333,2015,"MKD","North Macedonia",12.78399658,13.05398178,11.82731819,9,57.408,40.3381856547562,75.4024390243902,5262.68671928674,8.56839695846082
"2348",39.6449704142012,2015,"NOR","Norway",17.58081436,17.5472908,17.39582634,10,81.091,47.5172980406866,82.3048780487805,74809.9658049898,11.2227063877749
"2349",1.17647058823529,2015,"OMN","Oman",8.26050186,8.41111374,8.94559097,0,81.35,13.3986971544229,79.346,18808.3077921839,9.84205395504686
"2350",20.5882352941176,2015,"PAK","Pakistan",3.85042071,3.96031761,4.77192211,7,36.026,22.5769490636701,65.641,1380.47020838317,7.23017945082817
"2351",18.3098591549296,2015,"PAN","Panama",19.75140762,20.32551575,20.63718033,9,66.696,39.471509209158,77.583,14082.6548502728,9.5526991666447
"2352",2.7027027027027,2015,"PNG","Papua New Guinea",6.0310936,8.04091835,9.15498066,5,13.012,47.4345769518724,64.473,2484.5963398603,7.81786548664813
"2353",15,2015,"PRY","Paraguay",15.69235611,16.44894409,15.87635136,9,60.75,40.3692835228916,73.454,5879.33792308671,8.67919943643852
"2354",22.3076923076923,2015,"PER","Peru",13.54340839,14.63433075,14.43339157,9,77.357,44.9529683933736,75.732,6231.71150338894,8.73740629369806
"2355",27.2413793103448,2015,"PHL","Philippines",8.25687599,7.75196695,7.62032938,8,46.284,40.0854321061309,69.45,2909.85818010301,7.97585962361814
"2356",27.3913043478261,2015,"POL","Poland",10.6386261,10.94753551,10.93916798,10,60.278,44.9444158600552,77.4512195121951,12637.5220324406,9.44442560674486
"2357",34.7826086956522,2015,"PRT","Portugal",11.90821075,12.90125465,12.54052448,10,63.514,48.7556677990878,81.1243902439025,19215.7813014347,9.86348716318894
"2358",0,2015,"QAT","Qatar",8.28593731,7.58855581,7.82535124,0,98.945,13.35318448566,81.785,68985.2946961507,11.1416486405204
"2359",13.715710723192,2015,"ROU","Romania",10.69948864,11.34897995,12.13512135,9,53.887,43.3423692701722,74.9121951219512,8977.01748158196,9.10242297712941
"2360",13.5555555555556,2015,"RUS","Russian Federation",8.81614971,8.23394489,8.78356075,5,74.05,48.4156508978931,71.1834146341463,9277.7138671875,9.13537044491238
"2361",63.75,2015,"RWA","Rwanda",7.9149456,8.88277149,8.88277149,0,17.004,47.2860689450796,65.419,733.998630392314,6.59850716266225
"2362",19.8675496688742,2015,"SAU","Saudi Arabia",10.06429672,12.60635757,13.51315784,0,83.18,12.1868982702545,77.776,23256.1549553531,10.0543251052434
"2363",42.6666666666667,2015,"SEN","Senegal",4.69870329,4.45693302,4.49900484,7,45.862,38.0136493971211,66.451,1218.00613555438,7.10497048565812
"2364",34,2015,"SRB","Serbia",11.91801167,11.64864445,11.78833294,9,55.696,44.6641875303749,75.2878048780488,5820.3215576888,8.66911078966123
"2365",12.396694214876,2015,"SLE","Sierra Leone",6.20521784,4.44511318,3.63211203,8,40.829,49.6925837096971,55.454,964.575980888988,6.87168860673288
"2366",23.9130434782609,2015,"SGP","Singapore",13.53679276,13.29581738,15.28181934,2,100,41.9621771217712,82.7439024390244,55645.6068614606,10.9267584112958
"2367",18.6666666666667,2015,"SVK","Slovak Republic",11.68604279,13.32912636,13.52356625,10,53.889,45.0333428412505,76.5634146341463,16442.0760860018,9.70759894324071
"2368",36.6666666666667,2015,"SVN","Slovenia",12.44879627,13.28496838,13.33455563,10,53.781,46.0610287638158,80.7756097560976,20697.2748530619,9.93775732097635
"2369",2,2015,"SLB","Solomon Islands",8.34106731,8.14615917,8.28603458,9,22.36,48.0429936207397,69.323,2045.47889485251,7.6233872194734
"2370",13.8181818181818,2015,"SOM","Somalia",5.01057673,5.38206244,4.4372673,5,43.245,30.9787820218048,55.056,445.583080073396,6.09938371678218
"2371",42,2015,"ZAF","South Africa",15.23773575,15.28983974,15.28983974,9,64.828,46.283332136332,64.053,6112.27382485974,8.7180541310306
"2372",41.1428571428571,2015,"ESP","Spain",14.77293682,15.08096981,15.2698698,10,79.602,45.9363241043124,82.8317073170732,25982.4416197775,10.1651762665545
"2373",4.88888888888889,2015,"LKA","Sri Lanka",8.40127754,8.56482697,7.6372261,7,18.256,34.3796531968687,75.99,4057.7158346231,8.30837549196614
"2374",25.4901960784314,2015,"SUR","Suriname",10.85628891,13.70886993,11.39440918,6,66.056,39.79050321752,70.567,8813.61705392067,9.08405319697913
"2375",43.5530085959885,2015,"SWE","Sweden",18.3855648,18.3949585,18.55545616,10,86.553,47.6282715568101,82.2048780487805,51197.9529341175,10.8434548284728
"2376",32,2015,"CHE","Switzerland",11.00124073,11.25683117,11.40777302,10,73.718,46.4888694132695,82.8975609756098,83806.4476003837,11.3362652238491
"2377",12.4,2015,"SYR","Syrian Arab Republic",7.52296495,8.31573296,8.94476509,0,52.168,16.9942019914678,63.265,847.731631942565,6.7425641139383
"2378",19.047619047619,2015,"TJK","Tajikistan",6.40937662,6.09424782,5.88567734,1,26.742,39.6006284175129,69.665,956.916310930656,6.86371593823578
"2379",36,2015,"TZA","Tanzania",7.33062935,9.52143383,9.52143383,4,31.617,49.0243251979858,63.928,939.127319335938,6.84495106036383
"2380",6.09137055837564,2015,"THA","Thailand",12.53229141,13.58405399,13.10159683,0,47.694,45.2597832615223,76.563,5688.85335397884,8.64626398730096
"2381",38.4615384615385,2015,"TLS","Timor-Leste",4.50545216,3.0717392,5.14604425,9,29.49,45.478653525361,65.326,1319.59297370991,7.18507861477971
"2382",17.5824175824176,2015,"TGO","Togo",4.03825331,4.25863695,6.45040607,1,40.1,47.842932226154,59.22,751.052405084336,6.62147542973484
"2383",30.952380952381,2015,"TTO","Trinidad and Tobago",8.30910397,10.17098999,11.17306709,10,53.319,42.045084117942,72.882,19887.2337359338,9.89783328404271
"2384",31.3364055299539,2015,"TUN","Tunisia",12.1791687,12.51434994,11.56119919,7,68.056,27.938171963243,74.875,4014.94773686432,8.29777960932586
"2385",14.9090909090909,2015,"TUR","Turkiye",9.78749466,9.85571289,9.89171028,4,73.611,30.7732681673359,76.539,11049.9951100942,9.31018526442039
"2386",25.8064516129032,2015,"TKM","Turkmenistan",8.71145439,8.7136755,8.71392441,0,50.317,52.8249256723431,69.061,5759.497903834,8.6586055804172
"2387",34.9740932642487,2015,"UGA","Uganda",5.08453417,5.17819309,3.92163825,1,22.06,49.9040944195056,63.831,862.934610355811,6.76033891805723
"2388",12.085308056872,2015,"UKR","Ukraine",8.5692358,8.93868732,8.44667339,5,69.061,48.5797887753229,72.686,2094.47387695313,7.64705766809787
"2389",22.5,2015,"ARE","United Arab Emirates",9.06668758,9.06668758,7.80896568,0,85.674,19.8573647175655,82.076,43534.9972694631,10.6813204285422
"2390",29.3846153846154,2015,"GBR","United Kingdom",18.66418648,19.02472878,18.80131912,10,82.626,46.8655763447671,80.9560975609756,44983.885522934,10.7140596051292
"2391",19.3548387096774,2015,"USA","United States",22.3137188,22.46884346,22.55603981,10,81.671,45.0678000682997,78.690243902439,56849.4697923159,10.9481621727028
"2392",16.1616161616162,2015,"URY","Uruguay",19.92226028,20.24422646,20.31971931,10,95.045,45.318798795734,77.285,17125.9016800298,9.74834731459277
"2393",16,2015,"UZB","Uzbekistan",9.59653759,8.82013798,8.99117374,0,50.75,35.7361371919458,71.33,2803.19018021751,7.93851339767426
"2394",24.2971887550201,2015,"VNM","Viet Nam",8.49385166,9.59658623,10.09323883,0,33.809,49.1226042773037,73.955,2577.56885340113,7.85460192878403
"2395",0,2015,"YEM","Yemen, Rep.",2.2286694,2.5847981,2.9408741,-77,34.777,8.05374324621515,66.761,1362.17381205593,7.21683709388004
"2396",12.6582278481013,2015,"ZMB","Zambia",7.56145144,7.16456938,10.05217934,7,41.907,44.9724306228959,60.728,1295.87788680068,7.16694364932532
"2397",31.4814814814815,2015,"ZWE","Zimbabwe",7.55918026,6.68645287,5.56372261,5,32.385,50.218885683407,58.989,1386.41855927575,7.23447912497924
"2398",27.710843373494,2016,"AFG","Afghanistan",2.14110541,2.31911564,1.90904689,1,25.02,21.3541814997194,62.646,522.082215583898,6.25782507659922
"2399",22.8571428571429,2016,"ALB","Albania",9.88866711,9.51418209,9.88601398,9,58.421,44.4821163582646,78.643,4168.37544462548,8.33528165726162
"2400",31.6017316017316,2016,"DZA","Algeria",10.60594082,10.60604,10.60616875,3,71.459,17.3211421190996,75.31,4424.98529027556,8.39502223320499
"2401",36.8181818181818,2016,"AGO","Angola",5.43269682,5.36431932,5.36431932,2,64.149,49.7466731277636,61.619,1807.95294072643,7.4999505122541
"2402",35.7976653696498,2016,"ARG","Argentina",15.52159119,16.03947067,15.48355103,9,91.627,41.1544274598568,76.105,12699.9623137756,9.44935430502304
"2403",10.6870229007634,2016,"ARM","Armenia",6.05354738,5.27347183,5.13385916,5,63.082,50.24198500748,74.8682926829268,3524.42476874707,8.16747251575901
"2404",28.6666666666667,2016,"AUS","Australia",18.48745346,18.54751778,18.51688385,10,85.8,46.4203066906294,82.4487804878049,49888.0410842736,10.8175365953873
"2405",30.6010928961749,2016,"AUT","Austria",14.9603796,15.5459528,15.80690002,10,57.905,46.7377126761258,81.6414634146342,45061.4993920192,10.715783488888
"2406",16.8,2016,"AZE","Azerbaijan",3.28987098,2.82377267,2.67803526,0,55.021,50.825631075067,72.568,3880.6852276838,8.26376702209762
"2407",7.5,2016,"BHR","Bahrain",8.52599049,7.97665834,7.23445129,0,89.09,20.9445374580065,80.407,23800.001440631,10.0774409201903
"2408",20,2016,"BGD","Bangladesh",4.09935808,4.10705233,3.75035429,3,35.083,30.7886799752479,71.075,1649.28380858601,7.40809641726289
"2409",34.5454545454545,2016,"BLR","Belarus",10.30651379,10.1955843,10.30541611,0,77.661,49.6368393038471,73.8268292682927,5039.77560949445,8.52511683814858
"2410",39.3333333333333,2016,"BEL","Belgium",15.59716988,15.92723083,15.91589451,8,97.919,46.0051823904301,81.4390243902439,41854.5498296444,10.6419557875625
"2411",7.2289156626506,2016,"BEN","Benin",3.05096745,2.56150651,2.71143031,7,46.229,49.6540029572955,59.283,1010.5338961993,6.91823408026852
"2412",8.51063829787234,2016,"BTN","Bhutan",8.10247707,7.58420563,7.70324659,6,39.428,39.6802384349242,71.119,3152.30905106786,8.05589049536792
"2413",53.0769230769231,2016,"BOL","Bolivia",11.0932703,11.5229702,12.9346056,7,68.738,42.1214529396182,67.392,3035.87347732132,8.01825446351054
"2414",21.4285714285714,2016,"BIH","Bosnia and Herzegovina",15.62966251,15.4665451,15.14290047,-66,47.518,41.6317536518935,77.124,4928.5665251728,8.50280345907117
"2415",9.52380952380952,2016,"BWA","Botswana",11.21129513,14.31547451,11.54210281,8,67.933,45.9472374553981,64.32,6749.05994339013,8.81715850652203
"2416",9.94152046783626,2016,"BRA","Brazil",8.12482357,8.18641567,8.18614292,8,86.042,42.5375348108722,75.081,8836.28652735657,9.08662199128413
"2417",20.4166666666667,2016,"BGR","Bulgaria",11.82779217,11.83658028,11.4341774,9,74.329,46.1580796078755,74.8121951219512,7822.49923292968,8.96475937748355
"2418",9.44881889763779,2016,"BFA","Burkina Faso",11.03399467,9.99147034,8.78477097,7,28.134,44.8508201805173,59.173,663.742364842886,6.49789406942842
"2419",36.3636363636364,2016,"BDI","Burundi",9.90449238,8.35758591,7.90786219,2,12.388,51.6323183456973,60.789,235.286205393908,5.46080266840452
"2420",23.6111111111111,2016,"CPV","Cabo Verde",10.39242458,10.39242458,10.39242458,10,64.784,43.6004003930125,74.35,3608.96605234906,8.19117659821148
"2421",20.3252032520325,2016,"KHM","Cambodia",6.55302095,6.70265007,7.08351898,3,22.582,48.4438137109221,69.635,1675.19555711109,7.42368518795844
"2422",31.1111111111111,2016,"CMR","Cameroon",1.81293964,0.73440903,1.95703375,1,55.179,46.1485296869078,60.293,1441.7201725688,7.27359224392972
"2423",26.0355029585799,2016,"CAN","Canada",18.9714241,18.8314476,18.74746895,10,81.3,46.9985587796476,81.94,42314.0615817218,10.6528747348932
"2424",7.19424460431655,2016,"CAF","Central African Republic",4.94713306,5.25997734,3.91087461,7,40.618,46.719276697681,50.999,387.176203444318,5.9588798954671
"2425",14.8936170212766,2016,"TCD","Chad",5.72502089,4.67839575,4.87230015,1,22.677,41.1524090155762,51.603,861.831767630746,6.75906008645495
"2426",15.8333333333333,2016,"CHL","Chile",16.75084496,17.97215843,18.30398941,10,87.422,41.1888248729838,80.295,13649.8520452803,9.52148396138076
"2427",23.6228455559311,2016,"CHN","China",8.95276546,8.79734421,8.76146317,0,56.736,44.7142723712696,77.214,8254.86859320357,9.01855843777854
"2428",19.8795180722892,2016,"COL","Colombia",17.65917969,18.60467529,15.75658035,7,80.108,42.0872850662821,76.228,5959.84250367574,8.69279933415247
"2429",3.03030303030303,2016,"COM","Comoros",3.03607512,3.58549595,3.99391246,9,28.619,38.2778910348692,64.792,1365.48403353158,7.219264248082
"2430",7.35294117647059,2016,"COG","Congo, Rep.",2.88502312,3.41114736,3.48719907,0,66.001,49.0342155735676,63.911,2093.10728558843,7.64640498037186
"2431",33.3333333333333,2016,"CRI","Costa Rica",28.60595512,27.0343132,27.91470909,10,77.735,39.2744508079805,79.988,12091.0301606335,9.40021914764087
"2432",9.16334661354582,2016,"CIV","Cote d'Ivoire",4.85199261,5.15028763,5.11727667,5,49.881,42.3640755809268,58.814,1862.59597081287,7.52972647687941
"2433",12.5827814569536,2016,"HRV","Croatia",12.14272308,12.48068047,12.3479166,9,56.403,46.2523280448321,77.9219512195122,12821.1738140304,9.45885328744001
"2434",48.8562091503268,2016,"CUB","Cuba",17.30282402,15.51221848,14.9355917,0,76.93,40.0038638010142,77.571,8110.55873961397,9.00092203987982
"2435",17.8571428571429,2016,"CYP","Cyprus",7.49849081,7.54293633,6.73227549,10,66.881,45.4424114091288,81.534,24715.154296875,10.1151718687673
"2436",20,2016,"CZE","Czechia",15.71675396,15.91351414,15.55736828,9,73.57,44.2490463349851,79.0268292682927,18753.9686718096,9.83916067149772
"2437",37.4301675977654,2016,"DNK","Denmark",16.44475365,16.77198982,16.73004532,10,87.642,47.2433304738527,80.8536585365854,54500.9260410217,10.9059729720854
"2438",12.7272727272727,2016,"DJI","Djibouti",5.13736486,4.8029952,5.15085363,3,77.528,28.1576776437538,63.335,2510.4300076241,7.82820933523114
"2439",26.8421052631579,2016,"DOM","Dominican Republic",15.69811821,15.71837234,15.44442081,8,79.436,39.571326939022,72.889,7160.44200982307,8.87632699126479
"2440",41.6058394160584,2016,"ECU","Ecuador",10.42785549,11.44241047,12.16294384,6,63.534,41.3268696194679,76.094,5917.63771271481,8.685692613228
"2441",14.9328859060403,2016,"EGY","Egypt, Arab Rep.",5.05797672,5.41994762,4.72158527,0,42.732,24.6636639603665,70.437,3270.6287768197,8.09273753189583
"2442",32.1428571428571,2016,"SLV","El Salvador",17.65205383,16.50709915,16.6670742,8,70.501,41.6795171834086,70.908,3901.34014965811,8.26907540120858
"2443",24,2016,"GNQ","Equatorial Guinea",2.49651527,2.94384766,3.22602749,0,71.138,40.1265789404288,61.081,7453.19797948517,8.91639847825962
"2444",23.7623762376238,2016,"EST","Estonia",12.658885,12.35713005,12.5386591,9,68.563,48.4846160858599,77.6414634146342,18666.3736521706,9.83447898372083
"2445",6.15384615384615,2016,"SWZ","Eswatini",8.21678448,9.96829319,9.69767475,0,23.459,47.7144560819935,56.228,3239.80707501414,8.08326906226479
"2446",38.7568555758684,2016,"ETH","Ethiopia",5.02445269,4.78836012,4.76060486,1,19.866,44.9369457517258,64.162,696.196084806324,6.54563135169925
"2447",16,2016,"FJI","Fiji",6.66789913,7.72321415,7.75502872,3,55.235,33.660332891442,66.657,5363.79026679243,8.58742614348659
"2448",41.5,2016,"FIN","Finland",13.11674309,13.27501774,13.31088448,10,85.275,47.9922426968028,81.4292682926829,43451.2562442158,10.6793950426856
"2449",26.1698440207972,2016,"FRA","France",15.17230511,15.21225166,15.21739674,10,79.917,47.9005082473534,82.5731707317073,37024.2157133669,10.5193274562882
"2450",14.1666666666667,2016,"GAB","Gabon",9.20255756,9.7150774,9.41520691,4,88.559,39.7510814972457,66.583,6677.07003901644,8.80643455339645
"2451",9.43396226415094,2016,"GMB","Gambia, The",6.65770149,4.49147081,5.62609911,0,59.918,47.2360503457744,63.386,650.056501323611,6.47705928422516
"2452",16,2016,"GEO","Georgia",10.32651424,9.5190258,10.32494831,8,57.837,46.3496019979828,73.136,4143.40125686315,8.32927228915275
"2453",36.4500792393027,2016,"DEU","Germany",19.59465599,19.91369629,20.02029991,10,77.224,46.2396838705807,80.990243902439,42961.0356905775,10.6680488371458
"2454",10.9090909090909,2016,"GHA","Ghana",6.53767872,9.27400303,6.56050444,8,54.749,47.5964337494282,63.522,1912.47991339951,7.55615606284789
"2455",19.6666666666667,2016,"GRC","Greece",8.69437981,8.74206638,8.6648283,10,78.387,45.0243869028093,81.3878048780488,17919.2426377048,9.79363042211486
"2456",13.9240506329114,2016,"GTM","Guatemala",18.20531464,17.21218491,16.67445374,9,50.319,33.1664616117631,71.215,4060.13754974186,8.30897213126865
"2457",21.9298245614035,2016,"GIN","Guinea",4.11337852,3.46282434,3.85050702,4,35.46,43.5047675000198,58.49,711.996509782316,6.56807300940883
"2458",13.7254901960784,2016,"GNB","Guinea-Bissau",2.36231256,2.75228286,2.59429789,7,42.533,46.1049528618224,60.619,679.665386626818,6.52160059856983
"2459",30.4347826086957,2016,"GUY","Guyana",10.0542078,10.61353874,10.71157551,8,26.482,39.7275985663082,68.069,5870.87823759835,8.67775951621334
"2460",0,2016,"HTI","Haiti",5.02242136,4.54371977,4.67501688,-88,53.396,47.6447432704952,63.325,1318.40268167953,7.18417619319405
"2461",25.78125,2016,"HND","Honduras",11.29591942,10.62630653,10.8920126,7,55.813,36.2470090593715,71.615,2307.34468351082,7.74385265469053
"2462",10.1010101010101,2016,"HUN","Hungary",10.1105566,9.88259697,9.88092327,10,70.779,46.9531423769605,76.0634146341464,13215.8605277789,9.48917294241958
"2463",11.9705340699816,2016,"IND","India",3.39333463,3.66080451,3.67532182,9,33.182,24.4420298851575,69.709,1707.50892912243,7.44279082078555
"2464",17.1171171171171,2016,"IDN","Indonesia",8.12968636,8.2089262,8.40313911,9,53.989,38.5308483260481,69.733,3521.46943457574,8.16663363448735
"2465",5.88235294117647,2016,"IRN","Iran, Islamic Rep.",21.07504082,21.07489967,22.5409317,0,73.88,18.4319187948572,76.155,5477.03712389913,8.60831956290556
"2466",26.5243902439024,2016,"IRQ","Iraq",5.98492527,4.7902565,6.42973948,6,70.094,17.2500171659918,68.683,4334.42096404188,8.37434330798439
"2467",22.1518987341772,2016,"IRL","Ireland",19.27320862,19.88340378,18.70609856,10,62.737,45.5422539981121,81.6536585365854,64192.9418053178,11.069648542907
"2468",26.6666666666667,2016,"ISR","Israel",11.64842319,11.76198578,11.75350666,7,92.256,47.0220953098467,82.4073170731707,37671.5389138798,10.5366601523571
"2469",30.952380952381,2016,"ITA","Italy",13.22727776,13.12166309,13.25070477,10,69.855,42.2581173938512,83.2439024390244,31391.5692898108,10.3542946418903
"2470",17.4603174603175,2016,"JAM","Jamaica",12.68386555,13.9547863,13.03939724,9,55.098,45.1152907879613,72.052,5009.79448724295,8.51915017272716
"2471",9.47368421052632,2016,"JPN","Japan",23.17672729,24.46199036,24.48888969,10,91.457,43.0975667735446,83.9848780487805,39375.4731620781,10.5808983928704
"2472",15.3846153846154,2016,"JOR","Jordan",11.23799038,11.0992403,9.97671986,2,90.506,18.3456284490061,75.55,3986.71677010853,8.29072330651051
"2473",27.1028037383178,2016,"KAZ","Kazakhstan",9.48439407,7.85734415,9.09603882,0,57.264,49.8850082069957,72.549,7475.56688689424,8.91939523309496
"2474",19.7142857142857,2016,"KEN","Kenya",8.02543449,6.79240465,7.21874523,9,26.105,48.4799332202258,62.526,1554.12610314423,7.34866867508978
"2475",17,2016,"KOR","Korea, Rep.",12.69044113,13.183465,13.69931316,8,81.562,42.0834854613584,82.2756097560976,29280.4403170048,10.2846750061112
"2476",2,2016,"KWT","Kuwait",7.47804165,7.7408123,9.01217556,0,100,26.3329783924244,79.6775853658537,27323.6890643847,10.215509336208
"2477",19.1666666666667,2016,"KGZ","Kyrgyz Republic",6.41580772,6.34161329,7.33437634,7,35.944,42.3478173315567,70.9512195121951,1103.27489428412,7.00603821239462
"2478",27.5167785234899,2016,"LAO","Lao PDR",3.62799406,4.07695913,4.19733047,0,33.736,46.7953958893206,67.014,2303.22156035363,7.74206410029689
"2479",18,2016,"LVA","Latvia",9.12441349,8.9280405,9.4064827,8,68.021,50.0778217507045,74.580487804878,13838.5266823272,9.535211769916
"2480",3.125,2016,"LBN","Lebanon",13.16996193,12.02719212,11.66725445,6,88.266,28.9081414583015,78.306,8089.012088155,8.99826188741108
"2481",25,2016,"LSO","Lesotho",10.33607674,11.97283363,10.77791023,9,27.317,45.2031461409937,52.908,992.491840678465,6.90021879154868
"2482",10.958904109589,2016,"LBR","Liberia",3.89701653,3.95514584,5.16622925,7,50.254,47.4825610157336,60.483,714.613063145659,6.57174122578279
"2483",15.9574468085106,2016,"LBY","Libya",9.90810204,8.86267757,9.27033234,-77,79.54,33.891664926892,71.799,7525.80299308216,8.92609279396811
"2484",21.2765957446809,2016,"LTU","Lithuania",12.74764538,12.6964941,12.67276096,10,67.366,50.5799766116658,74.6707317073171,14934.2702840428,9.61141387000177
"2485",28.3333333333333,2016,"LUX","Luxembourg",10.69193459,10.54775524,10.59996128,10,90.46,45.4946297735346,82.6853658536585,106899.293549552,11.5796424884745
"2486",20.5298013245033,2016,"MDG","Madagascar",17.51086807,15.03208733,10.42956638,6,35.856,48.5673360538893,63.431,453.970714522463,6.11803269050365
"2487",16.6666666666667,2016,"MWI","Malawi",9.67796707,8.18961334,8.7133112,6,16.506,48.9254708269779,63.163,450.506105510719,6.11037162969955
"2488",10.3603603603604,2016,"MYS","Malaysia",8.26288128,8.72014713,8.45166874,6,74.84,37.1671879195127,75.371,9476.53409809923,9.15657392693423
"2489",8.84353741496599,2016,"MLI","Mali",5.43063307,5.13726282,5.66878557,6,40.783,42.2778505454421,58.286,872.468587171653,6.77132665018679
"2490",25.1700680272109,2016,"MRT","Mauritania",5.75632954,6.06559992,4.79712772,0,51.962,33.3412480068214,66.823,1565.76575722696,7.35613028504766
"2491",11.5942028985507,2016,"MUS","Mauritius",10.2022686,10.20433331,10.20625019,10,40.91,37.9520304799553,74.3948780487805,9965.72531085228,9.20690701583379
"2492",42.4,2016,"MEX","Mexico",10.41155815,10.7295351,10.41115475,8,79.577,37.8915569404,74.376,9097.92397674769,9.115801532055
"2493",21.7821782178218,2016,"MDA","Moldova",12.20803356,11.64592075,12.02570248,9,42.511,53.7772250250497,70.179,2847.08794770479,7.95405197816192
"2494",17.1052631578947,2016,"MNG","Mongolia",6.46197653,7.02317142,7.37636042,10,68.297,45.4530867855347,70.2239024390244,3619.90026383792,8.19420175301428
"2495",23.4567901234568,2016,"MNE","Montenegro",10.92123508,9.72641945,10.53136349,9,66.141,45.5294297189353,76.5414634146342,6999.1358134109,8.85354196518921
"2496",20.5063291139241,2016,"MAR","Morocco",7.02311468,7.12353611,7.18196535,1,61.36,24.9259534167003,73.228,3140.85546875,8.05225048407371
"2497",39.6,2016,"MOZ","Mozambique",5.99889708,5.99591827,5.76476336,6,34.926,52.7033824318656,59.455,441.489734819071,6.09015476908078
"2498",9.93071593533487,2016,"MMR","Myanmar",3.05185008,3.6196053,3.45481491,8,30.082,39.2974981365073,65.64,1229.19713515893,7.11411649959866
"2499",41.3461538461538,2016,"NAM","Namibia",10.46828175,10.65234089,9.98526669,6,47.961,47.8818223594917,60.81,4395.68776162376,8.38837928516283
"2500",29.5798319327731,2016,"NPL","Nepal",5.31455946,4.50787783,3.81159782,6,18.942,36.3758986150756,68.444,877.256454696737,6.77679937231227
"2501",37.3333333333333,2016,"NLD","Netherlands",15.2196064,15.31348705,15.57730007,10,90.635,46.6376141963159,81.5609756097561,46808.5291492503,10.7538207120797
"2502",31.404958677686,2016,"NZL","New Zealand",19.2286396,19.28339005,18.96507454,10,86.4,47.053023413981,81.6585365853659,40113.7195382428,10.5994736879037
"2503",45.6521739130435,2016,"NIC","Nicaragua",17.3873806,17.81918526,18.74295044,7,58.09,38.560167609615,73.18,2131.68704828322,7.66466898665169
"2504",14.6198830409357,2016,"NER","Niger",5.68580914,9.66281414,8.3492775,6,16.29,41.3409674654766,59.228,502.706475406446,6.22000645186969
"2505",5.55555555555556,2016,"NGA","Nigeria",4.8661375,4.44235229,3.8811214,8,48.683,47.1813940554039,52.189,2070.4127339595,7.63550325477042
"2506",33.3333333333333,2016,"MKD","North Macedonia",13.05398178,11.82731819,12.41411114,9,57.563,39.636565520288,75.4,5598.48622617967,8.63025152342745
"2507",39.6449704142012,2016,"NOR","Norway",17.5472908,17.39582634,17.59609985,10,81.485,47.5347768402549,82.4073170731707,70867.3609970749,11.1685652538748
"2508",1.17647058823529,2016,"OMN","Oman",8.41111374,8.94559097,7.25043583,0,82.5,13.3128952177892,79.581,17110.1897460545,9.7474294566
"2509",20.5882352941176,2016,"PAK","Pakistan",3.96031761,4.77192211,4.8980689,7,36.234,21.9553469157158,65.943,1424.69161195897,7.26171065662178
"2510",18.3098591549296,2016,"PAN","Panama",20.32551575,20.63718033,19.895504,9,67.027,39.6702952706527,77.772,14832.3611608191,9.60456663761834
"2511",2.7027027027027,2016,"PNG","Papua New Guinea",8.04091835,9.15498066,7.94931364,5,13.05,47.418304251426,64.7,2316.39479758492,7.7477672894438
"2512",15,2016,"PRY","Paraguay",16.44894409,15.87635136,15.01426506,9,61.026,40.3815703173947,73.487,5775.1596339946,8.6613211772581
"2513",27.6923076923077,2016,"PER","Peru",14.63433075,14.43339157,14.89298248,9,77.539,45.3308017553156,75.951,6217.03599995447,8.73504854481948
"2514",29.7945205479452,2016,"PHL","Philippines",7.75196695,7.62032938,7.34612989,8,46.475,39.5339931421669,69.49,2985.19564024046,8.00142056479806
"2515",27.3913043478261,2016,"POL","Poland",10.94753551,10.93916798,10.82737446,10,60.178,44.8176939482671,77.8512195121951,12464.0121044827,9.4306007392656
"2516",34.7826086956522,2016,"PRT","Portugal",12.90125465,12.54052448,13.3130827,10,64.086,48.6298085603918,81.1243902439025,19980.2808866516,9.9025011104947
"2517",0,2016,"QAT","Qatar",7.58855581,7.82535124,8.67802334,0,99.015,13.4632230021616,82.147,61253.6375482797,11.0227785151869
"2518",13.715710723192,2016,"ROU","Romania",11.34897995,12.13512135,12.75248241,9,53.9,43.1988290574174,75.209756097561,9404.54005870715,9.14894783662724
"2519",12.6666666666667,2016,"RUS","Russian Federation",8.23394489,8.78356075,9.76066208,5,74.164,48.3929459031937,71.6512195121951,8663.158203125,9.06683462365633
"2520",63.75,2016,"RWA","Rwanda",8.88277149,8.88277149,8.88277149,0,17.056,47.3870582475558,65.733,729.519134044611,6.59238559660394
"2521",19.8675496688742,2016,"SAU","Saudi Arabia",12.60635757,13.51315784,11.04889965,0,83.401,12.6579245019617,78.354,22267.7217050387,10.010893451697
"2522",42.6666666666667,2016,"SEN","Senegal",4.45693302,4.49900484,4.96151876,7,46.296,39.1245401825815,66.724,1266.43957151587,7.14396475532741
"2523",34,2016,"SRB","Serbia",11.64864445,11.78833294,12.44849491,9,55.81,45.1627526521845,75.6878048780488,5982.37030126471,8.69657213985921
"2524",12.396694214876,2016,"SLE","Sierra Leone",4.44511318,3.63211203,3.59921885,8,41.228,49.2056923564268,56.937,844.416411175476,6.73864575109496
"2525",23.7623762376238,2016,"SGP","Singapore",13.29581738,15.28181934,14.53986549,2,100,42.360827734999,82.8463414634146,57005.5887176547,10.9509045896885
"2526",20,2016,"SVK","Slovak Republic",13.32912636,13.52356625,13.31192684,10,53.806,45.2212082179686,77.1658536585366,16636.0769133073,9.71932892415744
"2527",36.6666666666667,2016,"SVN","Slovenia",13.28496838,13.33455563,13.7872839,10,54.02,46.483126536955,81.1756097560976,21447.8377796036,9.97337911645953
"2528",2,2016,"SLB","Solomon Islands",8.14615917,8.28603458,9.09770584,9,22.823,48.0232233374337,69.501,2082.62989047871,7.64138674447465
"2529",42,2016,"ZAF","South Africa",15.28983974,15.28983974,15.28983974,9,65.341,46.188569993549,64.749,5651.20585165749,8.63962422644072
"2530",39.1428571428571,2016,"ESP","Spain",15.08096981,15.2698698,15.11438084,10,79.84,46.0855900339472,83.3292682926829,26755.6061149398,10.1944993047568
"2531",5.77777777777778,2016,"LKA","Sri Lanka",8.56482697,7.6372261,9.48533821,7,18.311,34.2795091700016,76.136,4149.19190775593,8.33066887324148
"2532",25.4901960784314,2016,"SUR","Suriname",13.70886993,11.39440918,17.44913864,6,66.04,40.1270815630271,70.979,5644.2061057532,8.63838482998015
"2533",43.5530085959885,2016,"SWE","Sweden",18.3949585,18.55545616,18.60806656,10,86.852,47.5221826165909,82.3073170731707,51820.3972482676,10.8555391200124
"2534",32,2016,"CHE","Switzerland",11.25683117,11.40777302,11.37870598,10,73.739,46.5515483455062,83.6024390243903,82153.0745447889,11.3163395487516
"2535",13.2,2016,"SYR","Syrian Arab Republic",8.31573296,8.94476509,8.54926872,0,52.835,17.1370977573261,65.19,656.3490586313,6.48669274900035
"2536",19.047619047619,2016,"TJK","Tajikistan",6.09424782,5.88567734,6.14457893,1,26.851,40.0675334221528,69.982,788.710481734485,6.67039931020341
"2537",36.5591397849462,2016,"TZA","Tanzania",9.52143383,9.52143383,9.41473198,4,32.333,48.9498238286193,64.404,953.0107421875,6.85962617556077
"2538",6.09137055837564,2016,"THA","Thailand",13.58405399,13.10159683,13.00497055,0,48.448,45.2534179250017,76.769,5833.57715617098,8.67138566857072
"2539",38.4615384615385,2016,"TLS","Timor-Leste",3.0717392,5.14604425,4.62115145,9,29.85,45.5225608778524,65.61,1335.54390089814,7.19709390426593
"2540",17.5824175824176,2016,"TGO","Togo",4.25863695,6.45040607,5.4890213,1,40.628,47.8770337314922,59.669,772.581787093976,6.64973787642853
"2541",30.952380952381,2016,"TTO","Trinidad and Tobago",10.17098999,11.17306709,10.66987896,10,53.25,42.7128501795527,72.935,17449.1623528186,9.7670469237746
"2542",31.3364055299539,2016,"TUN","Tunisia",12.51434994,11.56119919,10.78317261,7,68.346,28.4464179229045,75.007,3847.80354448809,8.25525775655509
"2543",14.9090909090909,2016,"TUR","Turkiye",9.85571289,9.89171028,9.36672878,0,74.134,31.2985475687558,76.595,10970.0458948862,9.30292373693292
"2544",25.8064516129032,2016,"TKM","Turkmenistan",8.7136755,8.71392441,8.71407223,0,50.728,52.8989569332738,69.142,5686.98040962764,8.64593470253696
"2545",33.4894613583138,2016,"UGA","Uganda",5.17819309,3.92163825,4.16811514,1,22.624,49.5682629804476,64.494,752.696571725656,6.62366218739434
"2546",12.0192307692308,2016,"UKR","Ukraine",8.93868732,8.44667339,8.35254765,5,69.154,48.292154502178,73.389,2158.46118164063,7.67715083088229
"2547",22.5,2016,"ARE","United Arab Emirates",9.06668758,7.80896568,7.91993999,0,85.965,20.2769889956534,82.195,41326.4018161569,10.62925684386
"2548",29.5839753466872,2016,"GBR","United Kingdom",19.02472878,18.80131912,19.02513695,8,82.886,46.9886327324867,81.1560975609756,40988.1044233026,10.6210371675718
"2549",19.1685912240185,2016,"USA","United States",22.46884346,22.55603981,22.54607582,8,81.862,45.0251666922372,78.5390243902439,57976.628204291,10.9677952463226
"2550",16.1616161616162,2016,"URY","Uruguay",20.24422646,20.31971931,20.28904915,10,95.144,45.5561319264731,77.351,17009.7584207276,9.74154248309785
"2551",16,2016,"UZB","Uzbekistan",8.82013798,8.99117374,7.82814789,0,50.65,35.5764734076943,71.58,2753.37951427589,7.92058435044568
"2552",26.7206477732794,2016,"VNM","Viet Nam",9.59658623,10.09323883,10.21770763,0,34.51,49.1034867313828,73.984,2735.0604380416,7.91390881261617
"2553",0,2016,"YEM","Yemen, Rep.",2.5847981,2.9408741,3.29695034,-77,35.394,7.92028414097499,67.105,975.359417003225,6.88280603589328
"2554",17.9640718562874,2016,"ZMB","Zambia",7.16456938,10.05217934,7.52910423,6,42.438,45.0930537252068,61.129,1239.08527877713,7.12212870797495
"2555",31.4814814814815,2016,"ZWE","Zimbabwe",6.68645287,5.56372261,7.85656309,5,32.296,50.2502914881067,59.76,1407.42096413212,7.24951420506747
"2556",27.710843373494,2017,"AFG","Afghanistan",2.31911564,1.90904689,1.77526009,1,25.25,22.4631265094613,62.406,525.469770891619,6.26429266419356
"2557",27.8571428571429,2017,"ALB","Albania",9.51418209,9.88601398,10.07303905,9,59.383,43.7711262646417,78.9,4614.0479692596,8.43686083513817
"2558",25.7575757575758,2017,"DZA","Algeria",10.60604,10.60616875,8.83036137,3,72.052,17.1857214877658,75.431,4554.66753957828,8.42390781901236
"2559",30.4545454545455,2017,"AGO","Angola",5.36431932,5.36431932,5.5068841,2,64.839,49.763782635441,62.122,2437.25971190821,7.79862961828274
"2560",38.1322957198444,2017,"ARG","Argentina",16.03947067,15.48355103,16.13215828,9,91.749,41.3536477921114,76.543,14532.5009308511,9.58414286362856
"2561",18.0952380952381,2017,"ARM","Armenia",5.27347183,5.13385916,5.66885042,5,63.103,50.29866399161,75.2170731707317,3869.05373867752,8.26076524415627
"2562",28.6666666666667,2017,"AUS","Australia",18.54751778,18.51688385,17.15175438,10,85.904,46.6097831437911,82.5,53901.7145392154,10.8949175660241
"2563",34.4262295081967,2017,"AUT","Austria",15.5459528,15.80690002,16.13481522,10,58.094,46.7292000989559,81.6439024390244,47163.7425775142,10.7613807106525
"2564",16.8,2017,"AZE","Azerbaijan",2.82377267,2.67803526,3.28792715,0,55.343,50.398046833744,72.694,4147.1981423222,8.33018823878237
"2565",7.5,2017,"BHR","Bahrain",7.97665834,7.23445129,7.06051159,0,89.186,20.439566243811,80.407,24784.7693514607,10.1179846044384
"2566",20.2857142857143,2017,"BGD","Bangladesh",4.10705233,3.75035429,3.29686975,3,35.858,32.4425972668918,71.606,1811.08221668646,7.50167985535457
"2567",34.5454545454545,2017,"BLR","Belarus",10.1955843,10.30541611,11.04388905,0,78.134,49.4205195317684,74.1292682926829,5785.54491935194,8.66311783041242
"2568",38,2017,"BEL","Belgium",15.92723083,15.91589451,15.59863663,8,97.961,46.0059456159767,81.4926829268293,44035.3239358548,10.6927474075394
"2569",7.2289156626506,2017,"BEN","Benin",2.56150651,2.71143031,2.13318133,7,46.768,49.729591440129,59.528,1054.97408066814,6.9612714775213
"2570",8.51063829787234,2017,"BTN","Bhutan",7.58420563,7.70324659,10.23985958,6,40.167,39.7920349322107,71.413,3435.28804735662,8.14185605772194
"2571",53.0769230769231,2017,"BOL","Bolivia",11.5229702,12.9346056,13.57693577,7,69.08,42.9518585257259,67.536,3306.30301224425,8.10358592942718
"2572",21.4285714285714,2017,"BIH","Bosnia and Herzegovina",15.4665451,15.14290047,15.36792564,-66,47.876,41.6454451887635,77.385,5345.01985489192,8.58392053811865
"2573",9.52380952380952,2017,"BWA","Botswana",14.31547451,11.54210281,12.00606537,8,68.7,45.9766654041103,65.42,7104.96401088027,8.8685489751954
"2574",10.7212475633528,2017,"BRA","Brazil",8.18641567,8.18614292,8.36825943,8,86.309,43.0557704870793,75.383,10080.5092819305,9.21835906435011
"2575",23.75,2017,"BGR","Bulgaria",11.83658028,11.4341774,11.55380249,9,74.669,46.475147158642,74.8146341463415,8696.68930427924,9.07069769248104
"2576",11.0236220472441,2017,"BFA","Burkina Faso",9.99147034,8.78477097,9.57691097,7,28.743,44.7749765125322,59.578,709.091535894695,6.56398462383298
"2577",36.3636363636364,2017,"BDI","Burundi",8.35758591,7.90786219,7.90786219,2,12.706,51.5713067765814,61.345,236.694472592753,5.4667701642944
"2578",23.6111111111111,2017,"CPV","Cabo Verde",10.39242458,10.39242458,10.16541576,10,65.261,43.6140985462427,74.71,3893.09571382506,8.26695993344361
"2579",20.3252032520325,2017,"KHM","Cambodia",6.70265007,7.08351898,6.99103546,0,22.98,48.9475803220986,69.842,1826.35391688754,7.51007686323253
"2580",31.1111111111111,2017,"CMR","Cameroon",0.73440903,1.95703375,2.17985916,1,55.777,45.7351951115474,60.817,1496.08951771242,7.31060999478726
"2581",26.2686567164179,2017,"CAN","Canada",18.8314476,18.74746895,18.93646812,10,81.35,47.0217857561568,81.8129268292683,45129.628116623,10.7172942525173
"2582",8.57142857142857,2017,"CAF","Central African Republic",5.25997734,3.91087461,4.84231758,7,40.98,46.7878028682672,45.231,432.324025684263,6.06917536654441
"2583",12.7659574468085,2017,"TCD","Chad",4.67839575,4.87230015,4.87230015,1,22.858,40.9408802370129,51.875,854.46120040098,6.75047109532344
"2584",24.2476060191518,2017,"CHN","China",8.79734421,8.76146317,8.76956177,0,57.96,44.7976656424844,77.235,8979.67652709856,9.10271913916623
"2585",18.6746987951807,2017,"COL","Colombia",18.60467529,15.75658035,16.53361511,7,80.446,42.0452753793857,76.418,6479.53231292429,8.77640361281022
"2586",6.06060606060606,2017,"COM","Comoros",3.58549595,3.99391246,4.13345671,9,28.784,38.8675908177533,65.127,1423.92480215551,7.2611722831025
"2587",11.2582781456954,2017,"COG","Congo, Rep.",3.41114736,3.48719907,5.10725212,0,66.459,49.0264065119412,64.203,2211.63309874797,7.70148648032573
"2588",35.0877192982456,2017,"CRI","Costa Rica",27.0343132,27.91470909,24.15332603,10,78.56,39.0672670221334,79.994,12317.0902771322,9.4187430303887
"2589",10.5882352941176,2017,"CIV","Cote d'Ivoire",5.15028763,5.11727667,5.60127592,5,50.326,42.3234530392574,59.315,1964.29930338343,7.58289087210158
"2590",18.5430463576159,2017,"HRV","Croatia",12.48068047,12.3479166,12.06315517,9,56.667,46.1112414688371,77.7268292682927,13902.6310485422,9.5398333852746
"2591",48.8562091503268,2017,"CUB","Cuba",15.51221848,14.9355917,15.51629925,0,76.977,40.1059337071131,77.3,8610.60829531998,9.06075024478914
"2592",17.8571428571429,2017,"CYP","Cyprus",7.54293633,6.73227549,9.94098091,10,66.836,45.5250023570452,81.543,26696.990234375,10.1923061127301
"2593",22,2017,"CZE","Czechia",15.91351414,15.55736828,15.68113899,9,73.675,44.3647377679929,78.9780487804878,20913.197632212,9.94813570431844
"2594",37.4301675977654,2017,"DNK","Denmark",16.77198982,16.73004532,17.11078453,10,87.757,47.214044552662,81.1024390243903,57521.5514992225,10.9599149652443
"2595",10.7692307692308,2017,"DJI","Djibouti",4.8029952,5.15085363,5.14749098,3,77.648,28.5652440090957,63.71,2618.95521147369,7.87053074297687
"2596",26.8421052631579,2017,"DOM","Dominican Republic",15.71837234,15.44442081,14.51295948,8,80.277,39.7867698572831,73.37,7412.71571571512,8.91095214449672
"2597",37.956204379562,2017,"ECU","Ecuador",11.44241047,12.16294384,12.30539513,6,63.67,41.5886656918114,76.22,6233.32244797718,8.73766476785922
"2598",14.9328859060403,2017,"EGY","Egypt, Arab Rep.",5.41994762,4.72158527,4.82284689,0,42.705,24.6046338255388,70.709,2395.10333299491,7.78118165421487
"2599",32.1428571428571,2017,"SLV","El Salvador",16.50709915,16.6670742,17.32847404,8,71.275,41.2542490430016,71.007,4020.12671373919,8.29906870194694
"2600",26.7326732673267,2017,"EST","Estonia",12.35713005,12.5386591,12.86935234,9,68.717,48.5263000957618,78.0926829268293,20851.5223496861,9.94518223893496
"2601",6.15384615384615,2017,"SWZ","Eswatini",9.96829319,9.69767475,12.93035984,0,23.625,47.8399538420854,57.574,3853.99147918102,8.25686463806917
"2602",38.7568555758684,2017,"ETH","Ethiopia",4.78836012,4.76060486,4.76060486,1,20.31,44.5312588587756,64.766,745.632433925343,6.61423276286162
"2603",16,2017,"FJI","Fiji",7.72321415,7.75502872,8.72794247,3,55.742,33.7801630107469,67.06,5826.84814459328,8.67023150615363
"2604",42,2017,"FIN","Finland",13.27501774,13.31088448,13.78803349,10,85.325,47.8791255944349,81.6317073170732,46085.0174739036,10.7382431755945
"2605",38.9948006932409,2017,"FRA","France",15.21225166,15.21739674,15.02163696,10,80.18,47.8084237744745,82.5756097560976,38687.1626407164,10.5632631092782
"2606",17.0940170940171,2017,"GAB","Gabon",9.7150774,9.41520691,9.59155846,4,88.976,39.6993921225747,66.816,6921.73373135624,8.84242155644534
"2607",10.3448275862069,2017,"GMB","Gambia, The",4.49147081,5.62609911,5.37906027,4,60.599,47.3637347454958,63.708,642.522641296331,6.4654020555202
"2608",16,2017,"GEO","Georgia",9.5190258,10.32494831,9.38724804,8,58.231,46.9445282325185,73.435,4418.75206546679,8.39361259707714
"2609",30.7475317348378,2017,"DEU","Germany",19.91369629,20.02029991,20.09718323,10,77.261,46.3157707458762,80.9926829268293,45526.5999576533,10.7260520485725
"2610",12.7272727272727,2017,"GHA","Ghana",9.27400303,6.56050444,8.76836586,8,55.407,47.8667622581536,63.829,2012.28662641265,7.60702697952898
"2611",18.3333333333333,2017,"GRC","Greece",8.74206638,8.6648283,8.30244637,10,78.724,44.8465392813869,81.2878048780488,18631.9930129293,9.83263543656031
"2612",12.6582278481013,2017,"GTM","Guatemala",17.21218491,16.67445374,17.65140152,9,50.68,32.2972978150053,71.583,4324.99608157801,8.37216651337205
"2613",21.9298245614035,2017,"GIN","Guinea",3.46282434,3.85050702,6.14852524,4,35.793,42.8209920733057,58.715,833.598621691121,6.72575201755618
"2614",13.7254901960784,2017,"GNB","Guinea-Bissau",2.75228286,2.59429789,2.44074059,7,42.945,46.1868858493013,61.148,783.123186602022,6.66329001005566
"2615",31.8840579710145,2017,"GUY","Guyana",10.61353874,10.71157551,10.32425022,8,26.538,40.5377779136146,68.543,6178.6650437298,8.72885751477626
"2616",2.54237288135593,2017,"HTI","Haiti",4.54371977,4.67501688,4.24969435,6,54.346,47.7836717196119,63.832,1395.23945184461,7.2408213295931
"2617",10.0502512562814,2017,"HUN","Hungary",9.88259697,9.88092327,9.31328106,10,71.062,46.6824898476476,75.8170731707317,14736.1668157258,9.59806007871643
"2618",11.8081180811808,2017,"IND","India",3.66080451,3.67532182,3.84729862,9,33.6,24.5278975830411,70.068,1950.10468280866,7.57563833360851
"2619",19.8214285714286,2017,"IDN","Indonesia",8.2089262,8.40313911,8.54535389,9,54.659,39.0512358636245,69.953,3798.88326174526,8.24246242403564
"2620",5.88235294117647,2017,"IRN","Iran, Islamic Rep.",21.07489967,22.5409317,19.73072052,0,74.394,19.3094937723983,76.396,5753.11544659399,8.65749680386063
"2621",25.3048780487805,2017,"IRQ","Iraq",4.7902565,6.42973948,5.994596,6,70.278,13.7396680797466,69.788,4759.2846435467,8.46785265096237
"2622",22.1518987341772,2017,"IRL","Ireland",19.88340378,18.70609856,20.53943443,10,62.947,45.7157256998061,82.1560975609756,72198.1076995377,11.1871691153898
"2623",27.5,2017,"ISR","Israel",11.76198578,11.75350666,11.89288712,7,92.336,46.9935568454945,82.5512195121951,41138.470964272,10.6246989958724
"2624",30.952380952381,2017,"ITA","Italy",13.12166309,13.25070477,13.16985512,10,70.144,42.4273872269036,82.9463414634147,32844.115660604,10.3995278803364
"2625",17.4603174603175,2017,"JAM","Jamaica",13.9547863,13.03939724,13.3204546,9,55.378,45.3324289540506,71.879,5259.31332766957,8.56775575113945
"2626",10.1075268817204,2017,"JPN","Japan",24.46199036,24.48888969,24.6980896,10,91.535,43.4739153660068,84.099756097561,38834.0529341227,10.5670527936405
"2627",15.3846153846154,2017,"JOR","Jordan",11.0992403,9.97671986,10.1121769,2,90.747,19.6317091539662,76.071,4065.61628749384,8.31032061873011
"2628",27.1028037383178,2017,"KAZ","Kazakhstan",7.85734415,9.09603882,8.2512455,0,57.336,49.8803202536106,72.996,8943.08416791984,9.09863579389977
"2629",21.7765042979943,2017,"KEN","Kenya",6.79240465,7.21874523,8.22723579,9,26.562,47.9983657171572,62.725,1667.48447230835,7.41907146578741
"2630",17,2017,"KOR","Korea, Rep.",13.183465,13.69931316,13.87523651,8,81.503,42.3133945009488,82.6268292682927,31600.7358741365,10.3609356864601
"2631",3.07692307692308,2017,"KWT","Kuwait",7.7408123,9.01217556,9.16396332,0,100,25.4160115742289,79.9160731707317,29047.6535822842,10.2766929873237
"2632",19.1666666666667,2017,"KGZ","Kyrgyz Republic",6.34161329,7.33437634,7.09393597,8,36.135,41.2195682071919,71.2,1221.39046807082,7.1077452166574
"2633",27.5167785234899,2017,"LAO","Lao PDR",4.07695913,4.19733047,5.16324902,0,34.368,46.8375513445308,67.345,2432.43059478511,7.79664628119066
"2634",16,2017,"LVA","Latvia",8.9280405,9.4064827,10.35155773,8,68.075,49.8939821431979,74.6292682926829,15132.4958333982,9.62459975242453
"2635",3.125,2017,"LBN","Lebanon",12.02719212,11.66725445,13.74677753,6,88.429,29.6895561905565,78.192,8608.21084982387,9.06047177673725
"2636",22.1311475409836,2017,"LSO","Lesotho",11.97283363,10.77791023,12.62152004,9,27.73,44.9290166540646,53.874,1069.36673247542,6.97482191344222
"2637",9.85915492957746,2017,"LBR","Liberia",3.95514584,5.16622925,4.19834614,7,50.697,47.494515211425,60.777,699.269095727404,6.55003564057927
"2638",15.9574468085106,2017,"LBY","Libya",8.86267757,9.27033234,8.36049366,-77,79.817,33.9211802904385,72.721,9965.83236729757,9.20691775824008
"2639",21.2765957446809,2017,"LTU","Lithuania",12.6964941,12.67276096,13.04839516,10,67.516,50.4501382915958,75.4804878048781,16800.1510246099,9.72914315491106
"2640",28.3333333333333,2017,"LUX","Luxembourg",10.54775524,10.59996128,10.88702869,10,90.727,46.0631059212383,82.0951219512195,110193.213797228,11.6099905930174
"2641",19.205298013245,2017,"MDG","Madagascar",15.03208733,10.42956638,4.44415092,6,36.522,48.6162223078994,63.433,491.866848718929,6.19820804717957
"2642",16.6666666666667,2017,"MWI","Malawi",8.18961334,8.7133112,7.93860054,6,16.714,48.9160637641258,63.914,495.769683367165,6.20611147083192
"2643",10.3603603603604,2017,"MYS","Malaysia",8.72014713,8.45166874,8.52427959,6,75.447,37.2428602406524,75.542,9862.54806612235,9.19649983876683
"2644",8.84353741496599,2017,"MLI","Mali",5.13726282,5.66878557,4.83501434,6,41.572,41.5031442656557,58.562,924.057531692284,6.82877433343962
"2645",25.1700680272109,2017,"MRT","Mauritania",6.06559992,4.79712772,6.17791986,0,52.824,33.4371618368118,67.088,1615.00401327323,7.38709272065257
"2646",11.5942028985507,2017,"MUS","Mauritius",10.20433331,10.20625019,9.0032053,10,40.841,38.0261780357307,74.5146341463415,10841.6847754844,9.29115368500953
"2647",42.6,2017,"MEX","Mexico",10.7295351,10.41115475,10.31756687,8,79.867,37.7430731122809,74.261,9649.27816772402,9.17463839026315
"2648",22.7722772277228,2017,"MDA","Moldova",11.64592075,12.02570248,12.1204834,9,42.557,53.9494974644934,70.375,3453.26727720294,8.14707609873933
"2649",17.1052631578947,2017,"MNG","Mongolia",7.02317142,7.37636042,6.87808418,10,68.363,45.3534071594609,70.5434146341463,3645.96708669551,8.20137692796131
"2650",23.4567901234568,2017,"MNE","Montenegro",9.72641945,10.53136349,11.52457523,9,66.477,45.2385296165431,76.6853658536585,7758.36921956034,8.9565274389737
"2651",20.5063291139241,2017,"MAR","Morocco",7.12353611,7.18196535,7.39498091,1,61.908,24.5554133194977,73.608,3296.52661132813,8.10062465112145
"2652",39.6,2017,"MOZ","Mozambique",5.99591827,5.76476336,6.52197027,6,35.455,52.6673682579658,60.148,470.93856305196,6.15472764612834
"2653",10.161662817552,2017,"MMR","Myanmar",3.6196053,3.45481491,3.21384835,8,30.322,38.8817447006451,65.909,1272.82241830603,7.1489920902453
"2654",41.3461538461538,2017,"NAM","Namibia",10.65234089,9.98526669,9.6855526,6,49.005,48.3943361053229,61.661,5143.96072323076,8.5455786304355
"2655",29.5798319327731,2017,"NPL","Nepal",4.50787783,3.81159782,4.03386211,6,19.336,36.942114369508,68.74,1034.28374906846,6.94146443625072
"2656",36,2017,"NLD","Netherlands",15.31348705,15.57730007,15.88645649,10,91.077,46.7646534717148,81.7609756097561,49513.6817346384,10.8100043090453
"2657",38.3333333333333,2017,"NZL","New Zealand",19.28339005,18.96507454,18.72518158,10,86.466,46.9379495185253,81.8585365853659,42950.3841711138,10.6678008719851
"2658",45.6521739130435,2017,"NIC","Nicaragua",17.81918526,18.74295044,18.93509865,7,58.299,38.7863708056526,73.389,2182.61380995674,7.6882784329552
"2659",16.9590643274854,2017,"NER","Niger",9.66281414,8.3492775,9.37940311,6,16.35,41.1947417254195,59.524,521.804130023434,6.25729228762614
"2660",5.55555555555556,2017,"NGA","Nigeria",4.44235229,3.8811214,3.75164723,8,49.519,47.1229504347615,52.397,1876.34027111773,7.53707849431141
"2661",37.5,2017,"MKD","North Macedonia",11.82731819,12.41411114,13.55631161,9,57.748,40.0018024838227,75.9536585365854,5955.2973863451,8.69203641947534
"2662",41.4201183431953,2017,"NOR","Norway",17.39582634,17.59609985,17.51844025,10,81.871,47.5920471202679,82.609756097561,76131.8384032764,11.2402218322193
"2663",1.17647058823529,2017,"OMN","Oman",8.94559097,7.25043583,8.59375286,0,83.56,13.2280243172814,79.748,17820.0661809335,9.788080414875
"2664",20.5882352941176,2017,"PAK","Pakistan",4.77192211,4.8980689,4.94922209,7,36.442,21.3416725822768,66.223,1519.23459514248,7.32596193118619
"2665",18.3098591549296,2017,"PAN","Panama",20.63718033,19.895504,21.9387722,9,67.365,39.9303094310218,77.901,15694.6297454295,9.6610738783912
"2666",0,2017,"PNG","Papua New Guinea",9.15498066,7.94931364,6.53682137,5,13.102,47.4167392750736,64.923,2477.76530986323,7.81511234820557
"2667",13.75,2017,"PRY","Paraguay",15.87635136,15.01426506,14.72033024,9,61.3,40.7610498837801,73.45,6152.26711537703,8.72457592951744
"2668",27.6923076923077,2017,"PER","Peru",14.43339157,14.89298248,15.34553719,9,77.72,45.4859987443003,75.958,6736.16693725487,8.8152463384617
"2669",29.4520547945205,2017,"PHL","Philippines",7.62032938,7.34612989,7.78876352,8,46.682,38.4684222745568,69.966,3038.12124959289,8.01899459335103
"2670",28.0434782608696,2017,"POL","Poland",10.93916798,10.82737446,11.01238155,10,60.105,44.7281545513993,77.7536585365854,13913.3415190124,9.54060348029634
"2671",34.7826086956522,2017,"PRT","Portugal",12.54052448,13.3130827,13.62047005,10,64.652,48.7309331358216,81.4243902439025,21442.3842768879,9.9731248159461
"2672",9.75609756097561,2017,"QAT","Qatar",7.82535124,8.67802334,8.38503265,0,99.078,13.9401584768899,82.458,63279.8556949332,11.0553223220175
"2673",20.6686930091185,2017,"ROU","Romania",12.13512135,12.75248241,12.61279774,9,53.936,43.4838530751744,75.209756097561,10727.9822007426,9.28061076581981
"2674",15.7777777777778,2017,"RUS","Russian Federation",8.78356075,9.76066208,10.19961929,5,74.292,48.3556366708599,72.4514634146342,10658.9130859375,9.27415173060181
"2675",61.25,2017,"RWA","Rwanda",8.88277149,8.88277149,8.92867947,0,17.125,47.5093036249274,66.14,758.300966737624,6.63108036058096
"2676",19.8675496688742,2017,"SAU","Saudi Arabia",13.51315784,11.04889965,11.97922897,0,83.622,11.4690033163069,78.721,23929.2907135982,10.0828585404129
"2677",41.8181818181818,2017,"SEN","Senegal",4.49900484,4.96151876,4.37201738,7,46.74,38.8884855813814,67.059,1356.80518449031,7.21288808614643
"2678",34.4,2017,"SRB","Serbia",11.78833294,12.44849491,12.03067684,9,55.942,45.45273431136,75.5390243902439,6548.03653824187,8.78692051853683
"2679",12.396694214876,2017,"SLE","Sierra Leone",3.63211203,3.59921885,5.84172201,8,41.636,48.7076446949594,57.761,779.186007841728,6.65824979508512
"2680",23,2017,"SGP","Singapore",15.28181934,14.53986549,16.24830246,2,100,42.540888951978,83.0951219512195,61236.251270627,11.022494634159
"2681",20,2017,"SVK","Slovak Republic",13.52356625,13.31192684,13.45916462,10,53.751,45.3869689077176,77.1658536585366,17645.5298716761,9.77823776522359
"2682",36.6666666666667,2017,"SVN","Slovenia",13.33455563,13.7872839,14.16629124,10,54.273,46.2984070176804,81.0292682926829,23303.077705959,10.0563407212151
"2683",2,2017,"SLB","Solomon Islands",8.28603458,9.09770584,9.66636658,9,23.286,48.0074751827362,69.652,2143.57465243959,7.67023011278851
"2684",24.3636363636364,2017,"SOM","Somalia",4.4372673,3.69228196,3.57844925,5,44.391,31.1093882812281,52.19,510.939952317726,6.23625207315741
"2685",41.8367346938776,2017,"ZAF","South Africa",15.28983974,15.28983974,15.28983974,9,65.85,46.7052223881064,65.422,6618.33508255701,8.79759911919693
"2686",39.1428571428571,2017,"ESP","Spain",15.2698698,15.11438084,15.23341274,10,80.08,46.1613885604662,83.2829268292683,28381.3425596906,10.2534872561381
"2687",5.77777777777778,2017,"LKA","Sri Lanka",7.6372261,9.48533821,9.48533821,7,18.384,34.9356204299552,76.239,4398.88828068715,8.38910712450136
"2688",25.4901960784314,2017,"SUR","Suriname",11.39440918,17.44913864,15.04520512,6,66.041,40.3119318725481,71.247,6049.52128553675,8.70773442153667
"2689",43.5530085959885,2017,"SWE","Sweden",18.55545616,18.60806656,18.76601219,10,87.146,47.4665304768724,82.409756097561,53300.8587281785,10.883707721247
"2690",32.5,2017,"CHE","Switzerland",11.40777302,11.37870598,11.51255226,10,73.761,46.4208581450115,83.5512195121951,82254.3770471336,11.3175718835902
"2691",13.2,2017,"SYR","Syrian Arab Republic",8.94476509,8.54926872,9.0675993,0,53.5,17.3550883531895,65.651,851.502005254153,6.74700185506668
"2692",19.047619047619,2017,"TJK","Tajikistan",5.88567734,6.14457893,6.58593607,1,26.982,39.8407408672,70.524,829.45714764957,6.72077144783743
"2693",37.1794871794872,2017,"TZA","Tanzania",9.52143383,9.41473198,9.43801022,4,33.053,48.9018877044767,64.963,986.674011230469,6.89433970243696
"2694",4.8,2017,"THA","Thailand",13.10159683,13.00497055,13.27486801,0,49.2,45.1985078677574,76.989,6413.09182530343,8.76609677766532
"2695",32.3076923076923,2017,"TLS","Timor-Leste",5.14604425,4.62115145,4.19340992,9,30.212,45.5432218835674,65.898,1266.17767952941,7.143757940036
"2696",17.5824175824176,2017,"TGO","Togo",6.45040607,5.4890213,5.38174009,1,41.162,47.9221443258179,60.135,792.765487219069,6.6755274492971
"2697",30.952380952381,2017,"TTO","Trinidad and Tobago",11.17306709,10.66987896,10.23995018,10,53.205,42.8059785673999,72.984,17578.6417765865,9.77443990867466
"2698",31.3364055299539,2017,"TUN","Tunisia",11.56119919,10.78317261,12.07894421,7,68.642,28.4274057508603,75.177,3619.03247319953,8.19396199649932
"2699",14.5719489981785,2017,"TUR","Turkiye",9.89171028,9.36672878,9.71472645,0,74.644,31.9116975527027,77.037,10695.550196231,9.27758306444117
"2700",25.8064516129032,2017,"TKM","Turkmenistan",8.71392441,8.71407223,8.71422386,0,51.153,52.9721056031003,69.19,5828.4816623489,8.67051181015075
"2701",34.2984409799555,2017,"UGA","Uganda",3.92163825,4.16811514,3.13882995,1,23.196,49.1794117313911,65.174,765.218332297361,6.64016119480311
"2702",12.2931442080378,2017,"UKR","Ukraine",8.44667339,8.35254765,7.65581417,5,69.246,48.0037773161181,73.993,2604.28759765625,7.86491444179836
"2703",22.5,2017,"ARE","United Arab Emirates",7.80896568,7.91993999,7.91993999,0,86.248,20.9879795844786,82.388,42340.5917160161,10.653501519934
"2704",32,2017,"GBR","United Kingdom",18.80131912,19.02513695,19.46484375,8,83.143,47.1234553236835,81.2560975609756,40629.2340347346,10.6122431365947
"2705",19.3548387096774,2017,"USA","United States",22.55603981,22.54607582,22.42990685,8,82.058,45.1335932280448,78.5390243902439,60047.7190728307,11.0028948429871
"2706",20.2020202020202,2017,"URY","Uruguay",20.31971931,20.28904915,20.1963501,10,95.24,45.6590418183445,77.618,19184.6502617082,9.86186577273685
"2707",16,2017,"UZB","Uzbekistan",8.99117374,7.82814789,8.27828789,0,50.55,35.4643796151264,71.737,2190.60411562888,7.69193263665574
"2708",26.7206477732794,2017,"VNM","Viet Nam",10.09323883,10.21770763,10.19859123,0,35.213,48.8243234789677,74.026,2956.10992127753,7.99162946719456
"2709",0,2017,"YEM","Yemen, Rep.",2.9408741,3.29695034,3.65302634,-77,36.016,7.81113103363964,67.12,811.165970405745,6.69847268225995
"2710",17.9640718562874,2017,"ZMB","Zambia",10.05217934,7.52910423,7.57306385,6,42.976,45.2263503549393,61.564,1483.46577328065,7.30213636786422
"2711",32.5757575757576,2017,"ZWE","Zimbabwe",5.56372261,7.85656309,3.93898153,5,32.237,50.3025768644367,60.263,3448.08699068824,8.14557486078326
"2712",27.8571428571429,2018,"ALB","Albania",9.88601398,10.07303905,9.18517017,9,60.319,44.2877541941132,79.238,5365.48880180298,8.58774276029073
"2713",25.7575757575758,2018,"DZA","Algeria",10.60616875,8.83036137,8.83030605,3,72.629,17.061013766909,75.555,4577.21029180491,8.42884498493463
"2714",30.4545454545455,2018,"AGO","Angola",5.36431932,5.5068841,7.30502176,2,65.514,49.783801287152,62.622,2538.59139143371,7.83936463587991
"2715",38.9105058365759,2018,"ARG","Argentina",15.48355103,16.13215828,15.74081135,9,91.87,42.0493149154833,76.77,11752.7998922979,9.37184677989227
"2716",18.0952380952381,2018,"ARM","Armenia",5.13385916,5.66885042,7.6896224,7,63.149,50.2177457863202,75.619512195122,4196.00562301769,8.3418883096053
"2717",28.6666666666667,2018,"AUS","Australia",18.51688385,17.15175438,17.09124947,10,86.012,46.7744849814682,82.7487804878049,57196.4220783778,10.9542466243342
"2718",34.4262295081967,2018,"AUT","Austria",15.80690002,16.13481522,15.30966568,10,58.297,46.5823341303522,81.6926829268293,51194.0749841299,10.843379081365
"2719",16.8,2018,"AZE","Azerbaijan",2.67803526,3.28792715,5.79771805,0,55.68,50.1984113371911,73.016,4739.7943123408,8.46374901972665
"2720",15,2018,"BHR","Bahrain",7.23445129,7.06051159,8.29461861,0,89.287,20.5416970704208,80.412,26324.4066549559,10.1782517975252
"2721",20.2857142857143,2018,"BGD","Bangladesh",3.75035429,3.29686975,3.07911539,0,36.632,33.3303981796415,72.122,1965.24372731467,7.58337155086858
"2722",34.5454545454545,2018,"BLR","Belarus",10.30541611,11.04388905,11.93542862,0,78.595,49.0287915801357,74.1756097560976,6360.037502312,8.75778955290672
"2723",38,2018,"BEL","Belgium",15.91589451,15.59863663,14.94847393,8,98.001,46.456051210517,81.5951219512195,47487.2100392561,10.7682156914337
"2724",7.2289156626506,2018,"BEN","Benin",2.71143031,2.13318133,2.71948266,7,47.312,49.8057677882285,59.71,1151.7409703472,7.04902996384364
"2725",14.8936170212766,2018,"BTN","Bhutan",7.70324659,10.23985958,10.29558849,7,40.895,39.9382697014126,71.711,3400.20417245342,8.13159075952288
"2726",53.0769230769231,2018,"BOL","Bolivia",12.9346056,13.57693577,15.2790575,7,69.425,44.1691283577969,67.699,3500.72642189887,8.16072577505613
"2727",21.4285714285714,2018,"BIH","Bosnia and Herzegovina",15.14290047,15.36792564,14.88035202,-66,48.245,41.6885796323042,77.942,6047.84584261133,8.7074574285483
"2728",9.52380952380952,2018,"BWA","Botswana",11.54210281,12.00606537,11.66365051,8,69.446,46.0154292366277,66.371,7407.95940141786,8.91031029594084
"2729",15.009746588694,2018,"BRA","Brazil",8.18614292,8.36825943,8.35797405,8,86.569,43.2677330746062,75.633,9300.66164923219,9.13784082168939
"2730",23.75,2018,"BGR","Bulgaria",11.4341774,11.55380249,12.22752476,9,75.008,46.1854663566434,74.9634146341464,9872.38507789106,9.19749675246414
"2731",11.0236220472441,2018,"BFA","Burkina Faso",8.78477097,9.57691097,11.64695168,7,29.358,44.7211656749768,59.972,777.465618514048,6.65603942251492
"2732",36.3636363636364,2018,"BDI","Burundi",7.90786219,7.90786219,7.33287811,2,13.032,51.57326572631,61.806,224.89939239264,5.41565315728372
"2733",23.6111111111111,2018,"CPV","Cabo Verde",10.39242458,10.16541576,12.7326889,10,65.732,43.3455367718316,74.84,4294.96510035729,8.36519870874094
"2734",20,2018,"KHM","Cambodia",7.08351898,6.99103546,6.99103546,0,23.388,48.9209102028363,69.993,2036.67377566578,7.61907325399837
"2735",31.1111111111111,2018,"CMR","Cameroon",1.95703375,2.17985916,3.65950561,1,56.374,45.3197136150933,61.189,1610.69641591017,7.38442192091887
"2736",26.9461077844311,2018,"CAN","Canada",18.74746895,18.93646812,18.35593987,10,81.411,47.0882590354533,81.8087804878049,46539.1761570405,10.7480497348741
"2737",8.57142857142857,2018,"CAF","Central African Republic",3.91087461,4.84231758,4.86442041,7,41.364,46.8486001874167,52.297,455.243962859534,6.12083345736555
"2738",15.2542372881356,2018,"TCD","Chad",4.87230015,4.87230015,3.93478251,1,23.059,40.7314028408989,52.447,948.656629871231,6.85504691002892
"2739",22.5806451612903,2018,"CHL","Chile",18.30398941,18.01151848,18.83959579,10,87.564,41.9209465618295,80.559,15659.4808675628,9.65883181877582
"2740",24.8993288590604,2018,"CHN","China",8.76146317,8.76956177,8.64632607,0,59.152,44.8875840568371,77.709,10085.6638148819,9.21887027022332
"2741",18.1286549707602,2018,"COL","Colombia",15.75658035,16.53361511,18.50721169,7,80.778,41.6725454611043,76.579,6816.96818309544,8.82717010406356
"2742",6.06060606060606,2018,"COM","Comoros",3.99391246,4.13345671,6.88908243,0,28.965,39.504079404114,65.401,1540.71132331975,7.33999948702509
"2743",11.2582781456954,2018,"COG","Congo, Rep.",3.48719907,5.10725212,8.21684074,0,66.916,49.0486273536305,64.472,2694.43413191427,7.8989434916913
"2744",45.6140350877193,2018,"CRI","Costa Rica",27.91470909,24.15332603,25.20714569,10,79.34,39.8382604474852,80.09,12590.2493781628,9.44067793448025
"2745",10.5882352941176,2018,"CIV","Cote d'Ivoire",5.11727667,5.60127592,6.53835297,5,50.779,42.2957832932317,59.795,2130.86619381144,7.66428383979941
"2746",18.5430463576159,2018,"HRV","Croatia",12.3479166,12.06315517,11.74138927,9,56.947,46.3883627416884,77.919512195122,15460.4183295843,9.64603838061002
"2747",53.2231404958678,2018,"CUB","Cuba",14.9355917,15.51629925,16.43104172,1,77.037,40.221426052219,77.426,8911.46205964193,9.09509359899448
"2748",17.8571428571429,2018,"CYP","Cyprus",6.73227549,9.94098091,14.22441483,10,66.81,45.3779010254788,81.556,29599.986328125,10.2955291784244
"2749",22,2018,"CZE","Czechia",15.55736828,15.68113899,17.06207657,9,73.792,44.4992053815741,79.0292682926829,23705.9329811299,10.0734806325507
"2750",37.4301675977654,2018,"DNK","Denmark",16.73004532,17.11078453,16.71850204,10,87.874,47.0726894383873,80.9536585365854,61324.7665045565,11.0239390616112
"2751",26.1538461538462,2018,"DJI","Djibouti",5.15085363,5.14749098,4.21987247,3,77.777,28.9915695990733,64.105,2718.08338799203,7.90768227414924
"2752",26.8421052631579,2018,"DOM","Dominican Republic",15.44442081,14.51295948,14.68046284,8,81.074,39.9311782558135,73.555,7882.98221584944,8.97246156504435
"2753",37.956204379562,2018,"ECU","Ecuador",12.16294384,12.30539513,13.06629467,6,63.821,41.2311619422148,77.248,6303.91886658338,8.74892676130632
"2754",14.9328859060403,2018,"EGY","Egypt, Arab Rep.",4.72158527,4.82284689,5.16112232,0,42.704,21.2024259888103,70.974,2484.70315630508,7.81790847719232
"2755",30.952380952381,2018,"SLV","El Salvador",16.6670742,17.32847404,17.72681618,8,72.023,41.2401528267776,71.384,4183.54620971358,8.33891454138126
"2756",20,2018,"GNQ","Equatorial Guinea",3.22602749,3.84795237,5.34838295,0,72.143,39.9908496732026,61.915,8102.47084834031,8.99992433714935
"2757",26.7326732673267,2018,"EST","Estonia",12.5386591,12.86935234,13.02646351,9,68.88,48.421943236106,78.2439024390244,23618.1361254581,10.0697701757765
"2758",7.2463768115942,2018,"SWZ","Eswatini",9.69767475,12.93035984,10.39384365,0,23.799,48.0269992381825,58.707,3973.46344933667,8.28739339873133
"2759",38.7568555758684,2018,"ETH","Ethiopia",4.76060486,4.76060486,6.79223251,3,20.763,44.096639910547,65.257,747.968003672674,6.61736020122089
"2760",19.6078431372549,2018,"FJI","Fiji",7.75502872,8.72794247,8.6814642,4,56.248,33.895815889508,66.965,6085.41979485376,8.7136509915143
"2761",42,2018,"FIN","Finland",13.31088448,13.78803349,13.69954014,10,85.382,47.8908938728785,81.7341463414634,49654.2497035329,10.8128392590336
"2762",39.5833333333333,2018,"FRA","France",15.21739674,15.02163696,15.08420181,10,80.444,47.943260971302,82.6756097560976,41418.1766484844,10.6314751129397
"2763",10.3448275862069,2018,"GMB","Gambia, The",5.62609911,5.37906027,9.56789875,4,61.27,47.6807312231939,64.034,696.219806960615,6.54566542507407
"2764",16,2018,"GEO","Georgia",10.32494831,9.38724804,10.73317242,8,58.632,47.6940826329977,73.985,4804.0546040444,8.47721554950589
"2765",30.7475317348378,2018,"DEU","Germany",20.02029991,20.09718323,19.79345322,10,77.312,46.2119025162633,80.8926829268293,48874.8595028454,10.7970184226614
"2766",12.7272727272727,2018,"GHA","Ghana",6.56050444,8.76836586,8.02323055,8,56.06,48.1534657941286,64.138,2195.32166016377,7.69408385698885
"2767",18.6666666666667,2018,"GRC","Greece",8.6648283,8.30244637,8.53843498,10,79.058,44.5552131471134,81.7878048780488,19873.4015238771,9.89713750981656
"2768",12.6582278481013,2018,"GTM","Guatemala",16.67445374,17.65140152,15.86299229,9,51.054,32.3199707410701,71.496,4352.94651790253,8.37860825521505
"2769",21.9298245614035,2018,"GIN","Guinea",3.85050702,6.14852524,4.53709793,4,36.14,42.1242578391144,59.043,933.273615633705,6.83869842219857
"2770",13.7254901960784,2018,"GNB","Guinea-Bissau",2.59429789,2.44074059,4.79536724,7,43.36,46.2927628055895,61.652,808.531613218504,6.69521977932695
"2771",31.8840579710145,2018,"GUY","Guyana",10.71157551,10.32425022,13.01163483,8,26.606,40.7812056262996,68.829,6048.38697180418,8.70754689924575
"2772",2.54237288135593,2018,"HTI","Haiti",4.67501688,4.24969435,4.04498291,6,55.278,47.8797856215597,64.077,1496.38048970156,7.31080446423179
"2773",21.09375,2018,"HND","Honduras",10.8920126,11.1674366,12.34406281,7,57.096,37.7244038691367,72.001,2464.64241531918,7.80980201117464
"2774",12.5628140703518,2018,"HUN","Hungary",9.88092327,9.31328106,9.98601627,10,71.351,46.6778850038468,76.0658536585366,16605.0570511887,9.71746256958867
"2775",11.8081180811808,2018,"IND","India",3.67532182,3.84729862,3.68660474,9,34.03,24.6072440721406,70.415,1966.25455171679,7.58388576929252
"2776",19.8214285714286,2018,"IDN","Indonesia",8.40313911,8.54535389,10.24196243,9,55.325,39.3725217863818,70.08,3860.95353090726,8.25866946068475
"2777",5.88235294117647,2018,"IRN","Iran, Islamic Rep.",22.5409317,19.73072052,21.352211,0,74.898,19.2301556757097,76.621,4631.78709016514,8.44069805320616
"2778",25.2279635258359,2018,"IRQ","Iraq",6.42973948,5.994596,6.15548325,6,70.473,13.7933178335486,71.116,5646.68932074742,8.63882469146863
"2779",22.1518987341772,2018,"IRL","Ireland",18.70609856,20.53943443,20.28728294,10,63.17,45.8719617715699,82.2048780487805,80738.9628834696,11.2989765491853
"2780",27.5,2018,"ISR","Israel",11.75350666,11.89288712,11.68613243,7,92.418,47.4472869695747,82.8024390243903,42362.6652754196,10.6540227173635
"2781",35.7142857142857,2018,"ITA","Italy",13.25070477,13.16985512,12.86749077,10,70.438,42.4358417586601,83.3463414634146,34904.1081923834,10.4603598145117
"2782",17.4603174603175,2018,"JAM","Jamaica",13.03939724,13.3204546,13.98892879,9,55.674,45.2387159590925,71.606,5578.10347525832,8.62660411861744
"2783",10.1075268817204,2018,"JPN","Japan",24.48888969,24.6980896,21.44745827,10,91.616,43.8867336340833,84.2109756097561,39751.1330982711,10.5903936252931
"2784",15.3846153846154,2018,"JOR","Jordan",9.97671986,10.1121769,8.89248657,2,90.979,17.8077044109068,76.491,4145.43989673265,8.32976418901495
"2785",27.1028037383178,2018,"KAZ","Kazakhstan",9.09603882,8.2512455,10.06113434,0,57.428,49.7429570203158,73.369,9472.48527327758,9.15614658820984
"2786",21.7765042979943,2018,"KEN","Kenya",7.21874523,8.22723579,8.91046047,9,27.03,47.4569211260433,62.825,1836.45275528993,7.51559113952175
"2787",17,2018,"KOR","Korea, Rep.",13.69931316,13.87523651,12.99881268,8,81.459,42.557850856393,82.6268292682927,33447.1562836166,10.4177220479998
"2788",3.07692307692308,2018,"KWT","Kuwait",9.01217556,9.16396332,8.65574837,0,100,24.6058951320307,80.1063658536585,32067.9623689512,10.3756127536855
"2789",19.1666666666667,2018,"KGZ","Kyrgyz Republic",7.33437634,7.09393597,6.9168787,8,36.351,41.5722398342617,71.4,1283.5203037417,7.15736181922908
"2790",27.5167785234899,2018,"LAO","Lao PDR",4.19733047,5.16324902,4.27005148,0,35.004,46.783903917608,67.594,2545.1075420815,7.84192818431248
"2791",31,2018,"LVA","Latvia",9.4064827,10.35155773,10.89339066,8,68.142,49.889843489308,74.7829268292683,17252.1710428626,9.75569327209736
"2792",4.6875,2018,"LBN","Lebanon",11.66725445,13.74677753,17.21761131,6,88.593,30.4981318568938,78.263,9174.53666204759,9.12418717159829
"2793",22.1311475409836,2018,"LSO","Lesotho",10.77791023,12.62152004,8.94959354,9,28.153,44.6486226808951,54.638,1170.65569702819,7.06531929562289
"2794",12.3287671232877,2018,"LBR","Liberia",5.16622925,4.19834614,3.74818683,8,51.151,47.5164495605744,60.999,692.203127129794,6.53987944885905
"2795",15.9574468085106,2018,"LBY","Libya",9.27033234,8.36049366,9.74319744,-77,80.102,33.9299468556207,73.151,11196.5854810844,9.32336414304124
"2796",21.2765957446809,2018,"LTU","Lithuania",12.67276096,13.04839516,12.01704693,10,67.679,50.1332108530719,75.680487804878,19247.2315367967,9.86512251310308
"2797",20,2018,"LUX","Luxembourg",10.59996128,10.88702869,10.72465134,10,90.981,46.2153380836971,82.2951219512195,116926.759593905,11.6693030313917
"2798",19.205298013245,2018,"MDG","Madagascar",10.42956638,4.44415092,4.21817684,6,37.191,48.6600088134751,63.491,500.45718552916,6.21552205169795
"2799",16.6666666666667,2018,"MWI","Malawi",8.7133112,7.93860054,6.8733201,6,16.937,49.052294678171,64.464,533.203173686705,6.27890254043745
"2800",13.9013452914798,2018,"MYS","Malaysia",8.45166874,8.52427959,8.6899538,7,76.036,37.2023888659426,75.734,10901.8019954421,9.29668337523604
"2801",8.84353741496599,2018,"MLI","Mali",5.66878557,4.83501434,5.37126255,6,42.356,41.536677336268,58.873,996.379292136901,6.90412800049131
"2802",20.2614379084967,2018,"MRT","Mauritania",4.79712772,6.17791986,5.41649103,0,53.672,33.4648014068791,67.419,1722.93528854073,7.45178467838835
"2803",11.5942028985507,2018,"MUS","Mauritius",10.20625019,9.0032053,8.99296188,10,40.793,38.294260137594,74.4163414634146,11643.4605962124,9.36249997918003
"2804",48.2,2018,"MEX","Mexico",10.41115475,10.31756687,11.5203886,8,80.156,38.0623011187492,74.301,10084.7937553679,9.21878399954636
"2805",22.7722772277228,2018,"MDA","Moldova",12.02570248,12.1204834,12.3761425,9,42.629,54.2720558599505,70.236,4156.44981956646,8.33241658013668
"2806",17.1052631578947,2018,"MNG","Mongolia",7.37636042,6.87808418,6.92067099,10,68.445,44.0080214434021,70.8270731707317,4107.64288528468,8.3206046357421
"2807",23.4567901234568,2018,"MNE","Montenegro",10.53136349,11.52457523,13.1277895,9,66.813,44.6908248567754,77.8853658536585,8790.88152116679,9.081470272473
"2808",20.5063291139241,2018,"MAR","Morocco",7.18196535,7.39498091,7.2206831,1,62.453,24.1215956532721,73.946,3501.69799804688,8.16100327213314
"2809",39.6,2018,"MOZ","Mozambique",5.76476336,6.52197027,7.39718628,6,35.988,52.635250397682,60.79,517.507260258101,6.24902355452536
"2810",10.161662817552,2018,"MMR","Myanmar",3.45481491,3.21384835,3.23196483,8,30.579,39.3094857766703,66.232,1298.21310320785,7.16874406191451
"2811",46.1538461538462,2018,"NAM","Namibia",9.98526669,9.6855526,10.74061012,6,50.032,48.9351470327446,62.579,5308.60813408705,8.57708495823525
"2812",32.7272727272727,2018,"NPL","Nepal",3.81159782,4.03386211,5.6691947,8,19.74,37.3746670587785,69.036,1179.19843190389,7.07259019163762
"2813",36,2018,"NLD","Netherlands",15.57730007,15.88645649,16.17439842,10,91.49,46.7498294472591,81.8121951219512,53955.0770024266,10.895907071957
"2814",38.3333333333333,2018,"NZL","New Zealand",18.96507454,18.72518158,18.85124207,10,86.538,47.0355276127401,81.7073170731707,43257.0769238879,10.6749161272724
"2815",45.6521739130435,2018,"NIC","Nicaragua",18.74295044,18.93509865,18.12579727,7,58.522,38.5966476213823,73.879,2035.16549390507,7.61833241835637
"2816",16.9590643274854,2018,"NER","Niger",8.3492775,9.37940311,10.34436893,6,16.425,41.0468731510247,59.765,578.568035680892,6.36055614677283
"2817",5.55555555555556,2018,"NGA","Nigeria",3.8811214,3.75164723,4.18345547,8,50.344,47.083821350606,52.669,2057.87944554011,7.62943133622345
"2818",38.3333333333333,2018,"MKD","North Macedonia",12.41411114,13.55631161,12.8283596,9,57.963,40.3523798316351,76.6487804878049,6713.98925398989,8.811948577001
"2819",41.4201183431953,2018,"NOR","Norway",17.59609985,17.51844025,17.04553032,10,82.248,47.507795685183,82.7585365853659,82792.8427113304,11.3240968959527
"2820",1.17647058823529,2018,"OMN","Oman",7.25043583,8.59375286,10.24410915,0,84.539,13.4315521114754,79.864,19901.7615642016,9.898563527609
"2821",20.2346041055718,2018,"PAK","Pakistan",4.8980689,4.94922209,5.1218276,7,36.666,20.7379877727044,66.481,1569.33814626355,7.35840924657028
"2822",18.3098591549296,2018,"PAN","Panama",19.895504,21.9387722,20.33550072,9,67.709,40.6103511559364,78.266,16151.3273478476,9.68975751399471
"2823",0,2018,"PNG","Papua New Guinea",7.94931364,6.53682137,6.7297945,5,13.169,47.4415636089029,65.114,2566.36833735041,7.85024708021704
"2824",15,2018,"PRY","Paraguay",15.01426506,14.72033024,16.20088959,9,61.585,41.4062989187085,73.627,6258.44991640954,8.74168781624497
"2825",27.6923076923077,2018,"PER","Peru",14.89298248,15.34553719,16.26494217,9,77.907,45.6939291014444,76.018,6978.49121548627,8.85058801415107
"2826",29.4520547945205,2018,"PHL","Philippines",7.34612989,7.78876352,9.00173473,8,46.907,38.9889894049231,69.761,3168.51036609727,8.06101684036853
"2827",28.0434782608696,2018,"POL","Poland",10.82737446,11.01238155,9.68095493,10,60.058,44.8400422034598,77.6024390243903,15658.210586693,9.65875069652118
"2828",34.7826086956522,2018,"PRT","Portugal",13.3130827,13.62047005,13.75647736,10,65.211,48.9874568142159,81.3243902439024,23541.1401075289,10.0665048124167
"2829",9.75609756097561,2018,"QAT","Qatar",8.67802334,8.38503265,9.53888798,0,99.135,14.6003166094382,82.714,71039.8490579352,11.1709962529163
"2830",20.6686930091185,2018,"ROU","Romania",12.75248241,12.61279774,11.93129635,9,53.998,43.2232455304504,75.3585365853659,12502.2624061935,9.43366489940871
"2831",15.7777777777778,2018,"RUS","Russian Federation",9.76066208,10.19961929,15.01321125,5,74.433,48.465403872578,72.6621951219512,11211.8876953125,9.32472989576221
"2832",61.25,2018,"RWA","Rwanda",8.88277149,8.92867947,9.0438261,0,17.211,47.0387272242798,66.354,771.773511057901,6.64869112752193
"2833",19.8675496688742,2018,"SAU","Saudi Arabia",11.04889965,11.97922897,13.31901741,0,83.844,12.8065932999797,78.75,29360.0658968566,10.2873907271693
"2834",41.8181818181818,2018,"SEN","Senegal",4.96151876,4.37201738,6.48109436,7,47.192,37.8703794572195,67.379,1452.55612562445,7.28108012868484
"2835",34.4,2018,"SRB","Serbia",12.44849491,12.03067684,10.999547,9,56.092,45.4054514216726,75.890243902439,7559.86165747394,8.93060816973021
"2836",12.3287671232877,2018,"SLE","Sierra Leone",3.59921885,5.84172201,5.30239677,8,42.055,48.2062394690151,59.059,845.914540460932,6.74041833850014
"2837",23,2018,"SGP","Singapore",14.53986549,16.24830246,13.85786724,2,100,42.9709262608708,83.2975609756098,66881.6067035265,11.1106792711472
"2838",20,2018,"SVK","Slovak Republic",13.31192684,13.45916462,12.78679562,10,53.726,45.1659887263947,77.2658536585366,19573.3717031314,9.88192533492821
"2839",24.4444444444444,2018,"SVN","Slovenia",13.7872839,14.16629124,13.32282925,10,54.541,45.9933143231475,81.3780487804878,25888.0481065655,10.1615366781138
"2840",2.04081632653061,2018,"SLB","Solomon Islands",9.09770584,9.66636658,10.83963108,9,23.749,47.9894994364881,69.806,2278.20633913383,7.73114371898052
"2841",24.3636363636364,2018,"SOM","Somalia",3.69228196,3.57844925,2.91993523,5,44.971,31.2090548739421,54.767,509.525801898508,6.23348049298703
"2842",42.7480916030534,2018,"ZAF","South Africa",15.28983974,15.28983974,16.88567543,9,66.355,46.5623507993008,65.726,6914.1780318076,8.84132936961601
"2843",39.1428571428571,2018,"ESP","Spain",15.11438084,15.23341274,15.1303215,10,80.321,46.1492504541112,83.4317073170732,30602.4212881113,10.3288344118726
"2844",5.77777777777778,2018,"LKA","Sri Lanka",9.48533821,9.48533821,9.48533821,7,18.476,33.4608113595452,76.485,4358.56095906047,8.3798972266015
"2845",25.4901960784314,2018,"SUR","Suriname",17.44913864,15.04520512,14.35397625,6,66.06,40.7206448950575,71.468,6665.74180472239,8.80473652495258
"2846",46.1318051575931,2018,"SWE","Sweden",18.60806656,18.76601219,18.75689697,10,87.431,47.4983096624344,82.5585365853659,54181.9069780904,10.9001023121051
"2847",32.5,2018,"CHE","Switzerland",11.37870598,11.51255226,11.23975754,10,73.797,46.6082699120322,83.7536585365854,85217.3691512274,11.3529605553174
"2848",13.2,2018,"SYR","Syrian Arab Republic",8.54926872,9.0675993,10.00437069,0,54.162,17.6377553876112,67.371,1098.0668642357,7.00130651660489
"2849",19.047619047619,2018,"TJK","Tajikistan",6.14457893,6.58593607,7.37594461,1,27.134,39.6511508423725,70.737,834.288404578801,6.72657915142813
"2850",37.1794871794872,2018,"TZA","Tanzania",9.41473198,9.43801022,4.94000149,4,33.776,48.906420892517,65.488,1023.10626220703,6.93059863368234
"2851",5.28455284552846,2018,"THA","Thailand",13.00497055,13.27486801,12.14998055,0,49.949,45.2244518811746,77.19,7099.77650081458,8.86781858377543
"2852",33.8461538461538,2018,"TLS","Timor-Leste",4.62115145,4.19340992,6.59020758,9,30.578,45.5628536970034,66.204,1219.46599728983,7.10616833476609
"2853",17.5824175824176,2018,"TGO","Togo",5.4890213,5.38174009,3.85122466,1,41.702,47.9804382686465,60.601,851.130806891807,6.74656582638736
"2854",30.952380952381,2018,"TTO","Trinidad and Tobago",10.66987896,10.23995018,9.56479168,10,53.184,42.6684303613097,72.658,17575.8042838042,9.77427847857938
"2855",31.3364055299539,2018,"TUN","Tunisia",10.78317261,12.07894421,12.49465275,7,68.945,28.7461753716103,75.37,3628.10366464236,8.1964653843225
"2856",17.4496644295302,2018,"TUR","Turkiye",9.36672878,9.71472645,10.67028713,0,75.143,32.2424355619722,77.454,9568.83506330228,9.16626674906496
"2857",24.8,2018,"TKM","Turkmenistan",8.71407223,8.71422386,8.70857811,0,51.593,53.0350892248212,69.272,6125.05169712085,8.72014247572357
"2858",34.2984409799555,2018,"UGA","Uganda",4.16811514,3.13882995,5.55403566,1,23.774,48.915285690397,65.775,792.16570022814,6.67477058739128
"2859",12.2931442080378,2018,"UKR","Ukraine",8.35254765,7.65581417,8.17341805,5,69.352,47.7164807054034,73.569,3059.0517578125,8.02586026385494
"2860",22.5,2018,"ARE","United Arab Emirates",7.91993999,7.91993999,11.41091824,0,86.522,21.1382938906538,82.449,45689.8570049401,10.7296316048728
"2861",32.1538461538462,2018,"GBR","United Kingdom",19.02513695,19.46484375,19.36759186,8,83.398,47.154488279373,81.2560975609756,43315.4874501318,10.6762655278713
"2862",23.5023041474654,2018,"USA","United States",22.54607582,22.42990685,22.49045372,8,82.256,45.1200031396532,78.6390243902439,62875.6661382728,11.0489145019904
"2863",20.2020202020202,2018,"URY","Uruguay",20.28904915,20.1963501,19.83765221,10,95.334,45.8716172851934,77.527,19249.9404677501,9.86526324712674
"2864",16,2018,"UZB","Uzbekistan",7.82814789,8.27828789,10.79321957,0,50.478,35.3226739367633,71.999,1813.08530813664,7.50278526322571
"2865",26.7206477732794,2018,"VNM","Viet Nam",10.21770763,10.19859123,8.42611885,0,35.919,48.73356508939,74.1,3222.31003125366,8.07785378233981
"2866",0,2018,"YEM","Yemen, Rep.",3.29695034,3.65302634,3.6520443,-77,36.642,7.74219178827163,65.915,633.887202450998,6.45187102449349
"2867",17.9640718562874,2018,"ZMB","Zambia",7.52910423,7.57306385,10.56005478,6,43.521,45.3801193496492,62.138,1463.89997855593,7.28885937152878
"2868",31.4814814814815,2018,"ZWE","Zimbabwe",7.85656309,3.93898153,5.21166706,5,32.209,50.3698079720841,60.906,2271.85250365817,7.72835085856916
